atk_soft_attack,atk_hard_attack,atk_breakthrough,atk_org,atk_armor,atk_hardness,atk_supply,def_defense,def_soft_attack,def_hard_attack,def_org,def_piercing,def_entrenchment,def_supply,terrain_mod,fort_level,cas_support,victory
266,344,151,71,65,0.23,0.97,624,86,202,71,5,13,0.4,0.8,2,0,1
220,88,499,39,108,0.4,0.78,889,337,220,45,40,13,0.34,0.6,5,0,0
602,123,409,40,92,0.97,0.85,770,510,221,70,52,11,0.81,0.6,0,0,1
564,30,93,60,26,0.49,0.53,670,516,111,60,100,16,0.52,0.6,0,0,0
600,323,76,74,72,0.15,0.85,154,44,72,65,105,23,0.63,0.8,3,1,1
583,84,361,79,2,0.58,0.72,888,287,150,72,74,13,0.73,0.8,1,1,1
171,298,461,32,104,0.72,0.78,396,382,123,61,73,24,0.98,0.4,0,0,0
777,187,481,53,35,0.39,0.97,368,314,11,41,30,22,0.38,0.9,10,1,1
546,353,158,31,119,0.91,0.49,629,481,273,49,41,23,0.68,0.8,0,0,0
716,303,402,46,43,0.23,0.34,347,306,21,73,35,14,0.73,0.4,5,0,0
549,250,377,46,79,0.69,0.38,176,232,192,55,22,2,0.35,0.8,10,0,1
306,296,211,52,10,0.82,0.49,194,104,149,69,64,14,0.33,0.8,2,0,1
158,233,303,77,103,0.7,0.46,611,498,286,72,40,16,0.55,0.8,0,1,0
157,17,324,37,112,0.69,0.84,355,376,87,67,9,25,0.98,0.9,10,0,0
517,151,254,42,96,0.35,0.97,993,391,215,40,15,18,0.73,0.6,0,0,1
543,104,217,65,105,0.21,0.61,281,295,229,48,67,17,0.3,0.8,10,0,0
711,231,360,60,66,0.54,0.91,712,268,33,42,14,1,0.43,1.0,1,0,1
747,232,470,72,70,0.82,0.5,534,599,131,40,96,5,0.95,0.9,0,0,1
548,288,398,31,118,0.73,0.72,967,266,96,43,81,10,0.63,0.6,3,1,1
744,383,326,47,82,0.59,0.7,763,575,233,38,56,10,0.39,0.8,0,1,1
427,17,132,68,110,0.97,0.8,886,388,70,49,15,24,0.65,1.0,0,0,1
549,173,70,68,96,0.39,0.54,737,366,72,64,6,16,0.47,0.6,0,0,0
96,268,268,60,93,0.37,0.67,452,517,229,34,8,13,0.85,0.9,0,1,1
556,323,213,66,81,0.32,0.76,628,316,24,31,12,5,0.58,0.4,5,1,1
347,221,316,49,79,0.73,0.69,169,488,278,30,35,2,0.99,0.8,0,1,1
547,213,118,32,27,0.22,0.7,978,349,148,60,98,8,0.87,0.4,0,0,0
130,319,383,38,86,0.31,0.78,536,89,280,39,101,7,0.48,0.6,3,1,1
109,196,226,38,34,0.78,0.45,999,269,300,74,78,1,0.34,1.0,10,0,0
543,75,255,69,29,0.74,0.31,281,338,300,76,31,23,0.69,1.0,1,0,1
151,295,117,40,35,0.43,0.35,284,414,270,43,8,0,0.76,1.0,0,1,0
542,285,30,71,27,0.29,0.88,309,350,94,52,72,21,0.34,0.6,0,0,1
207,29,45,71,66,0.85,1.0,706,375,198,61,101,15,0.76,0.6,3,1,0
213,344,307,68,119,0.1,0.79,937,56,176,57,116,1,0.49,0.4,0,0,1
767,248,286,33,101,0.79,0.33,313,589,295,57,97,15,0.37,0.4,5,0,0
238,174,155,73,102,0.3,0.75,965,443,141,71,97,17,0.38,0.6,2,0,0
344,363,341,30,43,0.14,0.39,225,45,254,41,88,5,0.59,0.6,3,1,1
563,105,81,39,15,0.18,0.97,958,97,29,61,94,17,0.72,1.0,3,0,0
89,192,343,32,53,0.9,0.87,383,560,75,75,85,4,0.85,1.0,10,0,0
697,116,421,43,94,0.1,0.45,557,258,271,44,88,15,0.88,0.4,10,1,0
323,15,35,38,110,0.12,0.81,866,45,89,52,94,10,0.32,0.8,0,0,0
733,68,222,73,7,0.45,0.49,696,170,137,74,105,7,0.89,0.4,1,0,0
576,12,218,52,24,0.6,0.62,234,174,147,78,51,25,0.76,1.0,3,1,1
325,234,354,65,7,0.92,0.43,624,260,159,66,82,19,0.67,1.0,1,1,1
376,134,260,48,87,0.32,0.99,741,263,266,74,81,4,0.7,1.0,0,1,1
167,282,400,53,38,0.5,0.91,145,454,36,79,115,14,0.72,1.0,2,0,1
314,200,94,55,61,0.23,0.37,972,309,253,68,47,23,0.92,1.0,3,0,0
579,289,478,62,34,0.35,0.89,855,110,10,31,86,12,0.63,0.8,5,0,1
180,202,192,80,81,0.92,0.38,872,81,112,45,43,21,0.93,0.6,0,0,1
407,285,229,58,108,0.77,0.44,115,527,171,79,89,23,0.68,0.8,1,0,1
425,104,247,56,13,0.02,0.79,612,521,94,79,92,7,0.82,0.8,5,0,0
615,306,243,50,81,0.76,0.45,694,516,42,71,30,9,0.71,1.0,0,0,1
240,316,158,49,92,0.67,0.77,536,509,122,31,13,25,0.33,0.9,0,0,1
286,336,84,69,24,0.15,0.97,330,402,208,51,81,22,0.4,0.4,0,1,1
573,23,234,78,12,0.15,0.78,654,566,300,55,109,19,0.95,1.0,10,1,0
301,393,268,69,97,0.63,0.97,410,129,165,56,104,2,0.71,0.4,1,0,1
402,335,164,46,120,0.68,0.79,555,197,214,33,24,4,0.91,0.6,5,1,1
706,399,422,58,113,0.52,0.49,931,380,158,32,59,18,0.42,0.8,1,0,1
462,337,116,34,20,0.7,0.76,769,43,240,70,3,4,0.92,0.8,2,1,1
711,58,253,76,56,0.66,0.46,921,305,66,51,38,10,0.89,0.9,0,0,1
758,130,249,56,40,0.29,0.37,563,561,283,34,33,3,0.37,0.6,3,1,1
722,332,151,80,17,0.43,0.81,782,455,218,57,93,21,0.97,0.9,0,0,1
648,13,493,62,77,0.32,0.44,999,336,256,48,102,6,0.78,0.9,1,1,1
648,189,242,33,4,0.77,0.74,551,76,270,58,44,11,0.49,1.0,0,1,1
434,318,241,34,80,0.19,0.81,724,562,31,70,73,16,0.46,0.9,0,0,0
389,275,199,71,110,0.84,0.84,283,458,149,74,51,14,0.96,0.8,3,1,1
141,245,464,40,13,0.49,0.4,339,323,213,72,1,12,0.72,0.4,0,0,0
445,245,196,77,61,0.71,0.72,882,259,28,48,53,3,0.9,0.9,0,0,1
525,249,500,33,38,0.73,0.32,172,523,113,72,16,14,0.66,0.6,2,1,1
207,232,347,72,59,0.02,0.71,920,60,64,45,13,20,0.63,0.4,3,1,1
328,182,436,30,87,0.92,0.98,546,169,267,75,20,17,0.57,1.0,1,0,1
146,97,74,63,28,0.43,1.0,981,40,155,37,118,11,0.6,0.9,1,1,1
391,164,157,79,19,0.94,0.53,154,180,195,48,94,6,0.67,0.6,0,0,1
216,184,48,51,40,0.48,0.48,844,306,122,36,110,21,0.4,1.0,2,1,0
698,350,421,39,70,0.45,0.73,383,378,59,34,110,14,0.79,0.4,0,0,1
642,70,252,58,5,0.41,0.39,440,113,150,50,22,1,0.38,1.0,0,0,1
180,10,57,36,71,0.52,0.34,263,152,130,56,24,16,0.99,0.9,0,0,0
727,269,154,71,9,0.85,0.78,657,338,124,75,93,14,0.93,1.0,10,0,0
510,98,140,69,112,0.53,0.49,652,357,233,60,59,23,0.92,0.6,0,0,0
363,14,118,45,80,0.56,0.78,979,529,243,80,96,4,0.83,0.6,0,1,0
66,14,328,41,68,0.65,0.61,532,489,19,30,103,21,0.55,0.4,2,0,0
381,370,241,52,9,0.31,0.99,474,570,124,70,28,25,0.82,0.9,1,1,0
657,302,168,69,20,0.62,0.5,721,169,264,63,51,14,0.46,1.0,10,0,0
211,33,347,72,74,0.46,0.92,705,575,60,38,94,22,0.6,0.6,2,0,0
538,249,81,69,81,0.66,0.61,125,120,195,54,46,24,0.49,0.4,5,1,1
376,270,325,53,76,0.68,0.52,538,327,41,67,20,3,0.58,0.6,0,0,1
495,322,88,55,45,0.11,0.68,227,244,128,45,27,10,0.91,1.0,3,1,1
132,121,258,51,86,0.26,0.7,609,143,281,40,29,17,0.61,0.9,3,0,0
423,250,441,41,81,0.36,0.66,176,541,82,37,51,13,0.48,0.9,0,0,1
295,181,240,41,108,0.36,0.45,428,525,170,42,38,19,0.49,0.6,0,0,0
364,344,472,34,89,0.97,0.94,551,244,106,70,83,15,0.49,0.4,10,0,0
750,255,157,54,87,0.44,0.46,868,220,266,55,21,20,0.84,0.9,0,0,1
414,365,264,44,40,0.83,0.32,536,227,17,52,6,12,0.83,0.6,2,0,0
462,322,164,41,3,0.01,0.41,977,350,153,50,5,13,0.49,1.0,3,0,0
431,310,138,75,4,0.79,0.41,888,437,145,56,49,4,0.45,1.0,2,1,0
658,297,367,36,95,0.0,0.31,185,43,119,53,39,5,0.96,0.8,2,0,1
388,198,95,33,24,0.63,0.62,765,285,154,76,89,18,0.57,0.9,0,0,0
625,211,294,79,43,0.16,0.68,314,161,89,40,75,9,0.98,0.8,0,0,1
86,186,193,42,89,0.28,0.84,989,344,110,32,44,19,0.82,0.6,3,0,0
533,241,499,78,47,0.57,0.52,106,151,12,68,71,22,0.86,0.4,2,0,1
561,313,318,64,16,0.4,0.78,999,462,170,36,109,19,0.3,1.0,10,0,0
54,167,307,31,51,0.52,0.42,580,271,85,44,114,10,0.81,1.0,2,1,0
417,341,431,36,102,0.7,0.7,926,472,85,63,43,23,0.49,0.4,3,0,0
96,153,303,48,30,0.38,0.49,407,343,221,38,26,17,0.95,0.6,0,1,0
615,217,280,53,11,0.88,0.98,304,497,213,34,75,17,0.76,0.6,5,0,1
520,373,173,61,17,0.96,0.63,636,600,71,71,116,9,0.45,0.9,1,1,0
294,364,353,56,19,0.91,0.65,716,421,241,66,15,14,0.41,1.0,10,0,0
125,369,175,37,38,0.63,0.94,301,132,21,48,29,17,0.52,0.6,0,0,1
568,375,63,41,56,0.16,0.64,700,349,86,78,7,5,0.75,0.4,2,0,0
85,29,257,64,76,0.12,0.79,433,202,232,35,82,1,0.56,0.4,10,1,0
268,140,295,74,76,0.91,0.58,735,236,251,51,98,20,0.45,0.4,10,0,0
434,373,466,52,118,0.03,0.4,732,335,26,61,74,15,0.61,0.9,2,0,0
113,294,427,30,86,0.74,0.92,262,448,253,40,65,1,0.44,0.6,2,0,1
580,288,359,69,102,0.79,0.92,540,207,218,47,9,17,0.47,0.6,5,1,1
375,76,225,47,88,0.76,0.92,130,150,118,48,43,9,0.37,0.9,10,0,1
618,103,177,76,113,0.0,0.36,805,333,169,72,82,14,0.45,0.6,0,0,0
502,178,181,54,8,0.54,0.45,431,435,201,47,89,14,0.76,0.8,10,1,0
110,186,449,50,7,0.26,0.73,759,206,62,55,85,13,0.39,1.0,5,0,0
170,214,84,77,92,0.22,0.92,895,350,132,59,113,8,0.56,0.6,0,0,0
62,92,92,30,52,0.49,0.65,361,461,215,72,104,18,0.93,0.9,2,0,0
746,62,152,66,51,0.07,0.52,151,371,234,79,43,15,0.71,1.0,2,1,1
334,188,92,44,102,0.02,0.66,366,146,263,69,27,0,0.43,0.4,10,0,0
107,132,149,54,20,0.71,0.82,941,592,163,46,4,3,0.5,0.4,0,1,0
386,183,306,30,66,0.12,0.4,226,238,35,58,48,20,0.87,0.8,5,0,0
397,11,368,50,86,0.87,0.97,511,589,227,43,14,1,0.4,0.8,2,0,1
572,246,385,70,78,0.18,0.52,376,80,123,64,36,15,0.66,1.0,0,1,1
247,307,33,71,80,0.33,0.32,509,348,68,60,94,2,0.83,0.9,2,0,0
211,89,395,40,86,0.48,0.48,611,505,32,47,51,21,0.4,0.4,0,0,0
644,125,276,53,36,0.23,0.91,532,132,167,41,34,16,0.97,0.6,10,0,0
262,178,282,58,9,0.15,0.58,799,524,91,78,104,15,0.81,0.9,5,1,0
541,67,371,78,91,0.01,0.92,237,553,212,55,67,14,0.77,0.9,5,1,1
220,210,328,43,31,0.01,0.37,466,426,38,65,68,9,0.48,0.9,10,1,0
128,233,391,48,73,0.9,0.81,437,372,46,61,82,19,0.75,0.6,1,0,0
497,45,239,66,41,0.7,0.43,996,496,229,65,31,25,0.5,0.8,0,1,0
252,68,317,51,29,0.21,0.99,390,363,254,50,56,7,0.94,0.9,3,1,1
93,193,478,45,68,0.79,1.0,540,536,215,70,23,5,0.71,0.4,5,1,0
415,350,300,45,48,0.1,0.62,184,563,79,52,94,24,0.69,0.4,5,0,0
103,58,397,62,69,0.97,0.97,966,449,53,59,51,2,0.61,0.4,1,0,0
257,366,458,43,70,0.48,0.35,923,207,89,75,12,9,0.63,0.9,5,0,0
668,349,225,44,18,0.56,0.5,123,517,262,45,8,25,0.71,0.8,1,0,1
785,294,314,73,46,0.58,0.5,175,385,282,68,31,23,0.34,1.0,2,1,1
61,325,359,45,36,0.84,0.67,226,457,126,55,103,12,0.93,1.0,2,0,0
291,214,417,61,70,0.74,0.9,979,358,288,35,63,21,0.87,1.0,5,0,0
237,322,433,52,96,0.31,0.31,503,155,15,76,34,11,0.81,1.0,0,0,1
308,247,271,31,13,0.07,0.85,197,521,157,49,87,0,0.71,0.4,5,0,0
67,218,454,76,67,0.02,0.87,565,517,256,49,33,10,0.6,0.9,3,1,0
57,278,48,74,57,0.2,0.93,463,334,70,61,56,3,0.86,1.0,0,0,0
640,247,170,75,47,0.01,0.43,666,470,123,37,46,6,0.64,1.0,1,0,1
296,279,396,71,85,0.4,0.68,304,473,34,70,120,8,0.5,0.8,0,1,1
680,89,123,66,47,0.93,0.92,536,528,195,52,32,10,0.47,0.8,10,0,0
549,392,38,59,71,0.88,0.76,200,89,119,44,15,12,0.74,0.8,0,0,1
611,352,424,61,20,0.95,0.75,196,114,254,48,43,20,0.53,0.4,0,1,1
252,114,84,62,56,0.09,0.4,368,533,112,41,45,22,0.94,0.8,3,0,0
282,287,431,77,70,0.38,0.65,985,535,133,46,55,18,0.71,0.9,10,0,0
769,228,302,30,55,0.37,0.57,230,443,144,79,48,13,0.84,0.8,5,1,0
468,163,472,35,120,0.07,0.75,767,580,221,59,57,15,0.3,0.4,3,1,0
172,361,221,70,60,0.1,0.78,802,214,212,59,47,22,0.53,0.4,2,0,0
569,264,345,62,5,0.53,0.37,200,117,222,30,60,18,0.83,0.8,5,0,1
314,132,97,68,110,0.74,0.86,353,315,29,40,37,11,1.0,0.4,0,1,1
710,114,403,75,44,0.45,0.58,163,442,64,51,88,10,0.37,1.0,10,0,1
735,227,303,63,76,0.37,0.48,639,68,212,41,64,10,0.76,0.4,0,1,1
506,222,177,67,18,0.54,0.64,174,180,169,38,46,13,0.47,0.8,0,1,1
370,33,432,66,79,0.24,0.5,882,298,281,77,6,25,0.62,0.6,0,0,0
507,342,343,65,6,0.1,0.98,205,511,120,74,88,20,0.98,1.0,3,0,1
387,235,216,49,87,0.42,0.86,860,409,16,69,9,23,0.61,1.0,0,0,1
572,164,147,38,17,0.38,0.68,548,263,192,53,109,20,0.51,0.8,3,1,0
763,244,474,80,103,0.1,0.35,549,232,112,48,16,13,0.44,0.8,5,0,1
94,385,315,58,31,0.51,0.92,925,278,296,46,59,20,0.7,0.8,0,0,0
459,358,62,66,38,0.95,0.69,359,478,82,64,8,3,0.83,0.8,5,0,0
330,92,304,47,12,0.3,0.86,430,447,149,71,76,25,0.74,0.6,0,0,0
299,344,322,70,4,0.74,0.77,201,363,216,61,35,13,0.76,0.9,1,1,1
242,141,206,69,9,0.76,0.59,107,567,48,61,65,18,0.63,0.4,5,0,0
401,248,197,45,36,0.55,0.97,126,230,175,31,79,8,0.94,0.4,10,0,0
366,247,467,52,66,0.29,0.48,141,125,287,53,41,12,0.43,0.6,3,0,1
331,200,82,39,16,0.74,0.66,925,134,193,40,14,23,0.79,0.8,0,0,0
643,397,321,55,5,0.89,0.92,671,502,13,42,9,20,0.47,0.9,3,1,1
130,100,342,59,67,0.84,0.7,671,93,211,77,6,15,0.3,1.0,3,0,1
531,395,124,32,76,0.41,0.7,181,266,220,73,27,12,0.73,0.8,5,1,0
778,311,47,35,65,0.09,0.71,156,394,95,48,42,21,0.83,0.8,0,0,0
331,274,387,75,72,0.7,0.34,903,417,15,31,22,21,0.37,0.9,3,0,1
197,189,277,55,111,0.35,0.53,326,593,212,34,39,16,0.33,0.9,0,1,1
75,325,456,66,99,0.89,0.55,421,457,169,39,57,14,0.98,0.6,10,0,0
121,104,164,80,3,0.01,0.46,349,128,76,69,61,23,0.46,0.6,0,1,0
128,39,118,44,7,1.0,0.79,360,467,119,63,19,19,0.35,0.6,1,0,0
721,159,302,76,30,0.72,0.82,767,506,191,37,114,22,0.54,0.9,10,0,0
394,138,190,69,55,0.75,0.97,434,577,52,72,98,12,0.99,0.8,1,1,0
136,40,317,53,95,0.61,0.85,417,251,121,54,11,18,0.63,0.4,0,0,1
234,295,56,63,23,0.58,0.93,118,318,234,45,71,15,0.62,0.6,0,1,1
310,219,334,65,111,0.09,0.86,693,591,148,43,50,7,0.99,0.9,0,0,1
649,184,454,69,10,0.38,0.46,524,545,13,71,96,12,0.46,0.9,0,0,1
191,45,391,54,1,0.07,0.77,152,432,194,77,114,6,0.48,0.6,10,0,0
151,75,92,35,65,0.71,0.86,262,454,183,76,41,23,0.93,0.6,1,0,0
613,212,139,55,118,0.62,0.34,535,312,193,53,70,24,0.32,0.6,2,0,1
480,195,93,34,40,0.1,0.6,685,539,181,36,68,3,0.67,1.0,1,0,0
264,133,319,76,5,0.11,0.31,924,225,121,71,58,9,0.6,0.6,1,0,0
640,349,219,67,75,0.03,0.49,968,221,215,54,40,3,0.91,0.6,10,0,0
253,323,256,48,70,0.2,0.36,497,486,272,63,32,9,1.0,0.9,3,0,0
713,38,262,46,53,0.08,0.91,149,57,113,30,58,9,0.93,0.8,2,0,1
82,186,170,41,48,0.62,0.75,453,83,62,73,79,23,0.77,0.6,2,0,0
195,112,435,35,5,0.89,0.91,416,233,198,66,8,22,0.38,1.0,2,1,1
667,385,124,78,48,0.46,0.83,544,340,68,72,97,6,1.0,0.9,1,1,1
140,245,262,47,52,0.22,0.54,708,409,192,75,55,4,0.82,1.0,3,1,0
522,110,172,69,1,0.24,0.95,764,85,209,66,30,10,0.4,0.8,0,0,1
761,397,282,50,19,0.4,0.75,861,576,111,49,44,0,0.56,0.6,0,0,1
56,13,285,64,59,0.45,0.97,750,324,80,71,72,15,0.68,0.6,0,0,0
632,106,375,34,77,0.51,0.99,523,420,276,73,102,13,0.39,0.8,0,0,1
70,141,151,60,119,0.22,0.58,901,522,76,80,25,18,0.63,0.6,0,0,0
157,224,106,69,72,0.79,0.97,750,480,85,75,82,11,0.97,0.9,10,0,0
442,73,458,72,39,0.31,0.53,608,171,205,40,113,25,0.39,0.4,10,0,0
467,173,281,76,27,0.68,0.52,871,182,240,46,3,2,0.54,1.0,1,0,1
339,134,288,76,63,0.76,0.8,908,137,163,76,26,17,0.35,0.9,0,1,1
371,326,252,59,42,0.78,0.91,544,172,18,56,99,25,0.47,1.0,10,1,0
643,140,408,48,12,0.21,0.33,743,504,205,40,85,23,0.46,0.9,0,0,1
471,92,238,35,67,0.67,0.85,327,201,150,52,39,10,0.74,0.4,1,1,1
714,222,327,55,37,0.54,0.61,715,86,139,35,19,18,0.81,0.8,2,0,1
365,31,154,70,18,0.75,0.6,350,448,115,67,40,6,0.4,0.6,3,0,0
390,99,358,75,58,0.2,0.36,630,315,140,44,45,12,0.35,0.8,0,0,1
693,257,403,50,3,0.38,0.65,904,422,65,37,60,6,0.41,0.6,2,1,1
80,354,382,59,3,0.36,0.9,612,392,230,58,53,9,0.58,0.6,0,0,0
248,264,143,41,12,0.31,0.84,594,47,150,74,61,20,0.93,1.0,5,0,0
399,75,488,70,44,0.07,0.67,270,403,260,52,116,25,0.52,0.8,5,1,1
617,36,352,56,84,0.32,0.36,137,60,17,73,73,23,0.62,1.0,0,1,1
352,255,324,78,120,0.42,0.74,661,280,67,49,70,16,0.63,0.6,5,0,1
513,386,252,40,24,0.4,0.89,981,234,277,50,34,8,0.95,1.0,5,0,0
160,377,389,69,46,0.66,0.84,444,410,176,67,12,10,0.63,0.9,0,1,1
445,257,151,73,56,0.7,0.37,450,525,280,59,29,15,0.82,0.6,10,0,0
438,318,72,50,44,0.9,0.93,503,555,269,59,68,8,0.42,1.0,3,0,0
782,275,278,80,87,0.9,0.67,362,589,147,67,43,12,0.39,1.0,0,0,1
66,389,434,53,13,0.56,0.91,785,239,274,61,84,8,0.62,0.4,5,0,0
100,151,222,59,116,0.18,0.62,826,406,227,50,45,5,0.89,0.6,2,1,0
201,26,456,47,88,0.55,0.61,493,593,42,76,35,2,0.66,0.4,0,0,0
788,141,151,71,37,0.45,0.48,490,364,269,50,74,7,0.83,0.9,2,1,1
516,251,302,67,11,0.5,0.79,899,229,193,63,35,2,0.93,0.8,0,1,1
453,175,483,42,95,0.78,0.56,371,482,238,80,54,24,0.37,0.9,0,1,1
547,331,103,60,94,0.67,0.95,314,183,290,46,80,10,0.81,0.4,1,0,1
271,200,475,63,70,0.74,0.88,879,556,263,50,28,13,0.67,0.9,3,0,1
705,168,175,33,67,0.48,0.83,616,183,66,52,21,25,0.68,0.4,1,0,1
548,63,205,53,8,0.28,0.72,116,507,41,78,38,7,0.47,0.8,0,1,1
694,235,499,40,21,0.09,0.47,642,575,219,45,85,20,0.3,1.0,0,0,1
426,242,279,62,17,0.65,0.39,115,476,97,68,85,23,0.96,0.9,0,1,1
221,379,187,55,59,0.71,0.97,541,415,65,60,51,5,0.57,0.9,2,0,1
505,302,44,80,93,0.43,0.36,498,326,210,60,21,10,0.41,1.0,0,0,1
443,12,449,47,12,0.22,0.54,660,180,43,46,111,8,0.41,0.6,2,1,1
787,155,326,70,8,0.31,0.39,854,386,172,32,21,17,0.79,0.6,5,0,0
263,174,465,79,34,0.81,0.76,223,413,105,64,74,18,0.48,0.9,2,0,1
543,242,238,62,0,0.26,0.97,822,597,107,75,35,2,0.3,1.0,0,0,1
251,342,141,61,18,0.48,0.47,952,381,137,46,31,10,0.75,0.9,5,0,0
534,105,253,71,15,0.04,0.38,775,283,273,68,76,24,0.96,0.6,1,0,0
466,128,339,31,21,0.14,0.98,743,450,59,48,85,18,0.78,0.8,5,1,0
306,293,394,74,45,0.84,0.48,686,417,51,63,2,22,0.56,0.9,5,1,0
784,178,234,66,23,0.36,0.7,826,273,32,37,31,9,0.54,0.9,2,0,1
575,112,418,38,64,0.98,0.98,531,455,223,42,74,18,0.49,1.0,2,0,1
225,359,201,36,103,0.71,0.5,572,84,100,71,6,5,0.57,0.8,0,1,1
755,309,393,53,28,0.04,0.48,533,43,96,49,85,2,0.52,0.4,3,0,1
468,18,315,40,120,0.1,0.48,989,413,252,64,1,2,0.87,0.8,0,0,0
296,123,413,51,57,0.75,0.35,820,449,269,58,96,22,0.69,0.9,0,0,0
773,139,201,73,101,0.99,0.76,487,222,99,52,36,25,1.0,0.6,1,0,1
65,223,218,33,97,0.01,0.79,737,482,89,48,110,7,0.53,0.4,10,1,0
516,205,241,75,8,0.94,0.33,927,395,48,40,109,7,0.76,0.9,0,0,1
713,299,156,73,9,0.05,0.51,376,273,144,43,6,25,0.73,0.4,0,0,1
661,317,181,48,92,0.04,0.58,692,555,137,70,92,4,0.97,0.6,5,0,0
182,379,406,65,72,0.54,0.4,416,496,89,43,64,25,0.41,0.8,5,0,0
472,101,455,73,78,0.39,0.87,681,504,74,44,11,18,0.74,0.4,1,0,1
364,13,496,57,4,0.15,0.44,302,175,237,40,28,2,0.62,0.4,5,0,0
56,236,202,72,104,0.72,0.52,954,295,60,73,26,12,0.86,0.6,0,1,0
254,223,339,38,16,0.74,0.33,679,402,43,47,119,13,0.7,1.0,1,1,0
588,115,285,65,10,0.9,0.84,571,216,86,79,90,2,0.76,0.4,2,0,1
279,331,454,69,0,0.12,0.63,543,381,30,49,118,13,0.69,0.4,0,0,1
534,193,424,79,95,0.36,0.47,191,455,277,59,20,14,0.36,0.6,1,0,1
723,389,39,51,63,0.1,0.35,798,298,127,62,1,21,0.42,0.8,10,1,0
574,16,500,53,103,0.94,0.67,375,449,118,41,95,9,0.62,0.9,3,0,1
281,239,73,62,117,0.91,0.57,848,278,178,66,97,25,0.67,0.8,0,0,0
284,337,92,76,88,0.84,0.47,427,600,51,33,32,0,0.83,1.0,3,0,1
322,104,410,33,119,0.85,0.93,837,499,118,73,38,20,0.73,0.4,10,1,0
430,322,154,67,55,0.07,0.92,440,517,94,68,100,13,0.66,0.8,10,0,0
765,20,373,31,84,0.35,0.42,155,384,246,46,34,18,0.85,0.9,10,0,0
559,229,301,75,53,0.96,0.46,152,426,79,34,115,5,0.8,0.4,2,0,1
109,245,432,73,59,0.35,0.78,170,440,70,73,66,9,0.75,0.8,10,0,0
355,331,300,52,94,0.7,0.97,808,192,45,32,20,10,0.71,0.4,2,0,1
264,27,243,73,42,0.32,0.66,469,281,83,69,13,8,0.33,0.8,0,0,1
555,62,490,69,19,0.95,0.78,809,368,139,38,102,17,0.91,0.6,10,1,0
576,146,468,75,52,0.98,0.4,289,545,37,38,88,8,0.48,0.8,0,0,1
720,153,34,33,26,0.43,0.95,659,188,52,39,118,8,0.42,1.0,3,0,0
124,165,412,35,120,0.69,0.68,937,483,50,65,116,0,0.55,0.6,1,0,0
320,16,319,80,33,0.18,0.49,674,173,36,38,43,16,0.89,0.8,2,1,1
629,190,293,40,30,0.32,0.65,688,491,16,50,101,9,0.88,1.0,1,0,0
278,299,399,56,91,0.94,0.95,246,461,120,45,37,14,0.38,1.0,0,0,1
667,171,324,33,3,0.39,0.42,381,96,100,61,23,18,1.0,1.0,10,0,0
398,215,182,45,84,0.06,0.4,529,198,154,80,52,8,0.64,0.6,3,1,0
278,47,129,64,3,0.1,0.71,656,259,192,40,74,10,0.76,0.6,10,0,0
551,336,59,36,83,0.58,0.59,702,579,238,33,62,22,0.69,0.6,3,1,0
126,20,500,60,89,0.51,0.52,562,575,76,78,16,9,0.71,1.0,5,0,0
381,134,240,35,75,0.39,0.37,890,485,135,62,73,15,0.95,0.6,5,0,0
765,25,105,60,18,0.12,0.84,450,123,57,47,6,1,0.43,1.0,0,0,1
569,169,293,37,81,0.23,0.31,777,56,13,64,94,2,0.7,0.6,0,1,1
287,157,172,65,103,0.91,0.84,342,272,154,75,39,0,0.41,0.4,10,1,0
489,35,248,40,11,0.64,0.33,837,157,252,53,120,22,0.72,0.4,2,1,0
630,147,299,67,67,0.33,0.65,909,234,220,39,43,19,0.62,0.4,1,0,1
97,193,230,70,36,0.39,0.97,211,579,280,35,113,14,0.35,0.8,0,0,1
165,210,360,51,48,0.97,0.96,587,595,104,61,54,2,0.47,0.6,2,0,0
129,61,293,71,39,0.58,0.58,902,458,289,70,7,18,0.93,0.9,0,0,0
214,17,282,64,41,0.1,0.45,904,450,107,50,82,20,0.32,0.9,5,0,0
307,156,262,75,18,0.47,0.66,766,435,131,59,1,2,0.74,0.6,1,1,1
458,182,491,68,37,0.41,0.71,279,408,204,32,21,12,0.98,0.6,3,0,1
328,317,156,62,5,0.22,0.79,711,193,166,31,55,15,0.99,0.4,1,0,0
249,80,211,49,90,0.49,0.53,664,189,105,77,56,21,0.97,1.0,5,0,0
798,339,338,45,20,0.7,0.94,138,578,66,50,36,23,0.32,0.4,2,1,1
255,307,85,70,14,0.59,0.77,584,418,288,30,61,17,0.38,0.6,1,0,1
612,298,175,61,42,0.63,0.91,490,302,137,48,58,8,0.98,1.0,0,0,1
667,104,115,67,67,0.54,0.68,482,286,108,52,83,2,0.55,0.6,3,1,1
69,111,254,68,16,0.31,0.49,976,559,93,44,114,9,0.58,0.4,1,0,0
320,139,468,70,68,0.59,0.57,233,408,217,74,73,7,0.41,0.4,0,0,1
264,29,356,34,66,0.27,0.55,725,361,212,70,102,16,0.8,0.4,2,1,0
304,326,478,45,60,0.21,0.5,666,302,112,58,113,25,0.96,0.9,0,1,0
227,71,364,48,113,0.54,0.66,431,261,206,56,15,17,0.73,0.9,0,1,1
553,281,500,31,109,0.4,0.44,723,537,78,32,39,14,0.87,0.9,10,0,0
245,175,177,45,82,0.68,0.62,212,510,227,73,49,7,0.42,0.6,0,0,1
641,363,295,37,61,0.7,0.92,555,301,118,45,116,19,0.72,0.9,0,0,1
388,303,433,58,109,0.94,0.98,691,342,27,70,42,2,0.43,0.6,10,1,0
506,65,85,49,104,0.43,0.57,164,279,174,33,99,17,0.95,0.6,5,0,1
669,240,192,44,82,0.71,0.48,370,394,217,76,35,24,0.89,0.8,5,0,0
276,356,303,64,54,0.56,0.8,596,305,79,48,5,17,0.66,1.0,3,0,1
207,192,400,59,81,0.42,0.56,425,271,217,39,66,2,0.43,0.8,0,0,1
117,134,100,79,35,0.38,0.97,499,498,158,67,53,10,0.32,0.6,0,0,0
607,218,330,75,90,0.09,0.8,606,118,192,74,93,4,0.51,0.9,5,0,1
428,399,386,70,78,0.78,0.44,208,87,51,67,104,1,0.85,0.9,0,0,1
584,248,357,74,61,0.73,0.51,200,157,39,36,107,1,0.46,1.0,2,0,1
797,126,58,76,25,0.17,0.77,755,470,48,73,114,11,0.65,0.4,1,0,0
724,39,177,48,114,0.16,0.68,553,490,229,73,117,10,0.72,0.6,1,0,0
305,136,332,47,31,0.27,0.6,236,500,285,74,120,13,0.73,0.8,0,0,0
62,86,252,52,87,0.01,0.61,657,72,56,56,110,22,0.63,0.8,10,0,0
317,250,70,80,23,0.01,0.35,102,436,200,34,33,0,0.61,0.9,0,0,1
95,302,138,37,83,0.62,0.38,433,598,73,78,88,20,0.77,0.4,0,0,0
373,243,255,42,46,0.66,0.62,689,238,297,52,101,22,0.32,0.9,3,0,1
730,399,446,45,68,0.33,0.93,829,130,263,77,117,1,0.67,0.6,1,0,1
555,271,372,72,20,0.19,0.55,759,579,40,76,9,6,0.59,0.4,1,1,0
374,278,300,54,66,0.37,0.73,196,130,133,80,20,16,0.81,0.8,10,1,1
228,367,243,49,32,0.39,0.45,346,191,299,53,65,25,0.42,0.8,0,0,1
294,112,158,61,76,0.32,0.56,901,189,229,58,73,21,0.49,1.0,0,0,1
167,178,210,69,74,0.16,0.49,513,293,35,61,107,24,0.8,1.0,0,0,0
721,125,144,74,54,0.87,0.32,170,467,133,80,63,25,0.71,0.4,0,1,0
175,296,480,50,92,0.36,0.48,517,268,281,35,9,20,0.48,0.8,1,0,1
93,193,62,59,73,0.6,0.95,883,135,146,35,73,0,0.49,0.4,0,0,0
68,290,84,45,12,0.62,0.91,185,123,19,44,67,20,0.37,0.9,2,0,1
265,34,228,76,61,0.21,0.75,406,137,272,61,49,4,0.48,0.6,10,0,0
261,53,383,67,118,0.74,0.71,948,97,166,42,108,22,0.63,0.4,5,0,0
610,399,490,77,88,0.54,0.93,151,417,198,43,67,4,0.72,0.8,0,1,1
494,236,265,49,8,0.91,0.49,256,529,236,74,11,4,0.86,0.8,3,0,0
165,139,148,62,33,0.19,0.4,157,336,287,71,82,3,0.88,0.6,0,0,0
374,309,125,33,78,0.38,0.67,653,242,83,40,108,1,0.99,1.0,0,0,0
391,134,458,72,47,0.9,0.34,754,166,244,37,113,17,0.39,0.9,5,0,1
117,38,72,67,51,0.43,0.71,654,373,149,46,73,23,0.4,0.9,2,0,0
103,196,378,53,58,0.95,0.56,351,293,91,63,101,23,0.98,0.4,1,0,0
693,39,473,35,61,0.88,0.9,666,398,64,40,72,3,0.95,1.0,0,1,1
632,132,347,57,43,0.51,0.67,504,494,162,41,64,18,0.95,0.8,0,0,1
276,231,30,64,62,0.68,0.4,679,580,172,74,87,5,0.41,1.0,0,0,0
113,187,94,76,88,0.16,0.85,442,580,37,43,42,4,0.88,0.8,2,1,0
413,66,247,78,116,0.23,0.51,808,164,283,66,36,11,0.51,0.6,0,0,1
728,334,446,60,45,0.35,0.83,157,545,117,50,118,2,0.56,0.4,10,0,1
193,318,359,35,86,1.0,0.59,439,314,17,49,7,10,0.39,0.8,0,0,1
406,396,343,54,119,0.28,0.52,480,180,295,78,24,25,0.97,0.4,3,0,0
575,191,227,66,100,0.58,0.46,177,250,223,39,40,1,0.37,0.9,10,0,1
601,183,446,64,69,0.74,0.38,933,76,280,45,51,13,0.71,0.4,3,0,1
535,328,337,57,113,0.32,0.74,323,527,184,75,113,12,0.78,0.9,5,1,0
92,119,349,30,2,0.09,0.77,486,229,71,80,55,22,0.93,0.9,3,1,0
418,47,462,39,40,0.97,0.62,727,66,47,36,14,21,0.33,0.8,5,0,1
675,172,379,42,12,0.69,0.91,119,331,155,33,37,17,0.37,0.6,3,1,1
213,179,254,30,41,0.56,0.38,632,580,277,69,26,13,0.59,0.4,3,0,0
187,393,181,77,102,0.4,0.38,532,286,117,48,54,7,0.78,0.4,2,1,0
733,31,145,36,56,0.51,0.97,822,348,177,55,70,11,0.68,0.8,3,1,0
355,322,66,57,98,0.92,0.42,709,437,162,79,97,11,0.8,0.8,3,0,0
471,142,412,75,42,0.93,0.39,508,533,18,70,38,24,0.61,0.4,5,1,0
394,136,117,64,0,0.21,0.38,472,286,95,60,59,8,0.95,0.9,2,1,0
589,184,252,49,46,0.93,0.51,568,401,241,48,62,3,0.46,0.4,5,0,0
589,50,107,63,57,0.37,0.5,724,141,146,71,77,5,0.57,0.8,5,0,0
168,283,336,77,40,0.88,0.36,592,527,68,43,31,8,0.45,0.9,2,1,1
618,116,170,41,67,0.38,0.79,351,185,167,40,0,4,0.91,0.4,1,0,1
125,227,276,31,53,0.72,0.65,810,254,36,49,107,22,0.84,1.0,1,1,0
413,288,242,30,75,0.6,0.93,718,143,28,68,83,7,0.64,0.9,0,1,1
574,91,317,73,49,0.82,0.76,105,466,19,41,40,10,0.3,1.0,10,0,1
545,294,413,77,22,1.0,0.48,344,535,187,80,63,21,0.92,0.4,5,0,0
652,316,440,73,101,0.61,0.97,865,503,158,76,34,19,0.94,0.8,0,1,1
411,37,78,55,9,0.35,0.68,859,75,35,57,97,6,0.68,1.0,0,0,1
625,378,354,45,86,0.46,0.69,492,489,117,46,69,21,0.64,1.0,0,1,1
770,133,35,49,109,0.84,0.81,588,217,67,79,35,10,0.55,0.4,1,0,0
789,183,240,58,59,0.86,0.64,790,467,158,56,89,14,0.34,0.9,5,1,0
750,84,214,37,55,0.62,0.37,572,499,204,36,118,1,0.97,0.4,2,0,0
654,341,321,67,14,0.51,0.63,386,249,234,44,51,20,0.66,0.4,1,0,1
71,374,254,40,97,0.91,0.7,747,144,79,45,57,17,0.7,0.9,2,1,1
119,335,96,51,99,0.89,0.73,987,495,67,72,108,20,0.48,0.9,3,0,0
203,64,260,63,7,0.95,0.42,346,573,125,67,51,10,0.84,0.6,10,0,0
737,252,301,62,41,0.83,0.54,621,222,19,34,91,19,0.95,0.6,0,0,1
249,289,247,37,102,0.08,0.74,891,378,77,53,69,12,0.61,0.6,0,0,0
504,340,93,55,93,0.36,0.77,709,318,102,71,63,11,0.99,0.6,3,1,0
262,366,442,59,82,0.55,0.82,612,424,158,55,42,25,0.95,0.4,3,0,0
89,35,455,65,38,0.68,0.98,806,225,22,64,93,14,0.69,0.6,0,1,0
233,320,111,69,89,0.36,0.39,339,571,88,76,98,20,0.96,0.8,0,0,0
716,234,143,35,57,0.95,0.73,515,125,33,76,56,7,0.81,0.4,5,1,0
268,74,456,74,32,0.07,0.39,746,474,255,32,32,23,0.42,0.6,1,0,1
220,107,443,60,56,0.97,0.63,222,249,86,74,37,0,0.75,0.6,0,1,1
257,183,128,51,62,0.66,0.66,688,439,182,51,120,21,0.87,0.6,3,0,0
506,321,421,38,27,0.33,0.61,932,41,143,56,1,5,0.93,0.9,1,0,1
593,236,138,64,114,0.94,0.4,270,221,194,71,2,4,0.92,0.6,0,1,1
622,290,107,42,71,0.22,0.35,378,364,13,39,35,23,0.36,0.6,5,0,0
688,156,156,53,54,0.93,0.38,183,494,28,44,108,4,0.81,0.6,3,0,1
94,337,477,41,62,0.61,0.97,446,419,192,79,63,12,0.87,1.0,5,0,0
789,119,244,55,39,0.29,0.5,470,247,269,38,32,17,0.66,0.9,0,0,1
567,279,358,40,76,0.29,0.73,1000,430,100,73,108,14,0.64,0.9,1,0,0
639,74,485,70,87,0.45,0.72,768,194,181,54,64,11,0.54,0.6,5,0,1
799,55,191,32,25,0.56,0.58,749,137,279,63,112,13,0.9,0.8,10,0,0
312,121,124,56,76,0.74,0.64,748,396,116,35,14,22,0.61,0.4,0,1,0
349,385,107,40,96,0.18,0.74,146,42,96,74,101,14,0.94,0.6,0,0,1
572,232,348,73,7,0.39,0.6,340,597,96,65,96,22,0.66,0.6,1,0,1
90,271,73,35,8,0.68,0.47,791,552,199,34,104,10,0.78,0.9,3,0,0
470,339,68,38,75,0.87,0.63,622,523,297,57,42,13,0.47,0.8,0,0,0
541,64,261,44,81,0.21,0.4,318,547,139,76,32,8,0.6,0.6,10,1,0
772,253,384,38,109,0.13,0.62,878,196,82,63,88,9,0.94,0.8,10,1,0
485,255,277,78,43,0.96,0.6,218,102,186,38,7,9,0.8,0.8,0,0,1
438,201,95,59,103,0.19,0.81,531,255,43,79,83,23,0.71,0.8,10,0,0
487,119,274,77,87,0.96,0.92,113,121,42,41,99,9,0.97,0.9,5,0,1
314,319,444,47,38,0.21,0.98,112,220,213,31,109,25,0.8,0.4,0,1,1
169,352,261,80,84,0.57,0.56,150,305,228,57,94,7,0.36,0.4,1,0,1
796,184,282,74,49,0.79,0.9,433,358,148,59,1,24,0.65,0.9,3,0,1
323,26,470,53,26,0.48,0.89,956,105,144,42,16,3,0.7,0.6,0,0,1
765,254,308,31,120,0.42,0.86,786,349,34,63,24,2,0.74,0.6,0,0,1
182,366,114,61,68,0.53,0.52,474,236,288,56,77,5,0.39,0.6,5,1,0
458,164,480,74,61,0.95,0.56,580,195,29,52,57,6,0.64,0.8,1,0,1
427,264,270,64,85,0.54,0.95,571,569,108,68,42,18,0.85,1.0,2,0,1
279,346,497,72,106,0.97,0.35,419,115,45,35,45,5,0.69,0.8,1,1,1
63,317,119,43,118,0.32,0.54,750,293,14,31,14,2,0.88,0.4,2,0,0
329,103,64,48,12,0.86,0.71,564,165,56,44,79,12,0.92,1.0,2,1,0
707,260,276,56,41,0.55,0.7,935,445,211,69,12,14,0.66,0.9,5,0,0
221,43,123,80,11,0.15,0.96,738,96,60,70,108,15,0.78,0.4,1,0,0
426,86,430,77,11,0.69,0.87,265,43,175,59,31,12,0.85,0.6,2,0,1
172,127,353,78,112,0.78,0.34,419,186,172,39,51,3,0.44,0.6,2,0,1
659,305,143,76,16,0.96,0.33,779,275,235,65,81,1,0.85,1.0,1,0,0
252,334,398,31,19,0.94,0.3,789,441,48,73,100,15,0.91,0.9,3,1,0
487,35,300,75,30,0.39,0.84,914,578,100,71,72,7,0.72,0.6,0,1,0
550,217,178,30,52,0.47,0.81,875,230,134,32,84,17,0.53,0.4,0,1,0
684,375,286,35,8,0.36,0.73,316,89,77,37,100,22,0.56,0.6,0,0,1
452,62,171,41,32,0.1,0.62,687,207,203,61,8,16,0.48,0.9,0,0,0
77,224,223,41,87,0.42,0.53,846,300,136,66,32,12,0.86,0.9,0,0,0
786,31,51,31,73,0.49,0.75,958,307,160,34,106,21,0.59,0.6,1,0,0
219,58,288,30,114,0.71,0.56,334,347,292,53,63,7,0.95,1.0,0,0,0
443,63,184,64,17,0.83,0.4,316,56,21,40,65,19,0.92,0.9,0,0,1
369,189,434,49,44,0.73,0.87,206,544,300,48,67,4,0.35,0.4,0,0,1
52,301,244,68,76,0.14,0.95,373,164,260,57,19,16,0.59,1.0,0,0,1
149,203,240,44,111,0.58,0.46,511,349,154,79,12,16,0.41,0.4,2,1,0
84,86,261,68,99,0.3,0.32,668,202,55,75,42,12,0.92,0.6,2,1,0
576,323,177,41,69,0.5,0.44,770,93,160,49,61,12,0.85,0.4,3,0,0
134,393,178,39,24,0.67,0.98,945,587,212,45,27,24,0.84,0.9,5,0,0
734,219,356,33,94,0.74,0.48,141,342,113,64,61,11,0.52,1.0,0,0,1
474,174,371,47,42,0.77,0.58,802,230,93,45,71,13,0.55,0.6,0,0,1
294,240,348,38,110,0.38,1.0,903,162,143,51,103,3,0.67,0.6,0,1,1
318,389,342,55,53,0.0,0.54,628,593,216,69,63,1,0.61,0.8,5,0,0
494,126,482,57,5,0.68,0.44,883,430,157,77,73,18,0.74,0.9,0,1,0
239,101,183,32,67,0.55,0.96,891,96,163,30,118,9,0.58,0.4,2,0,0
63,229,42,47,40,0.78,0.37,339,534,204,65,37,12,0.6,0.8,5,1,0
750,204,203,52,106,0.4,0.68,936,444,238,75,13,20,0.52,1.0,0,0,1
339,79,485,41,102,0.41,0.53,263,258,75,40,106,23,0.84,0.9,2,1,1
173,274,499,42,85,0.5,0.93,804,359,93,59,29,2,0.96,1.0,3,0,0
784,125,287,41,45,0.73,0.55,907,418,103,38,69,11,0.37,1.0,3,0,1
308,256,404,39,44,0.33,0.65,575,175,164,30,34,11,0.32,0.6,3,1,1
139,77,380,53,27,0.18,0.54,985,328,201,78,33,7,0.35,0.6,5,0,0
569,156,253,31,105,0.31,0.68,811,46,143,31,29,25,0.82,0.8,1,0,1
335,276,300,51,110,0.31,0.32,282,313,245,47,82,24,0.4,0.6,3,0,1
601,143,480,65,72,0.59,0.5,366,482,122,46,98,8,0.36,0.4,2,0,1
71,123,75,41,79,0.79,0.42,509,580,31,39,87,12,0.57,0.6,2,0,0
170,183,336,66,113,0.85,0.79,271,53,16,53,112,0,0.41,1.0,0,0,1
751,390,475,67,14,0.61,0.3,954,294,173,52,102,8,0.33,0.6,2,0,1
375,131,100,40,84,0.23,0.46,951,471,38,58,70,12,0.37,0.6,5,1,0
389,238,450,70,37,0.38,0.69,452,351,168,58,60,10,0.63,1.0,3,1,1
144,342,353,75,26,0.37,0.69,190,295,283,31,82,14,0.37,1.0,0,0,1
442,268,110,60,44,0.85,0.74,613,280,201,41,39,13,0.51,0.6,0,0,1
469,127,205,63,1,0.78,0.31,339,533,118,33,100,3,0.38,1.0,1,0,1
536,49,297,80,37,0.57,0.51,194,279,20,65,101,19,0.57,1.0,2,1,1
429,233,431,55,26,0.82,0.74,494,236,178,72,72,6,0.99,0.9,5,1,0
89,274,439,60,80,0.18,0.54,337,157,164,71,27,6,0.7,0.6,5,0,0
713,321,183,57,56,0.68,0.4,235,505,122,46,66,7,0.87,0.6,1,0,1
455,161,69,47,12,0.91,0.64,318,159,57,41,106,17,0.47,0.4,2,0,0
329,329,290,75,28,0.68,0.42,306,314,72,71,110,1,0.33,0.6,10,1,0
571,195,245,31,119,0.91,0.88,352,309,228,66,68,15,0.44,0.4,0,0,1
455,382,389,61,17,0.17,0.6,785,576,30,64,73,25,0.42,0.6,1,0,0
609,322,484,78,85,0.64,0.31,780,429,27,60,64,19,0.76,0.8,5,0,0
480,307,46,51,79,0.49,0.92,607,309,73,31,0,3,0.58,0.8,10,1,0
430,101,163,51,44,0.74,0.95,828,348,85,70,106,22,0.53,0.8,10,0,0
199,365,71,52,101,0.82,0.72,865,549,99,63,87,18,0.64,0.4,0,0,0
115,190,49,47,53,0.11,0.35,652,512,62,66,3,14,0.54,1.0,0,0,0
356,278,467,66,70,0.1,0.43,235,500,49,63,17,9,0.83,0.8,1,1,1
266,303,259,34,48,0.1,0.87,401,378,60,71,59,7,0.55,0.4,0,1,0
730,26,257,59,116,0.24,0.44,551,432,66,62,11,9,0.94,0.8,3,0,0
82,59,121,53,113,0.38,0.7,990,240,156,35,96,0,0.95,0.9,1,0,0
596,334,285,60,4,0.9,0.61,650,307,246,47,97,12,0.44,0.6,1,0,1
523,195,499,47,113,0.03,0.72,576,99,131,42,101,24,0.74,0.6,5,0,1
759,28,239,71,7,0.83,0.78,690,495,194,69,90,20,0.63,0.8,10,0,0
498,262,182,39,96,0.55,0.99,213,305,180,58,40,9,0.81,1.0,5,0,1
419,314,149,34,76,0.43,0.72,363,268,47,55,49,2,0.43,0.4,0,0,1
779,59,117,71,31,0.68,0.93,951,218,238,55,54,23,0.34,0.6,5,0,0
389,310,183,37,93,1.0,0.97,344,98,57,60,99,6,0.45,0.6,0,0,1
224,147,71,30,15,0.54,0.64,151,381,163,57,48,2,1.0,0.4,0,1,0
441,240,401,80,93,0.28,0.74,204,299,244,40,91,23,0.94,0.9,0,0,1
795,125,152,67,70,0.02,0.8,420,593,10,31,32,17,0.72,0.4,0,0,1
235,27,212,75,30,0.36,0.82,803,126,264,64,120,19,0.9,1.0,0,0,1
276,193,244,70,70,0.57,0.87,685,362,238,59,13,25,0.54,0.6,0,0,1
217,305,492,36,49,0.02,0.8,859,344,34,30,112,9,0.87,0.4,2,1,0
67,114,114,32,120,0.76,0.59,953,336,95,46,82,14,0.36,1.0,5,0,0
103,28,146,38,95,0.61,0.95,928,242,218,56,77,17,0.88,0.6,10,0,0
214,250,418,66,27,0.65,0.47,554,153,269,49,81,13,0.85,0.9,0,1,1
355,303,262,42,4,0.5,0.67,252,432,19,30,1,16,0.86,0.4,3,1,1
403,377,384,40,93,0.92,0.97,401,401,131,50,103,2,0.45,0.9,1,1,1
619,80,136,68,49,0.49,0.84,760,442,25,53,119,24,0.66,0.9,5,0,0
792,144,431,34,94,0.69,0.83,891,179,65,67,11,11,0.47,0.8,3,0,1
131,56,436,42,39,0.68,0.86,114,365,241,33,47,7,0.73,1.0,10,0,0
635,230,87,50,32,0.52,0.73,209,358,234,73,119,1,0.48,0.4,0,0,0
302,384,110,66,7,0.79,0.56,742,68,84,74,41,17,0.52,0.8,2,0,1
304,317,281,47,108,0.23,0.49,138,183,281,49,82,2,0.33,0.8,2,0,1
665,19,182,36,80,0.75,0.85,306,485,293,53,82,5,0.52,0.4,5,1,0
646,357,427,73,66,0.93,0.57,745,283,10,73,118,0,0.62,0.8,5,1,1
602,105,356,40,50,0.05,0.7,488,115,252,41,87,0,0.94,1.0,2,1,1
366,315,158,34,63,0.91,0.39,370,268,37,36,58,17,0.3,0.4,0,0,1
90,41,475,44,74,0.17,0.6,325,552,73,31,30,9,1.0,1.0,1,0,0
421,48,59,57,63,0.77,0.7,813,142,197,50,106,9,0.53,1.0,2,0,0
421,99,346,40,101,0.21,0.58,214,485,102,48,69,21,0.52,1.0,10,0,0
387,111,467,69,44,0.8,0.51,783,589,296,43,30,21,0.49,0.6,0,0,1
793,226,209,76,109,0.1,0.67,370,336,54,65,6,25,0.36,0.8,2,1,1
747,273,337,71,27,0.82,0.36,746,136,261,54,21,2,0.48,0.8,5,0,1
492,29,228,69,55,0.59,0.43,387,528,223,69,28,3,0.48,0.6,5,0,0
178,23,390,72,26,0.75,0.65,488,444,57,78,13,2,0.92,0.6,0,1,1
186,88,399,35,4,0.05,0.38,238,433,294,69,50,9,0.39,0.4,2,1,0
195,17,422,57,11,0.44,0.88,669,198,162,64,112,25,0.82,0.8,0,0,0
766,96,284,31,102,0.17,0.31,828,482,273,38,56,5,0.33,0.6,5,0,0
128,231,228,74,90,0.93,0.42,100,335,220,57,0,3,0.9,0.4,3,1,1
559,31,410,65,56,0.52,0.39,467,443,258,35,43,11,0.6,0.6,2,0,1
446,336,201,41,14,0.1,0.48,506,155,26,72,36,10,0.67,0.9,1,1,0
360,343,180,57,70,0.35,0.61,970,41,208,49,108,15,0.44,0.8,1,0,1
753,302,380,63,1,0.88,0.63,584,152,48,52,95,20,0.78,0.8,0,1,1
401,45,483,31,45,0.17,0.99,181,599,25,78,74,1,0.52,1.0,3,0,0
489,172,172,57,52,0.08,0.78,368,80,228,58,25,8,0.51,0.9,0,1,1
733,304,398,52,16,0.51,0.47,995,67,135,71,104,6,0.9,0.4,10,0,0
123,245,126,68,42,0.3,0.57,590,431,296,32,20,17,0.7,0.4,1,1,0
381,199,128,38,38,0.28,1.0,294,393,152,54,9,3,0.91,0.8,1,0,0
107,293,174,51,9,0.14,0.87,331,183,191,80,50,20,0.81,1.0,0,0,0
660,104,326,80,95,0.27,0.86,593,498,97,51,0,0,0.73,0.4,0,0,1
341,334,121,30,32,0.02,0.71,988,267,273,52,82,18,0.82,0.6,1,0,0
240,364,76,49,33,0.74,0.61,357,357,212,49,61,0,0.98,0.8,0,1,0
372,352,487,31,68,0.76,0.62,827,286,286,48,105,13,0.4,0.4,10,0,0
140,87,498,80,26,0.39,0.73,975,385,44,44,78,10,0.57,1.0,0,0,1
272,106,435,54,105,0.11,0.93,528,168,294,76,12,13,0.77,0.9,2,0,1
688,354,297,33,23,0.7,0.47,568,386,52,36,4,12,0.52,1.0,2,0,1
380,205,63,61,43,0.49,0.61,411,506,125,31,101,0,0.72,0.6,0,0,1
71,112,198,47,17,0.57,0.38,116,595,163,48,99,7,0.58,0.9,10,0,0
339,378,357,41,43,0.04,0.75,456,105,270,38,32,4,0.58,0.4,0,1,1
381,106,261,53,1,0.12,0.64,947,597,35,62,107,1,0.84,0.9,1,0,0
176,67,420,58,58,0.66,0.57,658,426,135,63,32,5,0.48,0.8,5,0,0
81,301,390,67,103,0.11,0.3,234,350,144,67,108,2,0.33,0.4,2,1,0
417,259,76,63,36,0.11,0.98,799,286,174,70,62,24,0.85,0.8,0,1,0
319,366,157,36,37,0.65,0.76,458,457,206,64,88,10,0.6,0.6,1,0,0
333,56,483,78,17,0.07,0.5,835,215,278,56,88,0,0.48,1.0,0,0,1
424,311,449,53,78,0.91,0.45,313,337,155,79,70,4,0.88,0.8,5,1,0
82,267,74,63,86,0.22,0.95,854,152,242,47,27,17,0.78,0.6,0,0,0
523,329,389,55,103,0.93,0.46,690,301,95,78,92,12,0.48,1.0,3,0,1
100,78,130,41,94,0.02,0.96,286,90,132,69,13,9,0.54,0.6,0,0,0
552,302,392,77,78,0.76,0.97,563,445,257,71,68,15,0.82,0.6,1,1,1
234,170,427,40,107,0.4,0.85,403,345,193,79,120,20,0.96,0.6,0,0,0
624,132,438,49,82,0.98,0.5,478,228,269,68,39,12,0.6,0.9,3,1,1
452,105,181,59,30,0.94,0.58,837,445,15,66,11,16,0.36,1.0,0,0,1
370,174,431,75,52,0.91,0.87,908,571,223,79,50,13,0.46,0.4,3,0,0
247,17,265,32,45,0.56,0.36,266,278,28,70,92,9,0.64,0.8,3,0,0
787,13,113,44,112,0.87,0.43,949,301,168,73,111,21,0.31,0.8,3,0,0
454,47,48,57,108,0.57,0.75,512,450,257,56,39,10,0.47,1.0,2,0,1
98,394,262,34,85,0.63,0.79,433,547,144,55,49,7,0.88,1.0,0,1,0
585,89,152,79,75,0.27,0.63,234,596,129,70,84,24,0.72,1.0,1,0,1
77,311,476,60,98,0.22,0.68,480,454,79,71,0,23,0.38,0.8,1,0,0
537,257,212,79,113,0.35,0.6,546,55,79,40,17,7,0.63,0.6,10,0,1
192,157,353,36,63,0.29,0.91,116,82,50,73,66,18,0.99,0.8,0,0,1
374,91,37,66,92,0.22,0.86,917,313,282,46,68,23,0.42,1.0,3,0,0
300,276,179,73,95,0.45,0.78,492,435,255,58,4,20,0.91,0.9,0,0,1
499,276,123,44,100,0.99,0.66,331,123,171,58,33,18,0.38,0.8,1,1,1
305,385,478,44,37,0.51,0.82,214,558,249,56,45,15,0.36,0.9,0,1,1
211,367,228,47,60,0.28,0.93,196,264,158,76,64,16,0.62,1.0,1,0,1
778,291,228,36,108,0.14,0.49,857,286,32,76,106,24,0.82,0.9,5,1,0
422,73,83,50,26,0.42,0.86,825,84,294,62,103,21,0.76,0.6,1,0,0
155,140,337,37,104,0.66,0.8,909,284,266,75,109,23,0.93,0.4,2,1,0
300,64,486,62,30,0.58,0.37,852,551,215,46,2,21,0.77,0.6,5,1,0
287,193,223,58,118,0.67,0.46,759,315,292,68,89,19,0.92,0.6,10,1,0
86,366,156,43,44,0.37,0.87,459,597,83,37,60,7,0.59,0.8,0,0,0
369,121,118,63,25,0.19,0.56,248,115,142,70,44,2,0.84,0.9,2,1,1
135,384,273,79,65,0.36,0.88,516,425,37,37,45,5,0.51,0.6,0,0,1
724,103,35,61,38,0.43,0.79,352,57,249,47,59,13,0.97,0.9,10,1,0
677,245,202,73,116,0.77,0.67,204,274,52,43,120,8,0.38,0.4,10,0,1
471,393,263,38,51,0.5,0.43,603,402,133,50,14,6,0.67,0.6,10,0,0
105,373,58,57,5,0.01,0.8,281,413,184,47,53,21,0.72,0.8,2,0,0
77,285,225,41,100,0.85,0.68,378,357,226,57,87,4,0.83,0.8,2,0,0
517,281,269,64,10,0.55,0.6,722,378,194,66,76,16,0.45,0.8,0,1,1
474,316,207,69,52,0.81,0.46,323,59,19,54,18,25,0.56,1.0,10,1,1
191,33,50,60,54,0.57,0.42,510,449,82,33,99,11,0.58,0.9,1,0,0
228,16,385,33,110,0.86,0.43,110,495,141,51,107,18,0.97,0.4,2,1,0
277,40,430,67,69,0.88,0.73,327,480,215,39,7,10,0.9,1.0,3,0,1
112,272,462,35,109,0.83,0.86,510,573,88,44,69,14,0.51,0.6,0,0,1
660,301,76,70,75,0.08,0.42,983,269,32,39,9,16,0.38,1.0,3,1,1
179,81,231,33,37,0.24,0.31,588,460,117,80,1,9,0.87,0.8,0,0,0
419,155,404,67,73,0.75,0.32,295,291,114,31,60,23,0.32,1.0,1,1,1
79,248,222,45,9,0.72,0.87,632,237,179,76,106,1,0.51,0.9,2,0,0
614,12,488,36,117,0.44,0.66,577,121,85,68,38,13,0.42,1.0,10,0,1
471,314,407,80,12,0.77,0.98,838,118,256,42,56,5,0.7,0.4,3,0,1
205,304,282,69,17,0.3,0.71,521,585,51,62,71,24,0.89,1.0,0,1,0
84,107,329,76,52,0.47,0.39,417,315,187,78,108,17,0.85,1.0,5,0,0
541,137,261,48,0,0.73,0.53,878,566,68,38,100,16,0.94,0.8,2,0,0
614,192,339,51,19,0.46,0.83,143,474,144,44,34,9,0.51,0.9,0,0,1
505,20,120,30,14,0.84,0.9,662,435,55,50,69,1,0.45,0.9,5,1,0
191,371,472,38,109,0.6,0.55,382,501,27,37,109,0,0.59,1.0,3,1,1
249,215,313,76,93,0.33,0.32,416,483,32,54,119,0,0.53,0.8,2,1,1
329,362,231,34,47,0.41,0.49,329,47,203,62,101,20,0.39,0.6,0,0,1
524,11,78,61,66,0.63,0.79,528,253,225,30,17,1,0.97,1.0,1,0,1
354,245,147,73,66,0.68,0.37,871,311,186,54,75,22,0.57,0.4,0,1,0
223,324,248,50,75,0.78,0.66,973,191,126,74,9,17,0.8,0.4,1,1,0
393,205,365,58,117,0.93,0.91,716,241,26,76,0,18,0.32,0.9,10,1,1
120,61,495,79,68,0.48,0.79,767,451,126,76,90,12,0.96,0.8,0,1,0
126,363,436,34,53,0.14,0.78,771,357,184,69,96,6,0.87,0.4,3,1,0
729,332,91,35,106,0.13,0.38,431,445,101,37,25,3,0.45,0.8,10,0,0
299,386,487,37,42,0.51,0.51,306,515,221,78,24,4,0.88,1.0,0,0,1
132,330,268,52,78,0.2,0.63,140,91,163,58,94,15,0.33,0.4,0,0,1
480,29,365,55,0,0.92,0.49,755,85,290,42,25,25,0.31,0.9,3,1,1
511,101,56,56,28,0.66,0.5,479,510,47,51,18,13,0.8,1.0,2,0,0
201,308,219,30,48,0.43,0.41,619,89,11,80,41,19,0.5,0.8,0,0,0
246,349,344,51,20,0.86,0.65,590,484,149,79,109,14,0.89,0.9,0,1,0
343,66,459,76,105,0.98,0.94,529,591,222,71,99,18,0.91,1.0,10,0,0
177,114,39,70,100,0.03,0.63,872,142,154,74,46,19,0.64,0.8,3,0,0
312,131,243,43,114,0.32,0.53,444,202,277,77,52,5,0.85,1.0,5,1,0
112,15,34,61,83,0.57,0.97,889,480,36,68,29,9,0.44,0.6,0,1,0
651,27,145,73,31,0.37,0.68,115,518,131,30,102,10,0.47,0.4,10,0,1
577,276,482,36,13,0.72,0.32,772,486,295,66,10,2,0.88,1.0,3,1,0
706,224,458,64,39,0.21,0.43,798,462,31,56,54,21,0.59,0.9,0,0,1
162,25,413,31,101,0.43,0.9,688,569,187,70,0,20,0.61,0.6,0,0,0
574,86,233,47,44,0.25,0.92,918,303,271,34,11,21,0.91,0.8,5,1,0
532,303,134,57,12,0.6,0.57,463,447,15,31,102,13,0.75,1.0,0,0,1
559,386,116,35,41,0.01,0.96,498,570,106,72,78,9,0.85,0.6,0,1,0
717,356,242,49,116,0.21,0.64,259,129,232,68,22,6,0.61,0.4,10,0,0
633,13,120,59,72,0.09,0.52,997,548,300,44,58,3,0.37,0.4,2,0,0
279,106,77,77,68,0.89,0.57,219,41,85,46,104,6,0.85,1.0,0,0,1
254,11,295,45,29,0.02,0.79,526,409,283,77,62,15,0.71,0.9,0,1,0
457,89,265,32,72,0.49,0.46,698,216,153,72,115,13,0.59,0.9,0,1,0
181,324,55,72,24,0.45,0.88,707,299,61,48,77,11,0.43,1.0,0,1,1
469,148,206,33,92,0.88,0.87,367,348,114,44,41,18,0.92,1.0,5,1,0
607,284,404,31,45,0.81,0.39,912,59,292,55,13,8,0.88,1.0,2,0,1
597,108,63,64,86,0.17,0.86,372,448,21,59,46,21,0.68,0.6,0,0,0
50,283,66,64,17,0.97,0.46,406,226,187,79,1,8,0.94,0.6,3,0,0
352,396,98,46,14,0.67,0.35,333,332,173,53,39,17,0.65,0.9,10,0,0
775,175,307,65,101,0.59,0.84,495,598,39,78,85,1,0.41,0.6,0,1,1
687,57,471,38,96,0.88,0.87,503,314,31,42,73,16,0.82,0.8,0,0,1
368,322,111,71,48,0.59,0.84,465,139,42,32,108,15,0.75,0.9,3,0,1
693,164,253,72,98,0.01,0.86,980,82,294,56,81,16,0.94,0.6,10,0,0
255,332,81,43,110,0.18,0.52,348,451,244,59,32,12,0.54,0.9,10,0,0
470,371,32,31,79,0.78,0.91,469,183,236,77,26,22,0.6,0.4,0,0,0
417,85,268,60,5,0.55,0.58,531,558,18,74,11,24,0.35,1.0,0,1,1
439,163,326,36,54,0.38,0.31,360,353,166,33,18,13,0.79,0.9,3,0,1
530,109,396,55,90,0.68,0.98,860,141,168,31,10,4,0.34,0.6,2,0,1
780,221,422,70,99,0.79,0.44,211,453,259,44,95,7,0.93,0.4,1,0,1
549,385,31,38,17,0.84,0.63,904,437,63,30,21,7,0.35,0.4,2,1,0
397,51,254,72,70,0.51,0.49,528,157,131,36,53,13,0.75,1.0,0,0,1
753,305,377,75,81,0.41,0.98,839,56,295,40,40,0,0.78,0.4,2,1,1
789,254,179,41,33,0.36,0.71,406,408,12,68,100,19,0.87,1.0,5,0,0
179,341,281,56,91,0.52,0.33,943,351,110,57,28,22,0.75,0.9,10,0,0
148,125,398,74,31,0.29,0.66,218,41,127,39,19,25,0.86,0.8,3,0,1
709,338,373,33,11,0.53,0.62,142,558,56,79,26,17,0.61,0.4,5,0,0
217,245,78,59,82,0.43,0.38,188,182,32,42,54,8,0.96,0.9,1,1,1
676,42,455,38,88,0.96,0.68,574,48,289,77,32,9,0.74,0.4,2,1,1
704,114,477,67,31,0.98,0.57,535,184,272,73,36,20,0.44,0.6,2,1,1
765,262,48,54,101,0.49,0.76,128,397,123,47,67,9,0.83,0.9,2,0,1
349,188,221,43,95,0.46,0.71,642,117,159,44,85,15,0.43,0.6,0,0,1
261,222,458,52,14,0.11,0.52,407,465,298,36,72,2,0.89,0.6,3,0,0
518,162,286,42,112,0.63,0.38,163,274,123,40,86,10,0.5,0.6,10,1,1
390,238,79,40,61,0.48,0.41,120,313,181,68,8,23,0.45,0.9,0,0,1
419,334,372,80,79,0.75,0.86,137,595,101,64,36,8,0.95,1.0,0,0,1
234,191,418,55,90,0.08,0.64,860,304,234,52,5,7,0.31,0.9,2,0,1
772,145,265,73,43,0.3,0.57,590,427,277,79,5,5,0.75,0.4,0,1,0
391,332,169,33,81,0.55,0.85,160,181,235,76,114,18,0.73,0.4,0,0,0
96,313,112,77,56,0.88,0.73,853,89,143,78,92,2,0.36,0.9,0,0,1
374,241,405,53,96,0.68,0.42,676,152,189,66,27,12,0.53,0.9,5,0,0
230,96,302,56,38,0.0,0.79,601,453,68,60,39,11,0.73,0.6,0,0,0
718,142,181,71,54,0.56,0.84,513,353,76,44,58,2,0.95,1.0,10,0,0
596,306,174,62,59,0.28,0.56,535,460,174,75,80,9,0.57,0.9,10,0,0
115,389,253,56,19,0.34,0.72,160,54,34,66,65,22,0.66,0.9,2,0,1
442,344,376,59,16,0.83,0.85,758,278,209,42,50,9,0.83,0.8,0,1,1
182,24,328,46,55,0.36,0.66,253,199,71,68,51,13,0.88,0.6,1,0,1
633,84,64,71,57,0.97,0.87,408,97,284,70,102,11,0.57,0.4,3,0,0
728,272,440,58,17,0.68,0.97,432,330,66,56,99,10,0.83,0.4,3,1,1
351,195,490,40,9,0.4,0.53,330,104,290,44,10,22,0.86,1.0,5,0,1
241,323,278,30,77,0.89,0.56,935,430,30,31,117,4,0.35,0.8,0,1,1
673,28,442,79,86,0.91,0.96,735,350,259,50,9,23,0.69,0.4,0,0,1
94,331,455,43,74,0.41,0.58,851,106,157,33,8,23,0.68,0.4,0,0,1
680,96,382,40,54,0.09,0.43,566,195,36,48,34,24,0.95,0.6,0,0,1
793,388,306,34,66,0.34,0.48,709,492,74,79,100,4,0.65,1.0,0,1,0
448,147,421,80,50,0.23,0.36,159,364,163,68,54,8,0.95,0.8,0,0,1
469,101,97,74,63,0.56,0.95,771,286,98,47,74,18,0.78,0.4,1,1,0
351,388,324,45,66,0.14,0.71,692,427,146,79,17,0,0.8,1.0,0,0,0
95,76,475,74,16,0.07,0.69,896,399,91,55,41,20,0.97,0.8,1,1,0
561,297,349,64,83,0.42,0.67,685,153,38,51,105,7,0.37,0.8,0,0,1
168,366,181,60,6,0.56,0.4,692,462,127,74,36,16,0.79,0.6,1,0,0
675,57,140,64,107,0.93,0.5,516,303,221,66,76,15,0.37,0.8,1,1,1
637,308,109,69,73,0.53,0.68,375,444,205,78,41,1,0.59,0.6,0,1,1
375,23,130,60,83,0.27,0.54,183,555,27,75,23,15,0.7,1.0,2,1,0
608,141,327,36,91,0.18,0.56,820,306,56,60,2,12,0.85,0.9,5,0,0
729,27,111,52,59,0.97,0.99,604,469,184,40,11,16,0.98,1.0,5,0,1
312,323,265,75,17,0.28,0.76,541,296,66,52,9,4,0.71,1.0,1,0,1
759,70,370,67,66,0.46,0.6,593,211,61,67,79,14,0.97,0.4,1,0,1
646,67,208,62,80,0.82,0.83,461,240,103,73,96,4,0.37,0.6,0,0,1
96,190,454,67,63,0.08,0.81,334,155,21,32,4,21,0.79,1.0,0,0,1
535,204,62,79,48,0.93,0.8,922,495,170,53,16,25,0.48,0.4,0,0,0
622,321,121,43,60,0.85,0.66,543,521,218,47,98,21,0.83,0.8,2,1,0
101,346,93,77,13,0.07,0.52,672,263,226,53,6,21,0.54,0.8,5,0,0
467,255,318,78,10,0.42,0.53,579,478,43,67,89,6,0.5,0.8,3,0,1
680,389,396,55,111,1.0,0.97,392,65,164,63,26,24,0.86,0.4,5,0,1
328,87,443,30,75,0.98,0.92,730,570,191,70,77,24,0.5,0.4,0,1,0
520,393,184,31,20,0.57,0.94,989,596,296,35,96,16,0.53,0.9,3,0,0
149,316,212,55,77,0.52,0.57,166,128,294,61,73,14,0.47,1.0,0,1,1
257,139,259,54,28,0.63,0.54,774,464,161,49,1,11,0.58,1.0,10,1,0
496,265,293,42,94,0.22,0.46,828,540,17,80,3,11,0.61,0.9,2,1,0
416,269,43,77,100,0.32,0.5,712,537,155,66,49,17,0.49,0.4,0,0,0
687,238,182,33,5,0.51,0.98,365,269,211,74,17,6,0.33,1.0,0,0,1
241,87,313,52,78,0.45,0.4,197,150,193,37,99,1,0.79,0.8,3,0,1
487,125,200,57,0,0.39,0.54,446,459,251,40,92,23,0.64,0.6,3,1,0
426,87,131,53,7,0.04,0.65,276,411,123,77,32,19,0.86,0.6,0,0,0
687,10,189,43,61,0.82,0.73,108,259,123,65,40,7,0.7,1.0,1,0,1
119,317,447,53,79,0.8,0.42,665,494,65,77,80,12,0.62,0.9,2,1,0
57,395,166,46,8,0.55,0.63,274,412,64,59,72,24,0.79,0.6,1,0,0
678,190,193,38,59,0.89,0.39,817,263,62,60,3,23,0.9,0.4,2,0,0
556,87,474,62,8,0.54,0.44,945,390,163,49,52,12,0.35,0.9,5,0,0
144,140,271,71,45,0.67,0.76,201,235,268,49,57,6,0.55,0.4,3,1,1
422,220,155,40,11,0.74,0.56,235,372,284,30,91,20,0.5,0.6,5,1,0
138,295,383,30,86,0.61,0.5,971,271,132,38,94,3,0.8,0.4,1,1,0
680,231,391,45,44,0.7,0.8,430,231,284,78,99,16,0.92,0.8,1,0,1
388,317,423,50,8,0.8,0.89,273,329,223,35,95,2,0.33,0.8,10,0,1
205,125,60,34,25,0.77,0.71,841,322,132,58,110,21,0.49,0.6,0,1,0
277,272,41,71,7,0.99,0.64,242,393,96,53,40,1,0.47,1.0,0,0,1
589,299,189,47,72,0.42,0.46,944,352,124,50,26,23,0.8,0.6,10,1,0
427,74,303,75,100,0.6,0.99,775,554,17,48,113,9,0.48,0.6,5,1,0
708,110,150,51,13,0.6,0.5,479,371,78,52,85,8,0.7,0.4,2,0,0
441,242,484,50,17,0.79,0.64,749,597,15,56,6,4,0.48,1.0,10,1,0
698,297,73,76,103,0.71,0.42,685,225,184,64,35,3,0.96,0.9,5,0,0
644,367,244,38,107,0.75,0.57,982,410,186,34,112,1,0.56,1.0,2,0,1
154,111,421,77,47,0.19,0.35,843,240,288,76,12,15,0.97,0.9,0,1,0
290,184,467,72,68,0.59,0.93,574,492,35,71,76,13,0.78,0.8,3,0,0
248,268,112,59,77,0.38,0.91,163,515,275,68,18,10,0.67,1.0,3,0,1
553,350,143,37,52,0.31,0.72,881,544,170,39,41,19,0.41,0.4,5,0,0
440,155,162,34,14,0.42,0.71,298,99,279,48,106,11,0.72,0.4,0,0,1
422,177,169,59,47,0.69,0.79,190,374,273,40,36,3,0.97,0.9,0,0,1
161,80,110,79,70,0.85,0.32,959,111,206,55,67,19,0.94,1.0,5,1,0
196,380,432,59,83,0.29,0.82,945,378,221,39,28,4,0.68,1.0,3,0,1
445,124,217,51,19,0.57,0.38,514,107,89,41,2,10,0.68,0.4,1,0,1
349,375,275,69,74,0.69,0.54,104,258,76,58,54,22,0.73,0.9,1,1,1
522,262,278,40,92,0.49,0.99,461,488,137,51,112,0,0.93,0.9,1,0,1
462,14,420,50,46,0.27,0.34,815,485,166,50,9,10,0.65,0.9,10,0,0
92,63,308,43,105,0.5,0.41,951,428,166,58,65,7,0.77,1.0,1,1,0
641,389,64,66,3,0.34,0.58,278,280,151,60,120,0,0.39,1.0,5,0,0
706,57,481,65,12,0.5,0.39,541,88,229,51,26,14,0.53,0.6,2,0,1
50,324,310,65,43,0.25,0.47,476,101,75,40,119,11,0.42,0.6,10,0,0
477,26,232,63,58,0.45,0.38,955,457,284,56,85,14,0.95,0.8,2,1,0
679,244,239,66,44,0.73,0.77,242,353,267,60,68,20,0.96,0.6,2,1,1
179,87,153,46,51,0.01,0.46,521,80,180,47,75,13,1.0,0.9,5,1,0
548,378,379,61,15,0.07,0.34,295,377,29,38,118,22,0.96,1.0,0,1,1
464,270,353,57,29,0.89,0.85,221,224,19,32,116,4,0.67,0.9,0,0,1
348,75,196,60,84,0.63,0.94,783,132,64,66,8,13,0.68,0.8,10,0,0
147,201,284,72,79,0.71,0.52,629,543,222,51,0,11,0.4,0.9,1,0,1
400,302,368,80,113,0.45,0.48,573,265,57,77,116,14,0.32,1.0,0,0,1
647,61,151,54,20,0.74,0.72,577,49,179,30,9,15,0.74,0.8,0,0,1
439,325,223,41,36,0.12,0.99,550,170,246,34,119,15,0.92,1.0,3,1,1
421,203,248,52,46,0.82,0.64,769,139,117,47,108,6,0.69,0.8,0,0,1
747,152,347,33,73,0.68,0.54,936,262,92,52,99,24,0.39,0.9,3,1,1
768,242,267,33,34,0.57,0.85,340,398,292,48,80,13,0.42,0.9,5,0,1
571,362,291,64,58,0.99,0.4,309,432,112,80,45,5,0.77,0.9,5,0,0
655,180,441,58,0,0.85,0.41,724,550,11,80,9,7,0.58,1.0,2,0,0
671,128,318,76,79,0.34,0.35,954,271,54,49,92,0,0.63,0.6,0,0,1
500,284,413,79,113,0.78,0.76,771,376,256,33,118,9,0.43,1.0,0,0,1
465,122,190,33,24,0.3,0.98,371,574,84,80,76,17,0.63,0.8,0,1,0
230,301,137,30,63,0.74,0.94,485,489,168,48,101,24,0.95,0.6,2,1,0
714,261,86,69,12,0.71,0.41,503,232,156,31,44,16,0.61,0.6,0,0,1
161,389,467,71,86,0.57,0.58,949,472,229,59,101,1,0.64,0.4,3,0,0
561,234,405,30,17,0.22,0.81,981,65,69,58,111,15,0.63,0.6,2,0,1
351,223,260,32,90,0.21,0.39,339,324,87,69,119,17,0.32,0.9,0,1,0
786,145,190,62,9,0.08,0.79,602,284,112,62,25,10,0.84,0.4,1,0,0
278,151,240,62,53,0.76,0.92,992,345,162,32,43,18,0.81,0.9,0,1,1
342,222,193,43,44,0.24,0.32,205,348,295,50,41,16,0.8,0.8,0,1,0
630,386,160,78,110,0.43,0.9,830,420,215,61,82,25,0.82,0.4,2,0,0
290,41,119,78,39,0.57,0.84,358,565,33,34,15,3,0.42,1.0,0,0,1
212,273,308,77,62,0.36,0.49,452,441,212,36,26,18,0.8,0.9,3,1,1
774,13,88,69,31,0.86,0.81,830,207,88,44,62,6,0.91,0.9,0,0,1
112,143,494,64,79,0.48,0.47,965,199,116,37,21,15,0.86,0.9,0,0,1
574,308,95,60,39,0.97,0.93,509,71,200,72,65,24,0.69,0.8,1,0,1
725,107,292,79,97,0.08,1.0,580,419,295,34,33,21,0.4,1.0,10,1,1
78,38,311,71,54,0.05,0.68,806,128,38,59,47,16,0.73,0.4,0,1,0
359,379,230,79,13,0.74,0.31,844,287,204,64,2,6,0.5,0.4,0,0,0
590,146,470,38,11,0.27,0.69,377,211,120,65,28,18,0.4,0.8,5,0,1
183,232,35,60,72,0.44,0.52,991,453,75,34,107,15,0.38,0.8,1,0,0
244,120,412,61,51,0.78,0.73,884,570,216,79,80,25,0.63,0.6,0,0,0
93,27,172,54,23,0.19,0.9,900,494,161,57,105,17,0.74,0.6,0,0,0
690,220,491,77,59,0.48,0.41,970,549,260,37,64,0,0.44,1.0,0,0,1
61,239,476,72,22,0.48,0.51,289,430,132,52,28,0,0.66,0.4,1,0,0
795,381,468,46,65,0.71,0.49,953,347,146,47,63,4,0.49,1.0,10,0,0
545,38,357,65,78,0.03,0.9,778,375,144,60,13,9,0.63,0.4,1,0,0
341,103,244,40,9,0.48,0.43,823,238,98,57,3,18,0.92,0.4,0,0,0
745,211,359,58,5,0.67,0.93,520,272,281,41,20,19,0.69,1.0,5,0,1
501,367,137,79,44,0.27,0.45,131,495,187,42,2,11,0.53,0.8,10,1,0
613,158,378,46,85,0.4,0.4,404,145,286,30,22,24,0.4,0.4,2,1,1
385,11,162,78,75,0.93,0.33,146,343,256,49,9,8,0.38,0.8,1,1,1
198,106,125,54,30,0.07,0.53,249,242,233,43,71,10,0.37,0.9,10,1,0
758,359,360,59,15,0.47,0.55,144,265,90,58,8,23,0.84,0.4,10,1,1
763,114,229,69,9,0.63,0.94,669,430,128,54,7,20,0.44,0.6,1,0,1
426,35,60,73,17,0.34,0.76,291,47,111,40,31,25,0.84,0.8,3,0,1
474,285,127,30,80,0.42,0.92,444,88,197,71,86,12,0.66,0.8,1,1,0
312,19,468,79,67,0.02,0.75,347,56,241,49,21,21,0.39,0.6,0,1,1
437,97,366,66,87,0.47,0.49,930,186,232,39,55,20,0.89,0.9,0,0,1
540,124,411,36,22,0.71,0.9,308,577,121,67,8,2,0.85,0.9,5,0,0
209,33,73,64,82,0.17,0.48,693,209,244,39,95,8,0.35,0.4,2,0,0
570,178,149,78,71,0.91,0.97,134,120,160,45,99,11,0.56,0.8,3,0,1
583,214,230,60,48,0.22,0.83,555,534,185,46,66,22,0.41,0.6,0,0,1
123,383,427,69,2,0.57,0.7,825,266,20,34,95,11,0.49,0.9,1,0,1
503,234,184,44,46,0.49,0.7,683,131,100,68,111,21,0.58,1.0,5,0,0
502,117,284,38,36,0.5,0.94,297,378,120,50,97,13,0.81,0.4,1,0,0
509,173,497,49,20,0.48,0.82,406,204,28,75,94,7,0.96,0.6,0,1,1
687,168,376,57,19,0.85,0.95,452,528,45,38,103,2,0.88,1.0,0,1,1
106,191,44,74,111,0.08,0.92,457,248,238,58,69,15,0.61,0.8,0,1,0
616,293,496,40,4,0.77,0.97,317,128,101,34,100,16,0.76,0.4,5,1,1
83,111,236,35,95,0.12,0.33,686,383,93,79,84,20,0.76,0.4,0,1,0
361,275,41,79,2,0.35,0.93,751,578,199,63,1,11,0.4,1.0,0,0,1
654,241,154,56,87,0.46,0.88,372,409,227,55,64,18,0.98,0.4,0,0,1
276,168,317,39,29,0.64,0.51,367,321,23,74,70,14,0.95,0.8,3,0,0
601,31,500,49,72,0.37,0.55,853,504,166,30,117,2,0.57,0.6,0,1,1
715,170,154,38,2,0.29,0.97,275,485,297,40,22,19,0.72,0.6,5,0,0
553,367,471,32,106,0.3,0.76,578,471,18,35,86,14,0.58,0.4,0,1,1
395,276,127,73,19,0.98,0.87,696,564,212,43,82,10,0.43,0.8,3,0,1
497,345,432,76,100,0.76,0.95,206,462,216,56,117,2,0.33,0.6,3,0,1
314,74,398,57,1,0.86,0.54,778,399,242,36,91,12,0.88,1.0,1,0,1
332,76,447,80,73,0.43,0.47,471,84,83,39,50,5,0.37,0.8,2,0,1
424,162,203,43,5,0.74,0.99,987,470,50,32,10,14,0.7,0.9,0,0,1
505,219,306,79,25,0.34,0.97,327,149,158,30,54,16,0.8,0.8,2,1,1
240,370,66,74,85,0.62,0.33,991,276,130,51,97,6,0.34,0.4,1,0,0
742,195,124,66,54,0.12,0.85,664,163,21,38,67,21,0.43,0.8,5,0,1
648,78,444,62,7,0.97,0.59,671,278,212,70,55,14,0.99,0.6,5,0,0
100,311,64,41,34,0.57,0.45,500,186,216,72,3,22,0.95,0.6,5,1,0
670,161,108,70,119,0.47,0.64,754,160,87,52,58,18,0.79,0.4,3,0,0
464,26,311,75,24,0.04,0.94,279,221,99,66,22,18,0.83,0.8,10,0,0
96,199,117,75,62,0.83,0.33,976,313,141,80,51,1,0.77,0.4,3,0,0
581,37,144,56,90,0.52,0.55,485,323,127,51,28,7,0.52,0.8,0,0,1
295,373,345,80,80,0.52,0.35,158,591,135,65,44,23,0.78,0.6,10,1,0
246,220,180,36,10,0.22,0.93,167,47,247,67,101,1,0.68,0.6,10,1,0
632,77,70,40,67,0.15,0.56,801,354,70,51,65,21,0.9,0.9,1,0,0
99,123,222,50,95,0.61,0.81,745,342,298,42,92,13,0.49,0.8,3,0,0
709,30,286,46,61,0.57,0.73,155,109,109,65,4,18,0.87,0.9,1,0,1
655,263,381,30,89,0.24,0.68,283,548,20,59,7,19,0.46,1.0,5,1,0
266,48,92,72,89,0.35,0.99,438,521,209,78,117,11,1.0,0.6,0,1,0
569,342,232,74,4,0.04,0.44,507,344,227,49,6,3,0.61,0.9,10,0,0
69,373,127,38,102,0.02,0.81,431,388,297,32,9,21,0.88,0.8,5,0,0
733,89,254,59,74,0.95,0.72,292,587,238,66,82,20,0.98,0.6,10,0,0
662,347,118,69,29,0.05,0.96,252,306,70,36,36,20,0.62,0.9,0,0,1
371,111,57,70,42,0.2,0.3,174,483,187,64,60,6,0.71,0.6,0,1,0
106,181,366,38,113,0.76,0.76,238,281,46,71,117,17,0.36,1.0,0,0,1
648,65,201,58,62,0.65,0.49,425,337,205,47,20,12,0.86,1.0,1,0,1
335,174,219,76,21,0.01,0.44,151,317,36,60,101,1,0.42,1.0,10,0,0
523,146,437,31,21,0.45,0.83,332,85,59,47,49,3,0.96,0.9,1,0,1
322,254,126,61,14,0.05,0.83,315,155,275,62,30,12,0.43,0.4,0,1,1
88,383,253,43,61,0.31,0.77,778,363,156,37,70,0,0.33,0.8,3,0,0
208,158,305,38,31,0.27,0.82,676,305,213,66,0,2,0.64,0.9,0,0,0
595,238,184,31,37,0.1,0.7,553,51,42,62,11,4,0.34,0.8,0,1,1
427,273,298,43,30,0.46,0.48,686,334,37,45,60,20,0.76,0.8,0,0,0
76,175,453,48,15,0.52,0.63,146,78,156,39,0,22,0.42,0.8,0,0,1
140,184,107,63,117,0.9,0.71,492,129,129,80,34,3,0.6,0.4,10,0,0
767,248,175,51,43,0.68,0.47,607,373,153,79,100,5,0.86,0.9,5,1,0
58,46,139,79,11,0.7,0.59,399,597,34,74,45,18,0.8,0.9,0,0,0
715,51,76,39,108,0.46,0.97,503,560,107,79,42,15,0.64,1.0,10,1,0
204,347,199,66,46,0.98,0.31,786,205,52,57,64,0,0.78,1.0,0,1,0
190,234,474,46,110,0.97,0.47,558,193,178,73,109,22,0.67,0.8,0,1,1
363,173,450,70,81,0.62,0.96,735,168,76,59,100,11,0.92,0.8,10,0,0
391,161,392,33,43,0.62,0.91,644,555,194,63,116,21,0.44,0.9,0,0,0
150,353,350,49,91,0.13,0.43,137,273,108,30,44,21,0.51,0.8,10,0,0
555,155,371,80,58,0.75,0.86,949,207,57,75,63,5,0.58,1.0,1,0,1
456,213,452,63,59,0.92,0.78,409,358,286,66,74,23,0.89,0.6,3,0,1
558,296,197,36,87,0.76,0.38,893,429,113,39,26,12,0.9,1.0,3,0,0
792,297,104,36,24,0.8,0.79,672,189,273,57,55,12,0.58,1.0,5,0,0
76,241,362,47,20,0.1,0.66,974,505,84,55,24,15,0.71,0.6,0,0,0
146,45,195,36,12,0.89,0.71,382,317,292,69,9,16,0.3,0.6,2,0,0
339,36,243,35,92,0.32,0.86,475,432,144,54,111,17,0.97,1.0,1,0,0
650,262,222,72,63,0.77,0.73,733,199,126,53,120,1,0.5,0.8,10,0,0
764,263,102,53,74,0.96,0.45,432,416,37,54,6,16,0.95,0.4,10,1,0
274,189,286,51,59,0.59,0.47,347,421,155,70,2,6,0.71,0.4,1,0,0
660,287,124,33,102,0.03,0.81,378,60,158,37,48,24,0.4,0.8,0,1,1
560,383,86,54,62,0.09,0.73,522,435,135,76,86,14,0.92,1.0,3,0,0
586,288,417,70,33,0.18,0.5,389,355,151,66,105,0,0.93,1.0,0,1,1
396,170,333,61,32,0.29,0.66,163,570,146,37,114,14,0.55,0.6,5,0,1
698,76,396,42,43,0.49,0.83,585,86,97,53,75,15,0.8,0.8,2,1,1
248,92,217,45,39,0.5,0.47,237,260,51,37,91,20,0.74,0.8,1,0,1
444,362,297,67,57,0.27,0.38,372,125,288,60,56,1,0.56,1.0,3,0,1
429,322,54,68,42,0.75,0.43,232,428,294,30,92,24,0.91,0.6,3,1,1
310,332,192,56,118,0.95,0.51,900,493,135,34,21,12,0.61,0.9,1,0,1
731,312,285,60,104,0.94,0.98,243,515,286,66,55,13,0.44,0.9,2,0,1
280,295,461,49,42,0.41,0.46,930,113,179,63,98,14,0.88,0.8,2,0,0
182,201,472,74,104,0.01,0.87,192,319,55,34,108,7,0.65,1.0,10,0,1
458,306,268,63,21,0.86,0.33,930,363,257,70,60,20,0.5,1.0,10,0,0
105,336,228,77,60,0.62,0.57,451,274,252,55,52,22,0.8,0.8,0,0,1
596,44,278,42,91,0.37,0.53,713,448,43,40,67,11,0.51,0.9,0,1,1
237,171,375,77,31,0.44,0.82,775,330,113,51,86,19,0.83,1.0,0,1,1
634,61,280,73,96,0.16,0.69,941,97,205,60,18,3,0.59,0.6,1,1,1
278,204,97,37,31,0.03,0.44,369,404,116,63,8,6,0.91,0.8,0,0,0
776,135,133,65,20,0.36,0.31,654,258,216,39,35,25,0.66,0.8,10,0,0
732,41,48,79,75,0.34,0.41,678,254,18,70,18,23,0.4,0.6,0,0,0
639,296,158,75,63,0.09,0.79,399,309,44,74,3,4,0.46,0.9,0,0,1
643,196,471,41,96,0.41,0.86,503,262,168,42,71,19,0.48,1.0,2,0,1
330,151,53,70,70,0.71,0.6,867,83,209,37,58,4,0.38,0.6,0,0,1
496,223,407,60,18,0.51,0.56,668,523,200,80,84,8,0.75,0.6,0,0,0
396,78,221,56,33,0.1,0.7,126,46,73,80,109,12,0.41,0.9,2,0,1
368,218,114,37,73,1.0,0.97,249,537,45,72,47,7,0.99,0.8,0,0,0
749,77,362,33,21,0.19,0.3,916,527,247,76,41,13,0.89,0.4,10,0,0
85,104,402,53,9,0.88,0.57,605,151,108,41,77,5,0.58,0.4,0,1,1
126,251,219,64,54,0.41,0.45,288,133,73,33,109,18,0.71,0.8,5,1,0
612,188,32,69,39,0.98,0.32,261,369,34,62,57,1,0.84,0.6,0,1,0
646,115,388,54,101,0.11,0.87,540,211,277,56,23,14,0.66,0.8,10,1,0
651,260,91,52,50,0.89,0.91,625,283,202,53,98,2,0.95,0.4,3,0,0
667,143,373,70,120,0.22,0.64,859,318,280,72,59,1,0.83,0.9,0,0,1
345,333,202,50,108,0.81,0.76,900,491,91,76,43,14,0.99,1.0,1,0,0
596,299,165,56,69,0.71,0.62,260,323,82,77,30,8,0.43,0.6,1,1,1
741,104,247,47,10,0.94,0.61,279,441,79,38,92,6,0.92,0.4,1,0,1
88,33,431,31,83,0.75,0.82,654,550,160,57,1,1,0.38,1.0,5,0,0
668,149,373,59,62,0.19,0.7,326,461,64,56,34,23,0.89,1.0,0,0,1
271,89,399,31,92,0.0,0.94,460,190,142,66,2,21,0.69,0.8,2,0,0
306,172,463,56,37,0.64,0.86,810,593,62,79,86,6,0.7,0.6,0,0,0
336,92,341,65,12,0.12,0.33,929,420,266,60,92,18,0.72,0.9,3,1,0
541,397,375,56,113,0.02,0.35,775,101,185,42,78,2,0.75,1.0,3,1,1
246,17,307,35,20,0.28,0.3,226,143,74,74,49,20,0.75,0.4,1,1,0
231,317,332,69,52,0.11,0.89,982,80,221,31,49,16,0.9,0.9,0,0,1
372,290,88,53,92,0.97,0.52,744,522,207,69,107,13,0.9,0.6,10,0,0
670,64,238,69,72,0.61,0.64,742,183,205,40,51,5,0.47,0.6,1,1,1
628,136,390,64,69,0.12,0.46,914,134,97,34,56,25,0.83,0.4,10,0,0
770,234,358,55,116,0.9,0.64,631,75,249,61,81,22,0.4,0.4,1,0,1
764,389,404,63,64,0.57,0.73,723,470,27,71,23,22,0.57,0.6,1,1,1
427,182,414,57,81,0.71,0.33,716,580,163,45,48,6,0.55,1.0,10,0,0
261,189,382,41,71,0.83,0.99,761,162,272,35,15,11,0.44,0.6,0,0,1
399,190,380,57,86,0.9,0.77,989,256,159,57,120,20,0.45,1.0,3,0,1
340,239,194,47,111,0.79,0.65,790,123,272,80,30,5,0.88,1.0,1,1,1
604,44,159,71,68,0.19,0.8,768,536,174,32,0,4,0.3,0.6,3,1,1
546,101,212,71,54,0.27,0.41,965,532,182,72,42,22,0.86,0.4,3,1,0
322,100,156,36,93,0.3,0.76,103,574,108,39,25,24,0.38,0.8,1,0,1
265,107,329,68,27,0.61,0.74,558,442,48,38,111,25,0.68,0.4,2,1,0
441,19,323,77,111,0.49,0.98,684,313,201,46,21,25,0.8,1.0,2,0,1
664,49,254,71,63,0.52,0.49,615,111,15,78,73,23,0.72,0.4,0,0,1
416,124,125,37,85,0.94,0.68,122,367,76,32,46,3,0.9,0.4,5,0,1
212,160,256,61,81,0.01,0.9,853,438,245,62,73,3,0.92,0.6,2,1,0
257,368,377,45,63,0.38,0.74,325,198,280,32,94,17,0.83,0.9,0,0,1
162,39,48,73,62,0.38,0.74,474,408,274,64,89,25,0.3,0.9,10,0,0
340,215,103,58,60,0.54,0.93,304,557,281,30,7,23,0.42,0.8,1,0,1
514,296,59,47,31,0.05,0.68,501,586,198,49,3,9,0.67,0.9,0,0,0
77,261,252,44,20,0.67,0.64,786,42,269,63,78,24,0.85,0.9,0,1,0
694,196,100,59,70,0.88,0.52,734,81,138,68,94,19,0.68,1.0,0,0,1
125,371,204,45,82,0.59,0.46,329,525,204,68,116,23,0.86,0.8,0,0,0
196,52,36,34,93,0.85,0.34,980,522,161,59,106,20,0.82,0.4,3,0,0
753,233,418,38,26,0.26,0.9,893,85,23,32,21,11,0.91,1.0,1,1,1
627,339,242,77,68,0.01,0.5,578,447,119,31,22,5,0.38,0.9,0,0,1
556,37,412,52,47,0.98,0.89,376,112,294,49,52,13,0.9,0.8,5,1,1
104,245,230,47,44,0.75,0.56,930,158,44,34,19,16,1.0,0.8,5,0,0
740,213,416,44,51,0.23,0.77,716,283,123,63,72,25,0.88,1.0,10,1,0
563,275,200,31,76,0.81,0.48,464,372,191,73,86,4,0.68,0.6,0,0,0
503,187,338,39,94,0.99,0.77,871,549,163,67,1,10,0.75,0.4,0,1,0
546,146,122,60,117,0.92,0.8,581,244,118,40,46,23,0.77,0.4,5,0,0
732,198,117,76,27,0.1,0.32,430,574,109,57,29,11,0.68,0.8,3,0,0
123,70,143,54,38,0.09,0.9,922,181,265,30,4,17,0.52,0.9,10,0,0
501,33,319,61,40,0.75,0.63,537,191,44,72,20,12,0.46,0.6,1,1,1
424,141,252,68,56,0.2,0.5,378,307,43,57,77,5,0.71,1.0,5,1,0
501,152,58,66,104,0.83,0.86,799,129,172,72,82,21,0.4,0.6,3,0,0
657,130,247,62,104,0.02,0.56,352,416,258,65,94,3,0.76,0.6,3,0,0
625,241,252,39,94,0.77,0.86,170,115,140,37,89,19,0.44,1.0,5,1,1
790,174,63,54,12,1.0,0.64,553,484,186,37,71,22,0.63,0.8,1,0,1
625,91,291,75,52,0.26,0.76,501,47,285,37,16,2,0.58,1.0,0,0,1
210,34,374,56,45,0.19,0.87,510,552,243,54,81,0,0.94,1.0,0,1,1
708,232,211,65,8,0.01,0.35,684,48,177,50,16,2,0.37,0.9,3,1,1
500,274,479,54,11,0.99,1.0,101,122,251,43,103,24,0.72,1.0,3,0,1
624,327,468,74,62,0.47,0.87,946,208,254,53,39,20,0.64,1.0,10,1,1
720,392,341,68,63,0.69,0.65,540,289,141,71,12,7,0.37,0.6,10,0,0
693,255,342,53,26,0.72,0.94,621,150,194,42,65,21,0.68,1.0,0,1,1
370,246,469,74,88,0.46,0.73,620,75,11,39,45,8,0.65,0.9,10,0,1
536,31,419,45,111,0.39,0.86,920,373,244,72,26,11,0.51,1.0,3,0,1
749,186,487,77,42,0.32,0.53,944,502,125,75,114,11,0.87,0.6,3,1,0
132,31,308,75,27,0.87,0.41,931,436,225,51,21,0,0.72,0.6,0,0,0
214,352,315,60,62,0.73,0.69,353,350,203,70,42,18,0.62,0.8,0,0,1
235,221,360,74,67,0.79,0.46,827,45,73,49,110,11,1.0,0.6,2,0,1
118,173,180,48,45,0.62,0.4,105,124,160,79,57,10,0.87,0.6,10,1,0
238,330,447,49,103,0.31,0.92,199,151,178,39,41,17,0.42,0.4,10,1,1
468,98,91,34,52,0.51,0.39,182,429,173,33,6,14,0.93,0.8,0,0,1
120,90,43,65,8,0.64,0.75,139,50,258,49,44,12,0.64,0.9,2,1,1
631,373,301,74,85,0.99,0.86,569,226,180,34,19,15,0.53,0.4,1,1,1
756,242,184,53,85,0.32,0.9,824,317,50,61,33,17,0.36,0.9,0,0,1
495,371,190,37,47,0.86,0.55,193,49,263,51,28,20,0.79,0.4,2,0,1
337,217,298,66,115,0.2,0.97,821,462,205,46,115,24,0.52,1.0,0,0,1
70,34,395,42,88,0.72,0.66,776,119,130,52,34,20,0.68,0.6,3,0,0
536,38,132,65,83,0.72,0.67,710,455,268,72,112,22,0.46,0.9,0,0,0
105,262,429,44,86,0.37,0.74,304,577,24,43,82,5,0.79,1.0,1,1,1
564,388,211,70,61,0.29,0.94,479,427,26,35,22,17,0.31,0.8,0,1,1
147,89,362,59,22,0.14,0.57,242,423,14,74,96,14,0.4,0.4,3,0,0
337,294,44,78,79,0.09,0.85,591,541,69,72,47,13,0.49,0.4,10,0,0
781,253,460,32,84,0.63,0.43,403,207,94,56,71,11,0.64,0.4,5,0,0
401,13,72,43,38,0.58,0.42,981,372,170,46,65,10,0.65,0.6,2,0,0
289,137,402,63,107,0.81,0.97,794,474,163,57,12,10,0.88,0.9,3,0,1
71,70,281,32,69,0.44,0.34,860,131,139,34,46,17,0.42,0.8,1,1,0
526,380,237,78,77,0.9,0.36,438,120,25,76,76,21,0.65,0.9,0,1,1
313,360,215,61,44,0.4,0.84,789,69,248,64,43,6,0.87,0.4,5,0,0
603,22,93,54,120,0.3,0.55,537,112,76,30,32,8,0.72,1.0,3,0,1
347,371,262,31,52,0.54,0.93,759,246,205,60,70,16,0.32,0.6,0,0,1
168,120,485,70,24,0.74,0.76,597,310,276,40,120,23,0.97,1.0,0,1,1
709,391,331,38,88,0.21,0.92,603,501,59,38,111,19,0.35,0.8,0,1,1
487,220,107,31,65,0.47,0.49,554,484,111,35,86,15,0.4,0.4,5,1,0
384,365,204,40,97,0.45,0.84,439,103,149,51,28,15,1.0,0.8,2,0,1
536,186,175,34,107,0.09,0.36,484,509,78,39,102,23,0.37,1.0,0,0,0
653,85,115,43,41,0.3,0.77,568,454,276,58,92,4,0.38,0.8,0,0,0
584,211,267,64,25,0.28,0.48,260,373,270,74,28,21,0.53,0.6,2,1,1
279,55,191,59,12,0.27,0.56,893,368,86,69,105,5,0.86,0.8,0,0,0
678,314,363,74,16,0.31,0.76,540,64,92,71,28,10,0.32,0.6,3,0,1
472,186,168,31,18,0.13,0.31,152,135,68,52,35,2,0.8,0.9,10,0,0
366,159,210,59,116,0.07,0.59,356,115,135,73,10,17,0.58,0.4,1,1,1
223,120,426,52,97,0.24,0.76,347,557,272,40,108,15,0.9,1.0,0,1,1
237,269,183,43,36,0.26,0.9,630,151,260,69,58,3,0.51,0.8,2,1,0
493,119,429,57,0,0.59,0.73,921,533,129,73,92,11,0.69,0.9,5,0,0
765,102,257,43,55,0.01,0.95,572,311,49,69,10,4,0.61,0.4,5,0,0
768,176,311,37,89,0.7,0.93,436,344,195,59,9,8,0.31,1.0,0,1,1
262,159,222,37,55,0.7,0.54,436,426,239,73,95,25,0.91,0.8,0,1,0
466,337,294,45,63,0.05,0.47,758,81,29,46,80,19,0.64,0.9,10,1,0
258,46,393,64,108,0.53,0.81,627,281,215,70,39,11,0.3,0.8,0,0,1
709,316,111,37,70,0.53,0.34,546,44,282,49,106,11,0.6,0.8,0,1,1
167,276,185,36,8,0.67,0.94,642,431,159,50,101,13,0.47,1.0,0,0,0
125,261,155,38,83,0.02,0.46,165,356,190,79,10,4,0.54,1.0,10,0,0
167,43,77,69,113,0.8,0.48,947,119,64,60,82,21,0.78,0.8,5,1,0
165,359,418,70,88,0.07,0.6,459,262,296,47,55,25,0.76,1.0,0,0,1
89,76,390,40,86,0.97,0.61,940,492,115,80,76,21,0.5,0.4,10,0,0
556,343,79,60,50,0.52,0.82,470,249,87,30,106,7,0.71,0.9,3,1,1
764,146,331,59,119,0.77,0.42,713,490,285,44,5,5,0.37,0.8,1,1,1
50,276,65,42,69,0.56,0.31,717,340,296,55,79,11,0.94,0.4,0,0,0
539,103,248,56,1,0.65,0.83,437,304,23,48,107,14,0.85,0.6,0,0,1
348,280,367,43,34,0.61,0.87,130,436,234,30,25,6,0.42,1.0,0,0,1
585,118,330,43,4,0.56,0.55,908,440,273,63,77,24,0.92,0.8,0,0,0
567,326,143,58,62,0.43,0.87,938,111,63,33,20,14,0.75,0.6,5,0,1
778,321,480,38,119,0.35,0.56,916,444,164,71,103,11,0.56,0.6,0,0,1
111,21,58,73,118,0.13,0.58,611,109,93,52,110,16,0.37,1.0,5,1,0
630,288,484,31,88,0.4,0.56,379,510,37,31,13,13,0.76,0.9,3,0,1
366,151,436,61,36,0.11,0.47,305,53,219,42,52,2,0.88,1.0,3,1,1
119,374,477,80,83,0.63,0.48,707,434,117,80,96,14,0.79,0.8,5,0,0
432,146,92,56,84,0.88,0.43,481,146,40,51,96,2,0.81,0.9,2,0,0
277,234,364,76,40,0.51,0.36,382,357,233,68,100,24,0.4,0.6,3,0,0
130,156,181,69,109,0.32,0.64,779,593,145,60,40,8,0.41,0.4,0,0,0
95,343,204,54,71,0.55,0.37,352,492,217,33,4,17,0.38,0.6,0,0,1
76,222,317,63,99,0.37,0.35,745,356,65,75,105,21,0.96,0.8,3,0,0
142,178,412,69,106,0.99,0.68,520,435,20,74,22,14,0.59,0.6,2,0,0
596,368,80,72,70,0.1,0.4,180,45,264,39,15,13,0.35,0.6,10,0,1
674,189,253,75,120,0.75,0.63,716,138,185,42,96,11,0.49,1.0,1,0,1
503,297,215,51,36,0.65,0.72,567,79,141,36,103,0,0.49,1.0,5,0,1
347,71,210,74,71,0.16,0.32,409,546,44,71,56,19,0.46,1.0,1,1,0
747,197,88,59,109,0.89,0.84,436,60,18,73,62,6,0.33,0.6,0,0,1
55,76,492,34,71,0.44,0.91,482,515,23,47,103,16,0.71,0.4,10,1,0
631,360,266,30,84,0.9,0.67,129,339,292,57,87,14,0.45,0.9,3,0,1
798,334,365,39,78,0.66,0.93,837,66,129,57,116,13,0.9,0.9,10,1,0
671,129,404,42,73,0.9,0.95,495,150,250,69,68,0,0.83,1.0,5,1,1
105,141,386,49,57,0.49,0.59,401,328,114,76,2,23,0.51,0.8,0,0,0
537,322,74,46,36,0.96,0.42,953,462,257,67,36,14,0.32,0.8,1,1,0
312,144,431,79,55,0.69,0.8,887,600,23,38,29,24,0.83,0.9,2,0,1
647,270,219,45,114,0.07,0.98,593,588,106,78,100,1,0.51,0.9,1,0,0
281,336,460,71,80,0.47,0.31,765,410,222,54,32,17,0.93,0.4,0,0,0
633,184,425,59,6,0.24,0.84,717,386,206,45,58,10,0.5,0.9,0,0,1
787,400,212,30,71,0.25,0.41,721,94,128,41,91,12,0.96,0.9,5,0,0
465,294,427,48,100,0.93,0.64,976,361,193,72,32,22,0.43,0.8,0,1,1
151,204,370,53,24,0.76,0.97,939,67,282,76,4,12,0.49,0.6,2,0,1
687,194,158,57,99,0.25,0.79,156,286,79,37,65,5,0.45,0.4,3,1,1
248,47,138,59,35,0.76,0.53,268,204,31,65,101,15,0.6,1.0,1,0,1
188,230,192,52,50,0.41,0.48,926,43,101,32,88,11,0.84,0.6,1,0,1
391,275,244,78,20,0.2,0.36,997,501,187,78,60,18,0.46,0.6,2,1,0
730,333,153,42,81,0.16,0.51,106,427,273,71,10,20,0.68,0.6,0,1,0
361,284,380,65,60,0.8,0.39,910,269,121,66,6,22,0.85,1.0,1,0,1
333,56,83,65,94,0.43,0.99,471,40,141,45,84,10,0.35,0.6,0,0,1
429,40,267,61,113,0.91,0.61,482,557,19,44,10,12,0.49,0.6,10,0,0
612,12,435,78,104,0.65,0.6,142,49,126,30,18,21,1.0,0.4,5,0,1
254,295,464,52,26,0.96,0.56,591,155,131,48,87,0,0.58,0.9,3,1,1
679,180,327,74,75,0.92,0.87,390,153,62,42,100,25,0.77,0.4,2,0,1
738,296,404,78,10,0.28,0.8,827,86,60,49,103,13,0.4,0.9,1,0,1
446,243,326,71,49,0.41,0.71,366,346,35,60,46,16,0.79,0.8,0,1,1
132,390,357,46,86,0.24,0.72,127,399,79,52,7,22,0.85,1.0,0,0,1
424,254,291,37,90,0.28,0.94,791,424,128,46,101,22,0.61,0.4,0,1,0
193,94,172,33,76,0.03,0.67,921,184,258,68,77,13,0.74,1.0,1,0,0
290,85,355,73,79,0.58,0.78,368,598,126,43,55,3,0.99,0.6,3,0,1
703,382,342,37,18,0.82,0.94,283,98,160,48,117,9,0.91,0.6,0,0,1
547,337,216,51,22,0.56,0.61,212,469,213,50,114,17,0.94,0.4,3,0,0
178,208,337,61,2,0.73,0.75,608,427,282,43,103,20,0.32,0.8,3,0,1
316,344,294,62,91,0.84,0.49,816,320,200,61,71,1,0.72,0.8,1,0,1
227,311,484,59,30,0.0,0.33,754,330,14,64,14,5,0.56,1.0,10,0,0
582,371,39,72,50,0.96,0.39,207,458,246,41,61,9,0.37,0.6,0,1,1
544,240,68,37,102,0.99,0.38,532,166,114,58,82,3,0.94,0.8,1,0,0
491,239,166,73,75,0.83,0.97,269,342,299,37,26,0,0.79,0.8,1,0,1
798,265,300,41,8,0.41,0.89,537,571,173,47,58,16,0.95,0.8,5,1,0
281,376,57,43,87,0.59,0.54,426,176,175,30,0,3,0.58,0.4,0,1,1
304,34,383,41,108,0.16,0.76,424,117,33,69,20,17,0.88,0.8,0,0,1
238,171,196,54,100,0.3,0.37,307,496,161,61,120,25,0.75,0.8,10,0,0
448,355,250,75,13,0.44,0.83,276,397,238,72,35,17,0.61,0.4,0,0,1
70,83,357,33,61,0.16,0.72,835,261,209,35,83,5,0.48,0.8,10,0,0
620,120,224,65,67,0.53,0.68,757,493,103,30,86,13,0.95,0.4,3,1,0
380,217,330,73,11,0.15,0.69,837,312,89,49,22,14,0.59,0.9,1,0,1
125,283,143,77,101,0.74,0.88,537,411,53,36,29,9,0.88,0.8,0,0,1
597,106,131,64,9,0.81,0.73,231,551,256,34,105,6,0.52,0.8,0,0,1
648,307,343,61,16,0.68,0.96,766,459,129,77,104,21,0.52,0.6,1,1,1
745,197,500,74,42,0.9,0.33,538,66,224,67,101,1,0.86,0.4,1,1,1
78,220,257,41,41,0.33,0.56,229,153,168,32,113,20,0.34,0.4,10,0,0
101,11,127,49,43,0.05,0.83,746,42,29,66,58,23,0.99,1.0,0,0,0
96,155,44,36,105,0.97,0.58,800,247,108,78,33,15,0.78,0.8,0,1,0
573,152,47,62,60,0.97,0.31,142,60,274,79,94,14,0.59,0.6,0,0,0
605,377,273,40,9,0.1,0.52,415,492,15,38,43,16,0.9,1.0,0,0,1
635,335,285,78,82,0.4,0.85,235,204,269,71,3,13,0.51,0.9,0,0,1
490,235,204,76,96,0.59,0.49,801,126,32,40,7,2,0.97,0.9,1,0,1
298,23,333,37,10,0.79,0.52,970,136,186,78,117,25,0.35,0.8,10,0,0
750,378,464,76,76,0.58,0.64,915,299,285,71,115,1,0.41,0.6,0,0,1
55,398,371,64,76,0.59,0.39,493,46,132,80,75,16,0.54,0.4,10,0,0
345,363,270,59,18,0.59,0.31,201,332,227,70,57,22,0.74,0.8,3,0,0
375,62,40,36,26,0.97,0.49,997,132,88,78,12,3,0.85,0.9,1,0,0
339,320,219,54,30,0.29,0.63,232,215,28,32,39,1,0.77,0.4,0,0,1
251,36,104,51,48,0.67,0.62,376,545,126,69,61,21,0.36,0.4,5,0,0
211,123,483,55,46,0.07,0.84,573,578,283,76,4,19,0.46,0.6,3,0,0
558,390,225,75,103,0.99,0.48,242,98,282,56,6,11,0.79,1.0,1,0,1
269,233,455,77,28,0.14,0.57,587,123,275,32,102,13,0.88,0.9,0,0,1
346,90,176,37,17,0.21,0.75,894,491,55,36,6,24,0.6,0.8,0,1,0
504,189,230,67,63,0.13,0.35,221,406,209,34,101,10,0.69,0.8,2,0,1
85,18,217,54,53,0.61,0.98,157,361,274,47,60,25,0.75,0.6,5,1,0
713,200,123,49,0,0.17,0.46,396,571,222,80,81,8,0.33,0.6,3,0,0
320,154,405,59,25,0.07,0.53,944,257,144,53,110,0,0.77,0.6,3,0,0
672,150,138,80,103,0.47,0.51,127,485,276,52,47,13,0.61,0.6,1,0,1
228,349,469,70,79,0.57,0.36,889,44,130,69,109,19,0.97,1.0,0,1,1
199,228,242,32,40,0.25,0.43,918,258,203,53,31,14,0.72,0.4,2,0,0
545,27,141,53,109,0.9,0.72,518,473,168,77,27,6,0.59,0.6,2,0,0
310,81,254,73,55,0.43,0.59,369,205,108,44,57,5,0.55,1.0,0,0,1
283,130,233,76,57,0.9,0.62,923,428,173,44,56,11,0.31,0.4,2,0,1
643,176,309,58,49,0.69,0.74,454,487,133,34,1,23,0.92,1.0,0,0,1
531,212,439,67,83,0.66,0.89,961,552,98,32,38,6,0.82,0.8,10,1,0
81,382,325,48,6,0.75,0.69,945,101,194,75,49,20,0.38,1.0,0,0,1
328,249,223,56,15,0.6,0.68,850,99,167,43,23,13,0.39,1.0,3,1,1
782,263,348,74,36,0.74,0.69,268,219,180,50,110,17,0.86,0.4,0,0,1
95,130,249,44,68,0.41,0.84,454,304,221,79,67,5,0.32,0.9,10,0,0
562,220,100,34,0,0.61,0.9,931,249,165,73,115,1,0.39,0.9,10,0,0
250,131,99,33,60,0.47,0.8,939,378,192,38,3,18,0.63,1.0,5,1,0
722,59,254,35,10,0.59,0.53,498,433,221,51,6,24,0.38,0.9,1,0,1
300,126,61,52,21,0.92,0.84,965,469,103,73,81,25,0.71,0.8,5,0,0
224,114,354,53,13,0.73,0.78,990,529,158,49,23,19,0.96,0.4,0,0,0
473,278,386,41,115,0.21,0.99,457,154,96,37,116,18,0.89,0.8,10,0,0
509,319,479,69,47,0.97,0.71,336,488,17,79,90,25,0.59,0.4,1,0,1
780,245,331,73,99,0.88,0.69,939,382,64,68,112,12,0.49,0.4,1,1,1
428,272,436,57,91,0.84,0.77,171,282,298,80,9,8,0.83,1.0,0,0,1
637,165,332,59,91,0.09,0.74,517,143,79,62,19,22,0.44,0.9,2,1,1
343,264,73,33,38,0.04,0.41,667,312,224,71,51,14,0.58,1.0,0,1,0
342,354,109,53,46,0.51,0.89,903,531,267,49,63,15,0.59,1.0,10,0,0
150,137,353,51,66,0.04,0.63,529,391,161,50,17,6,0.92,0.8,0,0,0
525,71,116,34,73,0.13,0.77,648,585,83,75,7,0,0.81,0.4,0,1,0
640,272,269,35,11,0.79,0.96,268,317,162,50,105,23,0.56,0.8,0,1,1
632,61,314,46,39,0.41,0.96,121,319,144,41,72,13,0.83,0.9,10,1,1
408,135,321,63,100,0.91,0.81,304,428,233,75,30,6,0.66,0.8,2,0,1
385,139,263,49,79,0.84,0.77,206,357,292,35,86,20,0.74,0.4,0,1,1
297,285,405,51,119,0.32,0.36,450,207,66,66,97,1,0.76,0.4,0,0,1
449,164,152,80,96,0.56,0.72,461,356,176,58,14,4,0.72,0.4,0,0,1
725,46,374,41,18,0.08,0.58,612,198,148,46,1,0,0.56,0.8,0,1,1
487,355,205,37,85,0.72,0.49,308,131,85,80,8,19,0.37,0.8,2,0,1
407,290,175,71,29,0.91,0.91,253,574,66,78,38,24,0.45,1.0,0,0,1
112,231,81,43,59,0.7,0.87,749,282,195,50,89,19,0.44,0.8,0,1,0
572,271,94,69,10,0.46,0.87,955,363,71,41,112,2,0.42,0.6,10,1,0
258,179,305,62,1,0.76,0.94,908,140,216,67,67,24,0.62,0.6,0,0,1
612,334,251,59,4,0.47,0.53,295,319,123,52,17,6,0.31,0.6,3,1,1
525,364,328,60,89,0.34,0.51,680,469,280,44,2,18,0.92,0.6,10,0,0
75,21,115,70,71,0.72,0.85,660,311,83,51,117,20,0.46,0.4,2,0,0
400,162,382,76,8,0.26,0.76,644,331,141,37,101,18,0.84,0.4,1,0,1
340,392,350,36,77,0.92,0.93,663,59,61,39,57,15,0.35,0.4,0,0,1
298,36,205,69,68,0.51,0.38,835,172,125,64,24,1,0.43,0.6,0,0,1
737,252,172,79,33,0.26,0.35,942,174,49,73,93,0,0.42,0.8,2,0,1
572,380,478,42,44,0.09,0.86,974,73,54,70,37,7,0.33,0.4,2,0,1
94,17,451,48,52,0.91,0.66,543,145,88,68,108,19,0.76,0.8,0,1,0
211,106,317,72,13,0.51,0.55,159,248,244,52,53,18,0.7,1.0,1,1,1
381,296,335,32,17,0.57,0.63,353,374,44,30,84,4,0.67,1.0,0,0,1
446,287,156,47,22,0.5,0.49,637,447,152,37,26,23,0.84,0.8,10,0,0
322,164,347,44,87,0.3,0.64,267,62,237,67,30,5,0.32,0.6,2,1,1
749,206,158,63,96,0.29,0.55,278,578,56,68,73,5,0.45,0.8,3,0,1
369,11,398,66,82,0.64,0.71,649,535,160,32,118,12,0.64,0.8,3,1,1
275,287,481,66,31,0.98,0.94,676,154,91,69,86,19,0.79,0.8,0,1,1
158,268,488,66,10,0.96,0.33,909,310,293,52,1,24,0.41,0.9,0,0,1
550,282,464,47,87,0.21,0.74,603,422,112,74,76,1,0.85,0.8,2,0,0
615,17,165,47,119,0.36,0.32,527,471,151,37,63,5,0.36,1.0,0,0,1
765,315,291,40,34,0.72,0.99,896,320,131,44,68,23,0.89,1.0,2,0,1
704,245,327,66,7,0.73,0.53,279,94,97,41,22,12,0.91,0.8,2,0,1
345,130,321,56,58,0.75,0.94,907,45,56,74,91,25,0.71,1.0,1,0,1
397,167,300,51,90,0.9,0.37,299,102,92,79,20,11,0.52,0.6,0,1,1
327,299,39,32,73,0.84,0.63,433,289,142,37,13,9,0.73,0.4,1,0,0
719,61,127,61,65,0.74,0.79,891,357,166,30,61,2,0.87,0.4,1,0,1
490,103,358,49,52,0.96,0.31,570,136,170,43,11,22,0.62,0.8,2,0,1
707,29,195,72,12,0.42,0.69,491,156,103,62,10,20,0.41,0.9,0,0,1
199,394,453,74,15,0.97,0.86,575,97,71,71,3,6,0.63,0.9,0,1,1
390,148,316,64,27,0.72,0.94,386,354,67,37,66,17,0.72,0.8,1,0,1
552,353,186,44,55,0.33,0.64,811,275,128,69,80,8,0.44,0.9,1,0,0
516,66,320,74,39,0.4,0.35,779,176,136,76,120,0,0.74,0.6,0,1,1
79,212,102,64,12,0.4,0.5,455,263,282,47,110,11,0.54,1.0,1,0,0
569,150,394,51,15,0.39,0.44,287,231,131,46,79,18,0.31,0.6,0,0,1
588,22,406,72,85,0.1,0.41,196,579,149,55,12,1,0.7,0.6,5,0,0
644,52,77,48,0,0.23,0.41,605,213,64,36,104,7,0.99,0.4,1,0,0
327,188,201,52,31,0.03,0.61,493,350,256,71,103,20,0.62,0.4,5,0,0
513,330,231,62,40,0.53,0.96,700,294,45,58,45,10,0.87,0.8,10,0,0
305,87,103,66,10,0.91,0.88,722,511,217,45,80,0,0.65,0.4,0,0,0
418,65,479,39,78,0.42,0.99,285,530,223,64,67,19,0.95,0.8,2,1,1
471,138,85,69,115,0.84,0.55,124,113,67,39,65,19,0.88,0.9,2,0,1
308,333,387,47,56,0.81,0.95,148,337,148,51,38,22,0.69,0.4,5,1,1
157,351,328,33,30,0.44,1.0,249,247,81,79,37,22,0.34,1.0,0,1,1
624,79,348,73,81,0.87,0.56,374,337,210,54,93,12,0.56,0.8,10,1,0
573,87,135,44,77,0.3,0.88,368,312,20,58,51,23,0.77,1.0,0,0,0
247,354,62,75,112,0.55,0.66,198,533,107,80,87,22,0.98,0.6,0,0,0
688,53,319,44,60,0.19,0.54,814,199,24,69,75,6,0.67,1.0,2,0,1
486,126,126,50,103,0.63,0.55,356,382,224,53,119,15,0.99,0.4,3,0,0
455,213,226,50,36,0.26,0.81,830,147,263,64,89,3,0.44,0.9,2,0,1
150,399,72,75,81,0.44,0.67,457,320,180,47,82,15,0.72,0.6,5,0,0
267,400,126,35,95,0.58,0.37,597,241,110,79,24,1,0.54,0.6,1,0,0
681,112,427,57,39,0.59,0.84,712,490,37,78,113,23,0.84,1.0,0,0,1
406,170,365,79,59,0.76,0.65,880,547,202,55,17,13,0.39,1.0,0,0,1
667,156,247,60,83,0.09,0.67,488,310,12,34,23,17,0.75,0.6,3,0,1
138,90,414,61,84,0.14,0.46,759,282,132,62,46,7,0.92,1.0,0,0,0
679,98,275,59,119,0.89,0.51,491,525,106,76,109,6,0.53,0.9,1,1,1
484,335,311,73,95,0.1,0.53,817,185,254,33,98,13,0.45,1.0,3,0,1
401,357,154,78,55,0.74,0.77,594,383,182,40,72,23,0.82,0.4,0,0,1
505,385,163,61,112,0.34,0.8,513,486,274,34,110,8,0.59,0.4,0,1,1
187,384,199,76,83,0.71,0.43,553,311,70,79,4,17,0.75,0.4,2,1,0
232,275,273,43,5,0.84,0.68,117,441,231,54,56,0,0.37,0.6,0,0,1
701,373,408,67,32,0.76,0.34,228,221,167,42,62,22,0.67,0.4,0,0,1
245,312,122,30,83,0.36,0.89,134,349,265,80,34,3,0.36,0.8,0,0,0
276,51,367,57,12,0.26,0.83,127,465,119,49,54,8,0.71,0.9,10,0,0
519,74,487,80,76,0.8,0.87,959,206,252,48,92,9,0.73,0.4,3,0,1
676,361,467,80,117,0.14,0.35,343,542,260,70,2,0,0.75,0.9,3,0,1
219,340,92,43,69,0.07,0.36,171,112,270,63,41,22,0.75,0.6,1,0,0
91,213,354,70,15,0.16,0.98,884,186,11,70,111,10,0.72,0.9,10,0,0
781,93,205,80,10,0.74,0.96,590,163,106,35,32,10,0.71,0.6,3,0,1
690,162,46,71,82,0.69,0.75,847,59,223,41,5,12,0.7,0.8,10,0,0
134,93,420,71,77,0.64,0.88,575,91,159,72,42,19,0.99,0.8,10,0,0
219,219,68,53,113,0.61,0.7,221,591,195,52,12,4,0.42,0.8,10,0,0
71,84,426,63,58,0.6,0.56,170,579,138,45,62,6,0.45,1.0,2,1,1
361,28,234,59,91,0.52,0.67,865,412,101,63,11,4,0.32,0.9,5,0,0
277,245,273,80,98,0.07,0.51,586,249,86,70,31,18,0.9,0.4,5,0,0
231,304,294,49,50,0.26,0.36,800,236,140,44,35,0,0.35,0.8,3,0,0
538,244,239,48,106,0.81,0.33,510,342,168,48,8,15,0.89,1.0,3,1,1
545,90,243,69,104,0.45,0.81,120,342,145,56,30,17,0.52,0.4,0,0,1
328,242,169,59,25,0.31,0.64,614,240,179,32,12,7,0.55,0.8,0,0,1
274,132,45,65,71,0.4,0.31,247,556,198,45,19,19,0.9,0.6,3,0,0
391,169,186,62,54,0.8,0.84,556,575,25,57,104,17,0.76,0.8,0,0,0
195,296,381,70,79,0.76,0.86,145,386,238,69,29,4,0.62,0.4,1,0,1
750,255,300,31,62,0.65,0.84,729,209,265,58,9,4,0.96,0.6,10,0,0
703,284,173,57,112,0.61,0.51,177,413,54,74,108,8,0.81,0.9,5,0,1
63,215,476,36,79,0.08,0.52,188,403,228,55,13,4,0.48,0.4,0,0,0
697,19,460,80,60,0.61,0.71,240,441,202,60,85,24,0.45,1.0,0,0,1
584,181,221,55,119,0.07,0.56,868,236,19,30,103,22,0.83,0.8,3,0,1
689,68,299,40,56,0.16,0.93,834,233,236,56,69,24,0.78,1.0,0,0,1
321,361,295,64,56,0.47,0.98,479,563,188,72,7,9,0.37,0.8,0,0,1
387,137,353,62,2,0.39,0.56,576,47,125,48,56,23,0.75,0.4,3,0,1
159,234,297,42,107,0.68,0.67,544,87,45,35,47,17,0.79,1.0,3,1,1
143,321,449,68,73,0.26,0.51,789,53,160,45,19,23,0.53,0.4,3,0,1
609,115,431,72,117,0.2,0.73,791,305,124,76,21,23,0.51,0.9,0,1,1
767,300,287,55,80,0.97,0.63,915,129,148,70,0,7,0.81,0.8,5,0,1
471,165,108,57,111,0.28,0.92,362,600,211,51,38,2,0.7,0.9,2,1,1
385,206,411,64,119,0.33,0.83,111,348,195,79,82,3,0.96,0.9,5,1,1
82,188,335,50,2,0.72,0.54,485,127,218,51,30,24,0.51,0.4,0,0,0
597,227,216,50,112,0.05,0.51,860,374,226,31,100,6,0.87,0.8,2,1,1
405,166,39,65,70,0.14,0.69,263,427,65,51,25,1,0.58,0.9,5,0,0
189,205,401,43,89,0.91,0.84,426,352,15,70,43,21,0.93,1.0,2,0,1
789,96,91,44,22,0.71,0.82,231,488,109,66,80,25,0.77,0.4,1,0,0
297,155,169,74,116,0.19,0.41,854,147,133,33,104,20,0.37,0.8,2,1,1
402,395,183,75,101,0.75,0.89,114,295,254,71,68,0,0.77,0.8,5,0,1
482,37,313,65,103,0.07,1.0,131,528,275,47,73,17,0.33,0.8,0,1,1
283,123,86,42,43,0.91,0.92,226,448,247,79,21,10,0.33,0.8,5,1,0
55,276,323,56,63,0.22,0.7,991,117,68,42,32,23,0.61,0.4,1,0,0
61,90,443,51,87,0.73,0.64,386,173,121,62,27,16,0.34,0.8,10,1,0
304,199,48,36,30,0.97,0.44,253,502,93,31,47,21,0.89,1.0,2,0,0
491,390,360,38,88,0.94,0.93,725,432,20,43,26,23,0.98,0.9,2,1,1
428,109,462,34,103,0.39,0.68,899,563,57,41,45,6,0.93,1.0,5,0,0
631,399,244,34,37,0.71,0.66,302,372,118,58,66,6,0.9,0.9,10,0,0
89,270,238,62,46,0.51,0.49,229,301,184,65,53,10,0.82,1.0,2,0,0
95,270,169,61,81,0.78,0.5,783,473,106,34,7,6,0.44,0.9,0,1,1
523,276,217,44,37,0.55,0.83,782,452,287,57,35,8,0.52,0.4,10,1,0
88,370,498,80,45,0.04,0.78,628,364,237,40,82,13,0.57,0.4,5,1,0
241,264,425,59,28,0.5,0.99,301,40,171,75,7,16,0.35,0.9,0,0,1
88,198,285,70,12,0.81,0.83,168,45,180,46,66,21,0.46,1.0,3,0,1
403,22,482,57,0,0.13,0.38,355,48,186,63,16,25,0.44,0.6,3,0,1
158,200,121,76,105,0.15,0.74,545,262,267,56,91,19,0.77,0.6,1,0,0
406,104,251,49,2,0.85,0.75,323,105,103,58,26,16,0.57,0.6,0,0,1
498,30,116,54,84,0.98,0.62,292,98,66,40,28,10,0.38,1.0,2,0,1
452,51,107,46,36,0.61,0.52,100,435,128,69,56,2,0.57,1.0,0,0,0
196,387,379,68,7,0.92,1.0,531,219,66,55,19,4,0.73,0.6,1,0,1
294,50,58,36,73,0.46,0.33,882,79,77,43,112,10,0.71,0.6,0,1,0
204,148,197,69,3,0.42,0.38,225,63,157,36,36,20,0.92,0.4,0,1,1
60,273,220,52,76,0.14,0.32,666,200,274,73,20,6,0.74,0.4,1,0,0
214,85,449,36,28,0.09,0.66,284,503,239,73,41,8,0.48,0.9,0,0,0
315,356,355,44,22,0.77,0.63,166,587,200,41,49,5,0.31,0.6,2,0,1
170,351,127,75,107,0.72,0.37,205,141,252,42,32,19,0.45,0.4,0,1,1
111,227,468,59,60,0.53,0.79,227,310,217,69,59,1,0.47,0.8,2,0,1
360,25,473,57,100,0.67,0.48,187,48,275,76,12,4,0.59,0.4,0,1,1
168,191,366,61,51,0.52,0.65,886,365,300,32,66,15,0.59,0.6,3,0,0
60,168,394,68,85,0.64,0.39,168,254,291,55,0,11,0.39,0.8,0,0,1
677,241,372,36,48,0.58,0.62,132,76,163,31,85,10,0.71,1.0,0,0,1
136,150,163,78,88,0.68,0.65,471,475,255,35,108,4,0.81,0.9,0,0,1
235,302,130,41,9,0.76,0.68,319,539,260,38,32,20,0.76,0.4,5,0,0
636,223,213,40,100,0.84,0.93,828,476,10,54,2,25,0.4,0.9,10,0,0
415,341,440,65,116,0.29,0.87,694,231,189,48,68,14,0.85,0.9,0,0,1
139,389,250,55,6,0.62,0.64,278,197,70,61,3,15,0.43,0.9,0,0,1
198,64,132,78,23,0.97,0.61,923,543,113,72,110,13,0.45,0.9,0,0,0
422,296,396,48,59,0.95,0.46,404,336,166,79,15,7,0.62,1.0,2,0,1
392,160,394,54,80,0.53,0.37,932,191,182,58,94,11,0.69,1.0,5,0,0
460,245,140,64,72,0.46,0.71,885,571,271,45,25,14,0.64,0.9,3,0,0
656,221,337,65,57,0.08,0.59,625,171,224,37,80,7,0.45,0.6,5,0,1
74,149,53,80,0,0.74,0.51,827,288,44,35,18,8,0.87,1.0,10,0,0
660,326,500,78,88,0.01,0.67,325,162,15,33,95,12,0.86,0.8,5,0,1
356,324,88,64,75,0.09,0.41,160,590,137,37,66,21,0.92,0.4,0,0,0
589,175,133,41,106,0.29,0.99,557,105,275,31,74,11,0.76,1.0,3,0,1
336,15,469,54,51,0.36,0.47,948,428,28,77,86,11,0.88,0.8,1,1,0
108,162,279,59,27,0.11,0.5,445,298,58,46,91,14,0.58,1.0,10,0,0
268,324,489,39,1,0.01,0.52,965,406,192,53,47,17,0.77,0.9,5,1,0
474,100,303,30,5,0.62,0.81,579,423,32,47,78,13,0.33,0.9,2,0,1
161,157,34,80,84,0.12,0.68,876,460,107,48,73,2,0.53,0.6,0,1,0
699,391,261,49,1,0.64,0.36,246,76,264,34,57,8,0.58,0.4,2,0,1
476,100,130,43,8,0.36,0.62,748,596,218,43,107,13,0.96,0.8,0,0,0
783,343,329,76,112,0.68,0.61,614,258,207,37,58,6,0.43,0.4,5,0,1
281,98,181,41,26,0.17,0.64,219,444,121,37,80,14,0.82,0.6,10,1,0
222,87,263,48,50,0.88,0.48,943,311,156,52,80,14,0.53,0.6,10,0,0
750,391,404,52,117,0.03,0.56,625,89,293,65,49,7,0.92,0.6,0,1,1
769,129,129,48,17,0.51,0.58,886,491,34,32,9,0,0.66,1.0,10,1,0
126,118,460,34,108,0.89,0.34,617,371,272,74,119,0,0.34,0.6,0,0,0
116,136,386,59,14,0.66,0.93,707,415,45,65,21,17,0.31,0.9,0,0,1
414,257,191,68,87,0.92,0.45,594,325,206,79,10,21,0.8,0.8,10,0,0
152,157,262,65,93,0.51,0.5,791,176,88,68,38,19,0.91,0.8,2,0,0
583,186,383,76,37,0.62,0.88,716,512,296,53,40,8,0.76,1.0,1,0,1
729,371,457,38,96,0.42,0.56,184,478,188,47,75,24,0.32,0.9,5,0,1
447,83,444,32,109,0.95,0.87,163,266,185,54,64,1,0.57,0.9,1,1,1
660,162,455,63,71,0.39,0.41,593,135,300,77,78,19,0.43,0.4,0,0,1
779,387,230,46,89,0.01,0.8,194,288,227,64,108,4,0.62,0.9,0,0,1
82,278,256,43,64,0.83,0.92,889,566,69,45,31,13,0.57,0.9,5,0,0
498,88,464,46,12,0.84,0.34,818,279,60,46,67,18,0.88,0.6,0,0,0
198,46,396,35,62,0.97,0.8,292,215,159,44,107,16,0.42,0.9,3,1,1
737,208,190,65,67,0.9,0.64,386,125,42,73,41,6,0.44,0.8,0,1,1
139,360,323,54,21,0.04,0.85,356,540,266,63,88,15,0.85,1.0,0,1,0
693,380,455,78,113,0.01,0.88,337,58,199,76,109,14,0.63,0.9,5,1,1
198,254,212,47,42,0.12,0.56,616,121,140,72,46,20,0.5,0.8,10,0,0
223,298,88,66,102,0.68,0.52,576,285,109,32,51,19,0.8,0.4,2,0,0
572,276,71,36,11,0.35,0.73,398,369,77,61,18,20,0.7,0.4,1,0,0
336,300,218,65,92,0.46,0.89,446,153,66,73,61,0,0.94,1.0,5,1,1
277,120,205,38,84,0.69,0.62,459,205,68,42,26,16,0.37,0.8,3,0,1
99,388,405,32,108,0.49,0.9,561,146,251,48,18,0,0.84,0.6,5,1,0
490,154,497,35,89,0.69,0.7,764,324,278,75,73,6,0.84,0.9,2,0,0
183,89,169,57,32,0.99,0.8,559,175,63,56,36,20,0.94,0.8,0,1,0
301,161,56,52,4,0.68,0.38,205,68,18,61,97,3,0.94,0.4,0,0,0
336,205,198,49,21,0.72,0.59,382,599,229,54,55,20,1.0,0.4,0,0,0
607,234,262,66,79,0.17,0.95,770,213,231,78,29,1,0.43,0.9,0,0,1
518,245,53,46,15,0.51,0.93,529,78,126,40,20,3,0.75,0.9,1,0,1
386,377,31,70,93,0.61,0.56,255,573,263,39,87,12,0.52,0.4,0,1,1
73,299,381,78,27,0.43,0.6,800,400,251,74,6,5,0.66,1.0,1,0,0
366,186,499,57,13,0.37,0.8,665,600,132,36,13,19,0.43,0.9,0,1,1
120,222,380,62,57,0.38,0.78,105,200,217,65,1,6,0.67,1.0,0,1,1
107,248,249,55,2,0.69,0.86,840,96,46,60,103,6,0.8,1.0,1,0,1
744,314,81,64,1,0.23,0.75,182,127,81,30,56,13,0.77,0.4,10,0,0
398,253,73,62,75,0.4,0.39,658,579,285,78,31,13,0.81,1.0,2,0,0
278,258,375,33,74,0.39,0.75,948,516,233,74,41,9,0.58,0.6,2,1,0
129,35,79,70,73,0.86,0.33,691,110,289,52,3,8,0.6,1.0,1,0,0
525,150,110,41,85,0.07,0.5,917,360,132,61,47,20,0.41,1.0,0,1,0
498,309,192,50,18,0.34,0.52,542,462,246,68,96,10,0.3,1.0,1,1,1
724,22,334,74,92,0.37,0.71,562,294,18,47,113,21,0.69,0.6,1,0,1
257,236,466,76,74,0.29,0.6,114,198,164,54,36,5,0.87,0.9,2,0,1
286,109,432,45,18,0.53,0.59,512,74,127,69,16,7,0.78,1.0,0,0,1
600,252,442,38,29,0.51,0.62,221,560,23,54,75,16,0.57,0.6,0,1,1
646,244,473,52,62,0.74,0.55,100,119,82,67,2,10,0.46,0.8,0,0,1
263,323,458,61,88,0.78,0.75,756,461,165,52,23,2,0.79,0.9,10,1,0
417,252,218,74,120,0.54,0.5,832,188,164,76,25,15,0.49,0.8,0,1,1
267,147,450,36,79,0.29,0.34,128,344,143,46,0,22,0.57,1.0,0,0,1
767,293,139,38,28,0.03,0.9,630,510,136,37,120,22,0.51,0.8,0,0,1
518,238,178,49,38,0.91,0.51,904,247,263,54,15,12,0.76,1.0,5,1,0
545,357,302,67,30,0.24,0.49,388,513,175,32,89,9,0.75,0.8,0,0,1
682,123,46,78,110,0.58,0.39,896,529,60,52,54,24,0.52,1.0,0,1,1
682,384,187,35,114,0.26,0.72,240,184,295,45,99,4,0.35,0.4,2,0,1
158,242,63,46,47,0.39,0.65,714,547,170,34,52,19,0.91,1.0,0,0,0
538,28,111,38,38,0.44,0.7,349,120,10,64,7,9,0.5,0.9,5,0,1
340,45,122,46,11,0.62,0.55,521,529,40,33,43,5,0.32,0.8,0,0,1
255,59,184,39,98,0.93,0.95,550,519,158,62,91,25,0.94,1.0,3,1,0
540,12,441,80,35,0.31,0.72,880,539,79,39,8,16,0.56,0.6,10,0,0
542,323,181,48,37,0.55,0.5,606,331,299,71,82,21,0.71,1.0,10,0,0
782,124,124,56,110,0.24,0.92,446,265,264,39,116,23,0.32,1.0,0,0,1
212,357,217,46,44,0.54,0.39,594,56,75,50,59,22,0.65,0.4,3,0,0
708,59,323,36,103,0.81,0.75,962,558,240,78,64,18,0.9,0.9,0,0,0
357,198,408,35,79,0.16,0.49,288,102,27,32,39,2,0.38,1.0,10,0,1
209,366,441,66,26,0.87,0.4,390,140,290,57,117,5,0.72,0.4,5,0,0
312,251,132,58,34,0.04,0.55,739,304,150,52,64,25,0.5,0.8,0,0,0
201,184,138,30,54,0.25,0.45,711,88,95,59,105,10,0.48,1.0,0,0,0
225,295,50,55,31,0.28,0.33,145,77,51,55,86,6,0.4,0.4,3,1,0
133,181,87,58,85,0.09,0.75,740,195,124,39,6,0,0.88,0.8,2,1,0
194,138,242,70,53,0.32,0.67,495,469,202,51,59,11,0.94,0.4,0,0,0
191,398,356,68,3,0.58,0.72,604,514,142,47,79,21,0.46,0.8,5,0,0
446,161,138,60,87,0.85,0.7,652,264,212,34,65,12,0.66,0.9,3,1,1
741,79,426,42,54,0.13,0.78,753,314,128,80,111,0,0.69,1.0,1,0,1
116,203,229,56,98,0.57,0.6,309,118,198,57,41,11,0.39,0.8,5,1,1
663,184,335,53,94,0.46,0.36,993,568,175,49,6,15,0.67,1.0,1,1,1
681,169,228,46,110,0.41,0.44,384,122,48,67,109,22,0.34,0.8,0,1,1
340,195,472,31,16,0.56,0.78,693,360,56,48,71,25,0.87,0.9,10,1,0
173,188,485,35,84,0.51,0.74,961,70,264,74,22,14,0.52,0.6,0,0,1
192,60,346,41,40,0.74,0.86,799,550,50,40,39,11,0.68,0.6,0,0,0
585,388,429,43,61,0.7,0.98,280,322,255,48,54,18,0.62,0.4,2,0,1
337,128,165,40,8,0.11,0.76,649,113,231,52,61,4,0.87,0.9,0,0,0
351,259,375,54,78,0.41,0.7,263,560,203,51,92,2,0.99,1.0,0,1,1
468,45,163,76,50,0.29,0.53,449,272,186,63,6,9,0.67,0.6,1,1,1
611,121,45,74,93,0.5,0.78,602,505,242,73,114,11,0.5,0.9,10,0,0
562,343,312,44,19,0.57,0.34,276,320,151,44,37,20,0.5,0.9,10,1,0
684,349,252,62,103,0.19,0.65,323,245,134,37,64,4,0.72,0.8,10,0,1
734,364,145,57,51,0.44,0.88,237,323,252,74,48,16,0.73,0.6,3,0,1
555,115,451,44,96,0.43,0.45,136,591,133,49,30,7,0.98,0.8,10,0,0
394,382,64,44,73,0.68,0.75,339,434,62,41,105,10,0.64,0.4,0,0,0
465,138,107,51,40,0.51,0.96,896,110,151,73,40,15,0.42,1.0,0,0,1
569,344,382,67,91,0.23,0.92,350,274,57,79,95,19,0.82,0.8,0,0,1
487,369,40,61,56,0.85,0.52,751,375,260,58,25,11,0.61,0.8,2,0,0
749,227,84,80,115,0.77,0.46,164,553,63,34,18,0,0.77,0.8,5,1,1
583,266,351,49,39,0.2,0.93,416,181,293,55,17,17,0.87,0.8,10,0,0
425,397,237,43,83,0.93,0.57,502,238,89,34,4,21,0.81,0.8,2,0,1
430,360,462,48,41,0.12,0.93,968,593,105,49,20,17,0.4,1.0,10,0,0
781,155,480,40,19,0.54,0.79,619,600,144,50,44,0,0.32,1.0,3,0,1
517,325,95,68,75,0.93,0.32,760,102,101,41,91,6,0.92,0.9,10,0,0
94,237,59,39,41,0.33,0.76,790,587,90,73,73,17,0.82,0.6,1,0,0
257,35,449,52,50,0.33,0.32,294,129,116,51,56,17,0.79,0.9,0,0,1
281,296,83,73,104,0.75,0.53,468,230,243,76,106,8,0.75,0.9,10,0,0
774,114,266,74,85,0.44,0.94,535,426,55,41,68,21,0.88,1.0,3,0,1
535,305,368,53,96,1.0,0.88,879,55,81,63,106,10,0.68,0.9,0,1,1
109,280,124,71,26,0.1,0.84,777,102,172,75,15,4,0.7,1.0,3,0,0
81,383,500,48,45,0.35,0.68,847,266,199,58,38,0,0.48,0.4,5,0,0
62,74,64,31,93,0.6,0.68,488,563,247,57,113,4,0.32,0.6,0,1,0
320,162,243,41,114,0.41,0.7,819,553,13,66,92,12,0.88,0.9,1,0,0
200,371,185,42,53,0.88,0.94,334,465,122,79,23,25,0.31,0.6,2,1,1
774,398,412,39,8,0.38,0.9,599,371,139,71,76,0,0.83,0.6,3,1,0
535,28,132,69,72,0.82,0.95,318,591,273,59,50,18,0.96,0.4,0,1,1
162,190,190,65,65,0.26,0.63,106,252,66,76,82,15,0.48,0.4,0,1,1
452,10,388,60,50,0.41,0.49,318,563,257,55,96,15,0.37,0.9,0,1,1
206,330,121,73,40,0.45,0.85,218,219,113,60,52,12,0.75,0.9,1,0,1
388,243,451,41,113,0.55,0.38,228,523,173,46,64,4,0.95,1.0,0,0,1
476,215,295,76,9,0.86,0.99,217,213,102,72,116,2,0.78,0.4,1,0,1
185,43,461,79,47,0.53,0.68,286,112,204,72,111,23,0.91,0.6,0,1,1
367,253,451,38,72,0.62,0.81,672,285,259,42,77,10,0.88,0.9,2,1,1
175,384,249,55,5,0.81,0.47,206,235,13,74,119,22,0.76,0.4,1,1,0
180,70,355,35,42,0.75,0.57,610,105,139,56,58,15,0.83,0.9,0,0,0
86,41,179,66,114,0.48,0.94,920,62,166,56,55,24,0.36,1.0,1,0,1
90,125,56,55,2,0.7,0.57,379,97,15,44,109,17,0.95,0.8,0,1,0
394,102,254,37,84,0.59,0.32,457,597,283,57,11,4,0.75,0.8,5,0,0
744,273,245,59,1,0.74,0.59,624,324,232,79,25,10,0.82,0.4,0,0,0
641,229,334,72,40,0.92,0.72,553,227,127,67,96,16,0.59,1.0,0,1,1
773,259,289,52,56,0.22,0.9,419,365,122,63,111,12,0.36,1.0,3,1,1
753,256,395,39,26,0.51,0.84,859,411,72,74,97,7,0.86,1.0,10,1,0
149,137,225,73,94,0.15,0.63,589,43,185,45,119,18,0.5,0.9,0,0,1
495,78,441,74,51,0.99,0.46,442,332,72,34,72,22,0.79,1.0,5,0,1
690,324,298,49,19,0.69,0.77,160,446,234,43,16,1,0.94,0.9,1,1,1
355,99,470,79,69,0.26,0.76,423,471,205,43,110,3,0.35,1.0,0,0,1
180,400,226,54,101,0.17,0.85,898,342,54,38,21,9,0.34,0.4,0,0,0
133,326,138,30,6,0.29,0.6,442,376,14,62,79,21,0.49,1.0,2,0,0
672,277,422,55,23,0.01,0.35,496,253,150,51,67,0,0.68,0.6,0,0,1
366,94,399,72,3,0.4,0.45,834,246,193,70,18,11,0.58,0.9,5,0,0
561,246,334,46,81,0.63,0.98,317,382,126,39,52,22,0.41,0.9,10,0,1
538,225,116,54,96,0.65,0.85,750,139,108,64,89,12,0.56,0.9,2,1,1
665,41,431,54,64,0.56,0.85,847,321,45,36,10,25,0.69,0.6,1,0,1
492,217,92,73,41,0.09,0.42,634,451,73,76,117,14,0.73,0.4,5,0,0
690,292,155,50,85,0.5,0.53,553,490,19,53,108,25,0.58,0.6,0,0,0
472,386,61,68,104,0.71,0.99,624,343,119,55,115,15,0.6,0.6,0,0,0
734,68,38,44,65,0.59,0.98,860,413,48,47,97,22,0.74,0.4,10,1,0
77,232,298,40,9,0.62,0.42,336,330,128,63,88,25,0.5,0.4,0,0,0
713,388,278,75,41,0.2,0.51,639,277,13,35,93,0,0.98,1.0,0,1,1
758,149,198,57,112,0.55,0.48,697,257,291,33,113,3,0.48,0.4,0,1,1
784,123,244,70,30,0.56,0.59,492,445,95,40,60,24,0.67,0.4,10,0,0
194,109,394,58,113,0.7,0.54,813,541,33,31,102,6,0.95,1.0,0,1,1
698,305,157,66,34,0.44,0.32,439,249,262,73,23,1,0.84,0.4,1,0,0
527,368,309,58,40,0.48,0.37,468,292,234,47,50,4,0.72,0.8,0,0,1
161,64,416,71,41,0.38,0.31,809,277,300,67,71,14,0.72,0.6,3,1,0
389,199,113,70,85,0.49,0.66,553,183,166,34,117,19,0.47,0.8,2,0,1
754,277,98,70,78,0.79,0.38,431,106,119,72,91,19,0.72,0.9,1,1,1
344,360,273,32,90,0.15,0.47,978,266,89,59,72,1,0.68,0.9,0,1,0
524,374,441,66,30,0.64,0.73,245,420,266,45,23,2,0.77,0.8,0,1,1
190,234,364,72,56,0.91,0.71,986,98,25,48,26,8,0.78,0.8,3,0,1
617,361,54,41,19,0.85,0.42,358,111,145,45,92,21,0.35,0.8,3,0,0
530,13,187,80,113,0.89,0.43,607,127,29,42,62,6,0.5,0.9,0,0,1
98,105,171,36,93,0.22,0.37,556,438,11,35,46,17,0.62,0.9,0,1,0
283,167,393,52,24,0.39,0.71,819,213,232,43,5,17,0.68,0.4,0,1,1
392,124,251,46,98,0.9,0.34,451,543,222,65,55,15,0.66,0.8,1,1,0
786,339,342,53,96,0.51,0.48,513,192,168,77,76,1,0.83,0.9,1,0,1
796,36,164,72,65,0.83,0.87,636,74,191,60,24,12,0.72,1.0,0,0,1
650,13,141,54,103,0.31,0.64,697,571,125,66,30,9,0.4,0.8,2,0,0
665,291,471,77,11,0.54,0.79,233,95,78,33,43,12,0.89,1.0,5,1,1
275,253,337,43,55,0.57,0.3,942,265,255,63,42,4,0.76,0.9,3,0,0
269,111,69,75,77,0.86,0.31,645,45,96,69,51,10,0.34,0.6,3,0,0
788,10,390,34,86,0.99,0.88,749,193,166,50,115,18,0.82,0.6,3,1,1
191,182,217,79,105,0.93,0.57,218,191,235,68,30,18,0.96,1.0,0,1,1
364,398,118,56,5,0.45,0.78,871,476,23,58,114,1,0.98,1.0,5,1,0
701,85,108,54,86,0.75,0.75,641,64,261,43,1,2,0.76,0.9,0,0,1
739,332,42,30,27,0.13,0.49,869,467,239,32,90,10,0.53,1.0,0,0,0
340,295,346,59,83,0.83,0.94,337,552,202,55,31,12,0.6,0.9,3,0,1
146,329,434,51,63,0.97,0.9,974,252,32,40,39,19,0.62,0.6,2,0,1
744,126,345,63,58,0.09,0.78,146,595,30,36,118,20,0.65,0.9,0,0,1
530,215,426,71,62,0.2,0.76,141,331,279,58,48,18,0.85,0.4,1,0,1
405,155,363,59,51,0.42,0.38,645,166,183,78,97,19,0.87,0.6,3,1,0
530,224,228,73,112,0.01,0.46,876,542,175,43,57,24,0.97,0.9,0,1,0
400,47,369,65,61,0.12,0.5,420,316,151,34,93,18,0.87,0.8,0,0,1
299,184,351,59,46,0.57,0.53,667,533,76,61,104,5,0.7,1.0,2,0,0
462,183,184,31,10,0.62,0.95,299,441,178,68,56,14,0.37,0.6,3,0,0
131,346,147,56,46,0.42,0.66,888,263,58,32,29,18,0.56,1.0,2,1,1
106,20,92,42,93,0.0,0.96,921,497,183,65,61,21,0.55,0.8,5,1,0
294,340,372,73,101,0.97,0.65,812,511,41,56,66,18,0.31,0.4,0,0,1
214,338,260,54,71,0.31,0.36,440,193,109,53,87,21,0.47,0.4,5,0,0
771,278,266,67,52,0.92,0.65,568,167,289,44,77,17,0.43,0.4,2,1,1
212,46,123,44,93,0.03,0.72,106,461,137,63,77,7,0.63,0.4,3,0,0
284,59,329,58,37,0.6,0.56,687,483,264,41,8,9,0.44,0.6,3,0,0
499,69,282,53,45,0.2,0.44,729,401,27,41,101,11,0.36,0.6,5,1,0
598,77,366,50,13,0.08,0.67,268,75,277,36,31,11,0.87,0.4,0,1,1
359,104,403,79,64,0.66,0.59,713,426,43,46,25,24,0.99,1.0,0,0,1
235,262,108,49,24,0.73,0.96,366,336,103,35,3,25,0.79,0.8,3,0,1
638,243,124,40,79,0.26,0.51,327,86,84,50,10,18,0.44,0.4,10,0,0
57,152,136,68,5,0.64,0.93,855,291,85,74,75,10,0.65,0.8,0,1,0
314,233,123,78,17,0.02,0.69,633,269,257,77,61,8,0.7,0.8,3,1,0
163,256,428,30,36,0.56,0.87,378,418,287,60,19,11,0.41,0.9,5,1,0
759,225,97,45,8,0.23,0.48,161,375,45,57,56,13,0.57,1.0,0,0,1
693,350,86,35,35,0.64,0.41,811,93,17,36,102,18,0.85,0.8,1,1,0
569,97,306,53,76,0.25,0.85,687,303,66,32,45,7,0.34,0.8,5,0,1
485,236,321,38,103,0.04,0.32,643,380,161,41,79,22,0.98,1.0,1,0,0
575,12,65,46,7,0.79,0.56,957,399,150,42,35,20,0.95,0.9,0,0,0
121,165,404,66,6,0.89,0.34,690,199,195,48,44,8,0.37,0.6,3,0,0
344,135,119,49,44,0.67,0.67,137,329,266,47,2,10,0.82,0.4,0,0,1
597,393,373,47,107,0.17,0.72,900,590,119,67,15,24,0.54,0.9,0,1,0
772,366,434,73,11,0.35,0.35,920,482,95,59,7,15,0.77,0.9,5,0,0
72,353,487,79,60,0.38,0.99,871,482,30,30,89,25,0.96,0.9,0,1,1
692,167,451,41,31,0.03,0.91,490,403,151,33,53,19,0.83,0.4,3,0,1
115,230,146,36,3,0.69,0.73,618,303,66,57,97,6,0.67,0.8,2,0,0
567,141,291,64,114,0.51,0.6,807,302,157,41,27,13,0.49,1.0,0,0,1
753,336,385,41,13,0.76,0.41,665,489,81,56,113,13,0.45,0.6,10,0,0
245,45,330,60,40,0.93,0.81,186,64,166,32,71,14,0.77,1.0,1,0,1
97,16,224,76,98,0.05,0.82,565,260,38,67,54,0,0.93,0.4,1,0,0
382,137,139,73,21,0.63,0.63,891,207,47,58,48,18,0.88,0.4,0,0,0
54,320,440,80,103,0.57,0.6,423,55,250,55,81,20,0.9,0.4,3,0,1
318,15,372,34,38,0.01,0.46,358,422,155,51,80,0,0.76,0.9,0,1,0
498,227,318,44,54,0.15,0.58,133,197,263,51,118,9,0.9,1.0,10,0,0
546,294,50,38,115,0.55,0.91,670,320,197,43,62,9,0.77,1.0,10,0,0
536,140,79,64,70,0.71,0.38,490,345,43,62,109,11,0.33,0.6,1,0,0
737,202,197,43,87,0.7,0.83,711,457,121,54,77,24,0.43,0.6,3,0,1
753,321,307,77,64,0.05,0.51,143,333,45,75,62,1,0.91,0.9,5,0,1
243,134,488,36,75,0.75,0.83,873,535,291,62,118,3,0.66,0.9,0,1,0
498,149,298,76,97,0.17,0.39,140,127,95,77,11,16,0.98,0.9,0,0,1
407,215,460,42,56,0.62,0.96,330,402,272,79,13,7,0.38,1.0,0,1,1
204,30,121,38,96,0.92,0.35,131,487,254,54,78,11,0.45,0.8,3,0,0
720,244,76,34,64,0.4,0.37,965,331,109,77,88,4,0.4,0.8,10,0,0
542,346,154,44,54,0.09,0.82,262,514,216,44,111,1,0.36,1.0,2,1,1
273,147,289,46,77,0.92,0.69,475,211,48,65,61,20,0.57,1.0,10,1,0
729,182,82,50,53,0.44,0.67,580,352,275,79,82,24,0.57,0.4,1,0,0
55,277,216,46,105,0.42,0.6,273,230,104,52,22,25,0.41,1.0,1,0,1
135,365,365,51,90,0.28,0.9,317,79,179,62,58,16,0.55,0.4,1,0,1
52,234,408,45,118,0.24,0.62,818,66,117,52,106,19,0.42,0.6,2,1,0
475,333,87,62,109,0.44,0.44,351,559,28,56,11,17,0.68,0.6,5,1,0
468,220,487,67,50,0.54,0.72,602,531,206,31,99,25,0.42,1.0,0,0,1
617,334,328,46,46,0.14,0.51,287,274,218,71,117,10,0.61,0.9,0,0,1
104,316,99,75,90,0.98,0.74,623,289,22,57,49,12,0.58,0.6,2,0,0
444,182,362,39,40,0.16,0.46,349,396,240,56,93,24,0.61,0.4,2,1,0
281,160,459,50,87,0.8,0.57,201,66,125,67,50,22,0.46,0.4,0,0,1
378,120,372,66,37,0.02,0.95,567,189,298,54,35,18,0.72,0.6,3,0,1
788,137,178,33,111,0.66,0.54,453,219,295,56,93,2,0.54,1.0,10,0,0
529,33,108,35,92,0.92,0.71,520,339,71,47,66,10,0.61,0.6,3,0,0
558,372,429,50,6,0.23,0.72,441,246,112,73,10,2,0.43,0.9,0,0,1
635,94,80,64,100,0.04,0.48,728,95,259,65,25,8,0.5,0.4,3,1,0
450,54,303,36,106,0.21,0.61,506,128,199,38,68,8,0.88,1.0,0,1,1
143,200,384,64,76,0.41,0.7,753,225,238,39,100,21,0.57,0.6,0,0,1
533,41,226,68,3,0.54,0.81,103,421,159,66,36,1,0.97,0.6,5,1,1
402,364,145,80,32,0.8,0.59,863,324,149,79,115,13,0.4,1.0,3,0,0
72,212,33,40,15,0.91,0.42,838,495,156,32,98,3,0.4,0.8,0,1,0
243,334,118,75,107,0.32,0.7,884,341,133,57,63,2,0.32,0.6,0,1,1
524,194,314,73,16,0.71,0.43,342,192,70,52,96,10,0.46,0.8,10,0,0
514,332,362,59,90,0.83,0.42,720,68,85,54,98,1,0.78,0.9,5,0,1
475,69,261,38,38,0.53,0.46,190,535,96,32,16,23,0.68,0.9,3,0,1
274,369,278,68,80,0.09,0.37,930,539,124,52,62,11,0.8,1.0,5,0,0
190,240,275,45,21,0.93,0.32,921,532,92,35,107,14,0.63,0.9,2,0,0
390,362,412,74,96,0.24,0.79,769,85,98,80,42,18,0.45,0.4,0,0,1
349,345,339,51,81,0.28,0.98,111,530,205,38,9,3,0.33,0.6,5,0,1
726,154,82,61,61,0.81,0.67,250,494,220,34,25,20,0.99,0.4,0,0,1
634,207,448,79,55,0.42,0.48,646,40,76,46,5,11,0.96,0.8,2,0,1
68,179,336,64,9,0.71,0.62,788,459,132,67,5,15,0.56,0.4,0,0,0
749,379,143,58,75,0.93,0.35,121,376,63,47,28,13,0.37,0.6,5,0,1
600,232,117,32,102,0.5,0.52,163,264,84,51,78,22,0.44,0.4,10,1,0
370,171,361,63,13,0.09,0.42,935,413,232,74,86,20,0.83,0.4,0,1,0
332,172,353,64,62,0.13,0.93,958,342,53,34,114,16,0.43,0.4,0,0,1
53,303,396,57,5,1.0,0.68,592,199,253,71,39,19,0.48,1.0,3,0,0
129,378,272,79,109,0.66,0.72,355,182,252,45,67,11,0.66,1.0,3,0,1
51,194,429,45,97,0.27,0.68,592,100,216,58,58,25,0.34,0.9,0,0,1
694,378,364,42,76,0.52,0.45,522,224,161,54,25,24,0.74,0.9,0,0,1
346,304,308,30,64,0.39,0.66,107,77,81,46,104,5,0.54,1.0,0,1,1
672,105,371,76,5,0.07,0.58,917,567,111,65,30,23,0.47,0.4,5,0,0
203,159,285,62,92,0.72,0.78,524,110,62,40,112,6,0.96,1.0,0,0,1
174,47,310,75,82,0.55,0.54,821,88,128,52,2,6,0.34,0.6,2,1,1
300,68,80,77,40,0.37,0.39,288,191,30,51,15,12,0.75,1.0,0,1,1
456,334,388,41,9,0.06,0.32,357,337,263,35,89,13,0.48,0.8,2,1,1
678,307,173,38,42,0.15,0.61,172,174,18,66,78,18,0.96,0.9,5,1,0
779,48,60,49,73,0.15,0.91,728,361,220,65,52,4,0.37,0.9,0,1,0
182,194,67,62,61,0.91,0.39,171,490,169,78,7,10,0.5,1.0,10,0,0
330,188,332,55,5,0.96,0.48,640,526,181,53,30,24,0.73,0.6,1,0,0
289,54,399,39,69,0.84,0.54,974,427,122,30,108,18,0.41,0.6,3,0,0
499,397,142,51,28,0.21,0.75,684,556,12,76,19,18,0.99,0.9,1,0,0
328,178,339,34,7,0.26,0.51,933,264,146,50,66,24,0.36,1.0,3,1,0
289,279,344,74,108,0.91,0.69,164,217,58,56,29,25,0.91,0.6,0,1,1
353,375,301,57,34,0.58,0.57,606,288,134,47,69,24,0.57,1.0,0,1,1
407,155,233,71,55,0.28,0.88,691,130,21,58,100,0,0.53,0.6,2,0,1
118,175,487,78,51,0.17,0.37,423,286,141,35,21,4,0.77,0.4,10,0,0
179,118,45,53,43,0.6,0.32,285,228,272,73,91,20,0.74,0.8,0,0,0
683,332,305,48,84,0.85,0.79,628,193,64,77,119,4,0.61,1.0,3,0,1
327,100,209,46,43,0.42,0.95,220,141,32,37,94,11,1.0,1.0,1,0,1
720,308,109,64,60,0.53,0.41,932,425,234,80,109,21,0.67,0.9,0,0,0
266,322,207,61,80,0.27,0.45,299,241,84,67,114,14,0.35,0.4,0,1,1
783,169,272,36,43,0.69,0.63,195,500,39,51,3,12,0.51,0.9,0,1,1
448,377,497,73,113,0.93,0.35,449,527,251,79,18,0,0.32,0.6,0,0,1
265,123,467,43,36,0.69,0.57,443,40,277,70,21,19,0.32,0.4,5,1,1
610,195,236,61,96,0.02,1.0,611,462,215,78,69,10,0.86,0.9,0,0,0
750,100,139,33,12,0.65,0.38,148,176,75,36,62,3,0.47,0.6,2,0,1
613,262,186,69,73,0.9,0.35,616,245,165,51,74,5,0.76,0.9,10,0,0
593,27,390,64,31,0.95,0.68,583,549,163,73,90,12,0.7,0.4,3,1,0
550,39,321,73,90,0.97,0.5,375,402,72,32,28,23,0.49,0.8,0,1,1
409,358,107,72,71,0.25,0.44,345,77,16,33,47,11,0.83,0.4,5,0,0
727,335,469,73,42,0.31,0.76,118,598,32,68,37,17,0.44,0.9,3,0,1
366,53,198,33,41,0.88,0.6,429,364,131,56,48,23,0.91,0.4,10,0,0
601,182,339,72,116,0.86,0.5,877,245,186,68,85,17,0.38,0.9,0,0,1
319,27,271,63,79,0.99,0.97,116,134,50,80,108,1,0.87,1.0,0,0,1
659,352,342,54,26,0.87,0.49,809,288,120,70,59,15,0.73,0.4,2,0,0
469,322,319,76,72,0.79,0.79,926,563,98,56,72,25,0.69,0.4,10,0,0
649,124,147,55,18,0.69,0.55,186,60,115,69,50,20,0.49,0.8,0,1,1
398,40,194,50,79,0.7,0.39,410,534,141,38,106,1,0.74,0.6,5,0,0
288,254,452,41,48,0.16,0.98,620,108,123,30,22,16,0.88,0.9,10,1,0
795,368,428,70,104,0.93,0.87,556,135,249,32,9,19,0.35,0.4,0,0,1
776,105,330,72,114,0.38,0.44,293,410,110,70,43,8,0.6,1.0,5,1,1
281,161,265,43,80,0.43,0.3,501,90,87,49,42,5,0.85,0.8,0,0,1
155,203,234,69,116,0.53,0.33,966,206,24,53,53,16,0.78,0.8,5,0,0
372,69,107,71,102,0.49,0.59,194,235,185,63,77,1,0.3,0.4,5,0,1
465,84,460,77,23,0.91,0.99,896,303,163,52,38,21,0.63,0.4,0,1,1
538,372,431,55,14,0.87,0.35,561,257,247,45,116,8,0.63,1.0,2,0,1
220,292,376,71,30,0.52,0.43,445,528,201,51,104,25,0.95,0.9,1,1,0
379,179,221,38,46,0.29,0.95,760,354,57,68,99,13,0.73,0.6,2,0,0
302,95,457,47,46,0.77,0.49,780,174,196,55,85,24,0.43,0.9,5,0,0
750,131,459,42,11,0.82,0.4,567,415,62,52,56,3,0.65,0.6,0,0,1
393,92,209,31,40,1.0,0.69,175,522,84,74,17,14,0.38,0.9,0,0,1
206,332,164,43,42,0.75,0.66,408,403,168,73,99,18,0.31,0.6,0,1,0
523,113,383,77,68,0.43,0.71,635,62,199,64,115,21,0.31,1.0,0,0,1
404,67,299,71,15,0.61,0.91,152,268,255,32,8,12,0.39,1.0,0,0,1
198,397,200,74,118,0.35,0.68,231,70,80,70,99,14,0.55,0.6,2,0,1
576,381,169,63,1,0.93,0.59,962,322,149,59,66,6,0.44,0.4,0,0,0
322,276,395,70,77,0.36,0.73,396,534,66,66,76,20,0.77,0.6,5,1,0
754,288,337,34,27,0.88,0.75,862,556,110,70,6,5,0.72,0.6,1,1,0
154,274,269,31,0,0.83,0.65,255,349,205,39,48,21,0.94,0.6,3,0,0
396,228,361,80,69,0.23,0.75,636,427,189,41,9,16,0.61,0.8,0,1,1
206,316,437,75,90,0.96,0.31,362,536,166,41,28,5,0.38,0.9,0,1,1
319,160,36,63,64,0.83,0.39,965,284,39,41,56,13,0.3,0.4,0,1,0
175,47,435,78,102,0.68,0.88,266,96,144,75,13,18,0.86,0.6,0,0,1
168,218,90,69,20,0.24,0.78,344,267,248,46,89,7,0.49,0.8,5,0,0
416,161,415,59,14,0.93,0.48,211,54,72,42,100,22,0.85,0.6,0,0,1
280,120,282,43,16,0.49,0.44,360,443,145,45,25,13,0.66,0.4,5,0,0
234,62,385,71,4,0.67,0.88,611,108,207,80,48,12,0.68,0.6,0,0,1
190,141,74,80,4,0.63,0.88,364,99,230,76,39,7,0.95,1.0,3,0,0
371,115,120,41,67,0.56,0.52,924,385,274,41,78,3,0.97,0.9,1,1,0
428,204,409,59,16,0.18,0.85,398,404,182,53,66,21,0.4,0.6,2,0,1
298,222,393,40,20,0.12,0.77,834,519,50,57,112,13,0.72,1.0,10,0,0
506,25,37,78,78,0.88,0.52,292,308,196,60,88,13,0.63,1.0,5,1,0
317,300,102,79,45,0.94,0.92,101,135,181,62,73,2,0.97,0.6,5,0,1
227,47,112,50,2,0.97,0.33,991,189,265,39,87,13,0.69,0.9,0,0,0
571,306,308,39,31,0.1,0.41,264,164,257,58,111,11,0.34,0.8,2,0,1
479,51,456,60,1,0.09,0.55,951,115,125,35,77,25,0.42,1.0,0,0,1
707,22,500,52,34,0.7,0.89,904,418,163,57,56,4,0.3,0.6,2,1,1
287,55,163,75,35,0.13,0.62,273,214,94,54,53,7,0.73,0.6,3,1,1
792,395,390,55,65,0.23,0.45,763,268,288,57,31,17,0.41,1.0,0,0,1
370,99,470,75,56,0.39,0.5,259,357,101,80,78,10,0.51,0.6,1,1,1
193,77,367,52,113,0.02,0.47,154,380,180,62,0,13,0.45,0.9,3,0,1
449,365,450,63,60,0.87,0.76,441,390,99,68,37,8,0.93,1.0,3,1,1
320,23,468,42,77,0.49,0.73,929,276,234,68,40,11,0.87,0.8,1,0,0
70,84,349,61,44,0.7,0.38,944,539,114,75,48,9,0.94,0.6,5,0,0
534,170,398,57,71,0.75,0.38,996,182,186,35,89,19,0.54,1.0,0,0,1
356,161,453,56,41,0.07,0.39,969,89,219,71,32,10,0.77,0.4,3,0,0
744,221,163,49,49,0.52,0.59,778,523,143,66,26,9,0.96,0.9,1,0,0
166,197,346,67,31,0.08,0.94,350,158,273,51,115,15,1.0,1.0,0,0,1
749,304,367,51,30,0.47,0.99,579,158,135,40,75,19,0.6,0.4,0,0,1
66,189,452,33,119,0.22,0.84,421,217,72,38,118,19,0.52,0.8,3,0,0
582,226,79,65,51,0.94,0.98,690,92,291,51,33,11,0.76,0.4,3,0,1
460,228,359,35,44,0.75,0.49,529,447,60,73,10,5,0.32,0.6,0,0,1
678,319,475,51,7,0.92,0.42,749,172,182,78,52,2,0.44,0.6,0,0,1
502,293,335,72,84,0.99,0.83,693,170,153,72,22,3,0.98,0.9,0,0,1
413,206,384,51,96,0.69,0.64,373,159,30,34,71,8,0.9,0.4,3,0,1
211,89,384,49,45,0.04,0.64,424,533,173,67,22,12,0.78,0.6,1,0,0
632,83,201,73,30,0.33,0.91,170,89,79,40,101,20,0.85,0.9,5,0,1
289,372,304,75,47,0.09,0.6,279,234,244,33,48,16,0.31,0.6,0,1,1
388,259,291,50,24,0.49,0.6,577,587,226,77,66,17,0.66,0.9,2,1,0
54,354,135,45,48,0.26,0.87,674,152,201,73,67,13,0.62,1.0,0,1,0
726,346,331,57,68,0.45,0.52,755,42,298,43,101,8,0.5,0.8,0,1,1
359,391,219,39,24,0.61,0.98,241,474,240,51,38,19,0.47,0.9,2,1,1
694,319,181,62,12,0.47,0.93,640,238,131,71,27,8,0.4,0.4,0,0,1
210,291,70,68,57,0.53,0.82,638,551,106,43,105,5,0.8,0.8,10,1,0
228,95,118,77,104,0.27,0.43,406,312,194,44,23,10,0.78,0.8,0,1,1
238,150,384,69,89,0.07,0.55,876,57,159,41,16,10,0.39,1.0,0,0,1
683,90,276,36,37,0.27,0.64,555,348,55,65,16,12,0.81,1.0,0,0,0
753,274,278,69,52,0.86,0.92,287,293,41,62,112,14,0.67,0.4,3,1,1
608,163,74,53,43,0.28,0.69,970,151,67,62,0,25,0.49,0.6,2,1,0
755,64,384,75,52,0.72,0.96,413,486,243,32,81,8,0.97,0.8,0,0,1
302,234,144,53,115,0.7,0.92,945,577,174,71,1,16,0.8,0.6,2,1,0
248,389,172,70,79,0.28,0.9,218,594,12,59,68,3,0.88,0.9,0,0,1
285,246,146,73,33,0.79,0.62,642,243,260,43,46,11,0.87,0.4,0,0,0
616,207,380,33,45,0.02,0.53,842,219,241,39,25,19,0.93,0.6,5,1,0
634,131,338,41,55,0.21,0.77,443,556,291,59,19,5,0.85,1.0,10,0,0
424,69,90,75,36,0.4,0.41,873,567,64,40,69,16,0.84,1.0,3,1,0
551,300,276,43,9,0.68,0.66,881,76,151,65,87,13,0.38,1.0,10,0,0
218,116,182,48,61,0.39,0.43,493,94,248,54,39,2,0.59,0.8,2,0,1
175,152,429,73,82,0.71,0.44,617,99,152,69,76,22,0.84,1.0,5,0,0
499,219,256,62,65,0.8,0.64,414,358,280,31,33,15,0.49,0.6,0,0,1
678,103,312,60,60,0.03,0.31,369,169,52,71,36,6,0.36,1.0,2,0,1
501,376,55,72,15,0.56,0.47,916,526,222,74,101,9,0.51,0.4,0,1,0
94,359,305,38,5,0.02,0.49,453,90,52,39,103,14,0.36,0.9,2,0,1
451,217,349,47,8,0.04,0.98,696,577,37,74,9,23,0.34,1.0,0,1,1
552,178,351,40,78,0.7,0.49,540,370,93,60,94,4,0.99,0.8,3,1,0
632,134,345,39,12,0.43,0.98,366,541,23,37,88,16,0.8,1.0,2,0,1
566,338,458,80,71,0.02,0.31,604,510,156,66,52,16,0.85,0.4,3,1,0
338,362,32,36,85,0.25,0.99,109,89,57,61,91,22,0.62,1.0,5,0,0
681,35,320,62,52,0.17,0.86,490,358,193,47,67,19,0.53,0.6,0,1,1
408,369,84,34,98,0.14,0.7,821,537,180,69,78,11,0.96,0.8,0,1,0
759,74,287,50,88,0.82,0.58,436,494,293,54,98,25,0.56,0.4,0,1,1
733,16,210,30,45,0.36,0.78,416,432,273,44,87,3,0.73,0.8,3,0,0
658,46,95,72,5,0.37,0.85,361,564,267,71,47,15,0.63,0.8,3,1,0
220,387,38,47,71,0.66,0.3,585,265,271,70,106,4,0.99,0.8,2,0,0
589,181,148,42,17,0.71,0.4,463,379,30,62,77,20,0.41,0.8,0,1,0
575,341,117,33,102,0.84,0.76,126,255,77,67,91,2,0.87,0.6,1,0,1
676,337,413,67,103,0.07,0.46,586,419,118,65,35,8,0.57,0.4,0,1,1
581,28,334,44,0,0.17,0.31,882,466,239,72,57,6,0.67,0.6,0,0,0
227,283,82,46,9,0.6,0.92,661,521,100,78,100,21,0.32,0.6,10,0,0
100,102,199,77,20,0.3,0.72,528,432,172,47,37,19,0.89,0.6,0,0,0
518,26,311,49,1,0.56,0.42,577,557,235,80,84,7,0.79,0.9,2,0,0
515,151,181,64,106,0.05,0.54,956,88,198,67,74,20,0.3,0.6,0,0,1
163,371,41,37,108,0.42,0.48,569,131,218,39,31,0,0.59,0.9,0,0,0
215,117,323,77,78,0.71,0.85,924,263,285,50,11,24,0.5,0.9,0,0,1
227,347,396,63,90,0.09,0.93,952,61,253,47,37,14,0.71,1.0,3,1,1
224,109,349,66,8,0.71,0.4,735,593,204,80,86,6,0.31,0.8,0,0,0
420,32,407,59,99,0.28,0.49,781,548,157,62,37,17,0.49,0.9,0,1,1
296,336,337,30,65,0.04,0.95,259,275,154,32,14,13,0.48,0.4,3,0,1
493,367,242,57,36,0.34,0.77,285,255,117,50,37,19,0.33,1.0,0,0,1
140,75,346,43,99,0.62,0.8,684,534,30,31,4,10,0.31,0.6,0,0,1
95,196,63,50,8,0.16,0.64,563,598,247,70,66,18,0.64,0.6,2,1,0
623,294,451,78,37,0.18,0.31,371,252,184,36,92,17,0.68,1.0,2,1,1
412,189,259,32,74,0.7,0.56,393,484,62,48,109,0,0.58,0.4,2,0,0
294,69,306,48,74,0.04,1.0,509,195,194,76,116,11,0.77,0.9,0,0,1
549,150,407,67,67,0.19,0.81,479,262,235,53,105,5,0.53,0.6,3,0,1
789,147,484,62,20,0.63,0.94,995,417,36,58,70,0,0.88,1.0,0,0,1
455,147,437,41,53,0.15,0.79,739,595,23,33,64,10,0.62,0.8,3,0,1
714,95,85,50,2,0.22,0.6,403,335,26,63,53,4,0.53,1.0,10,1,0
727,95,483,77,92,0.56,0.32,168,191,218,53,56,12,0.61,1.0,0,0,1
434,80,256,69,108,0.62,0.38,717,456,196,78,79,9,0.8,1.0,0,1,1
415,228,497,65,7,0.44,0.41,571,312,131,59,49,3,0.59,0.8,0,0,1
507,43,281,69,36,0.87,0.8,143,411,163,40,72,7,0.9,0.4,10,1,0
727,76,425,43,10,0.27,0.54,436,136,296,44,44,20,0.51,0.4,3,0,1
442,22,468,55,58,0.97,0.81,622,545,127,67,90,23,0.41,0.9,0,0,1
613,48,200,75,13,0.52,0.92,265,500,34,78,95,17,0.78,0.8,5,1,0
579,294,367,77,1,0.04,0.74,979,552,18,57,42,9,0.78,1.0,0,0,1
491,261,394,33,93,0.72,0.39,241,171,192,33,32,8,0.72,0.8,10,0,1
379,132,44,68,40,0.17,0.45,749,154,22,64,90,25,0.94,0.9,0,0,0
236,190,368,58,89,0.24,0.85,339,484,103,79,91,18,0.51,1.0,2,0,1
56,378,32,50,52,0.25,0.86,189,442,187,80,35,22,0.41,0.9,10,0,0
606,244,347,53,111,0.61,0.99,387,297,172,35,63,7,0.54,1.0,10,0,1
463,388,318,38,89,0.58,1.0,787,327,61,67,47,22,0.74,0.6,0,1,1
679,183,446,65,78,0.98,0.67,863,501,263,35,104,5,0.9,0.8,2,1,1
421,324,210,79,25,0.37,0.72,101,91,187,55,115,7,0.35,0.4,0,0,1
722,323,264,33,75,0.8,0.8,997,230,21,46,111,4,0.39,0.4,0,0,1
368,143,151,31,39,0.6,0.52,612,304,253,75,10,2,0.32,0.9,5,1,0
800,26,443,32,47,0.18,0.49,413,506,147,40,118,0,0.94,0.6,10,0,0
278,310,81,64,21,0.04,0.54,417,213,216,46,91,9,0.75,0.6,0,1,0
445,399,378,49,75,0.49,0.78,931,542,292,50,10,18,0.58,0.4,10,0,0
624,223,469,59,58,0.18,0.72,295,444,25,49,77,16,0.43,0.8,2,0,1
534,166,163,75,118,0.33,0.8,131,264,155,30,104,4,0.35,0.8,5,0,1
714,326,319,42,110,0.7,0.69,464,335,155,74,85,4,0.41,1.0,5,0,1
146,271,102,38,35,0.42,0.79,827,529,69,72,34,5,0.78,0.4,3,0,0
413,210,355,61,34,0.01,0.93,357,270,214,37,95,4,0.57,1.0,0,0,1
153,51,297,80,87,0.13,0.94,795,342,48,50,20,16,0.44,0.8,0,1,1
665,280,259,69,31,0.99,0.84,374,136,288,37,78,14,0.9,0.4,2,1,1
234,224,355,40,47,0.28,0.53,487,107,88,40,90,9,1.0,0.4,5,0,0
86,120,72,43,55,0.54,0.91,643,518,172,30,19,7,0.73,0.8,3,0,0
349,313,382,47,113,0.36,0.92,788,78,112,67,117,17,0.98,0.9,1,0,1
776,332,430,77,43,0.92,0.42,279,418,236,40,13,18,0.61,0.9,0,0,1
745,366,315,50,87,0.11,0.37,347,74,224,47,97,1,0.63,1.0,2,1,1
419,178,468,55,39,0.88,0.86,742,383,299,72,18,9,0.61,0.8,2,0,1
103,185,347,34,28,0.5,0.54,397,345,299,53,8,7,0.72,0.6,0,0,0
203,355,233,42,50,0.56,0.76,697,65,36,66,102,14,0.48,0.4,2,0,1
312,355,271,70,36,0.49,0.55,753,299,237,80,55,18,0.7,0.6,1,0,0
661,157,242,35,116,0.48,0.88,248,548,196,54,49,20,0.91,0.9,3,0,1
65,11,343,42,119,0.91,0.61,689,391,39,76,51,6,0.75,0.9,3,0,0
425,295,384,73,84,0.27,0.32,121,287,267,66,39,6,0.83,0.8,0,0,1
761,227,149,30,100,0.64,0.82,104,57,284,56,16,25,0.61,0.4,0,1,1
611,194,460,39,107,0.73,0.48,623,436,217,69,96,9,0.6,0.8,1,1,1
546,294,143,35,67,0.17,0.33,806,270,277,35,108,21,0.62,0.9,1,1,0
82,171,221,40,38,0.69,0.58,713,66,20,71,17,0,0.78,0.4,1,1,0
675,90,215,46,11,0.87,0.73,938,537,12,66,109,0,0.95,0.8,0,1,0
613,342,394,68,53,0.97,0.98,410,484,277,59,82,19,0.54,0.9,3,1,1
520,231,447,51,32,0.3,0.98,211,49,122,58,115,18,0.32,0.6,0,0,1
747,347,133,38,35,0.44,0.32,503,523,23,39,3,16,0.63,0.9,5,0,0
440,15,249,60,105,0.53,0.65,650,563,210,54,16,22,0.51,1.0,2,0,1
567,337,404,34,95,0.69,0.84,256,562,72,68,48,21,0.83,1.0,0,1,1
486,171,419,50,28,0.9,0.82,792,237,180,50,112,13,0.74,0.8,10,0,0
498,327,63,51,20,0.42,0.7,867,316,31,62,5,6,0.96,1.0,0,1,0
453,77,346,68,89,0.4,0.3,770,484,82,42,2,7,0.79,1.0,0,0,1
235,42,51,57,40,0.2,0.85,926,595,255,37,14,0,0.83,0.6,1,0,0
353,400,400,35,68,0.79,0.31,864,580,276,77,101,10,0.89,1.0,2,1,0
353,306,483,59,22,0.08,0.31,788,324,106,49,108,20,0.58,0.6,3,0,0
522,113,224,66,94,0.98,0.54,575,454,210,70,106,18,0.8,0.9,0,0,0
646,119,461,45,72,0.96,0.43,385,67,279,39,23,20,0.45,1.0,0,0,1
685,233,72,58,116,0.39,0.82,660,183,141,31,40,7,0.94,0.8,0,0,1
380,26,403,42,40,0.33,0.75,679,371,296,50,39,8,0.96,1.0,0,0,1
290,280,158,33,104,0.77,0.98,697,95,155,42,98,23,0.96,0.6,0,1,1
189,214,209,30,92,0.13,0.39,273,225,214,66,107,16,0.99,1.0,3,0,0
313,189,494,63,118,0.2,0.38,924,551,54,79,78,21,0.67,0.6,1,1,0
184,300,266,30,34,0.51,0.93,474,122,240,49,32,1,0.73,0.4,3,1,0
533,290,50,50,46,0.38,0.6,703,511,226,42,25,11,0.88,0.8,0,1,1
704,164,140,55,101,0.02,0.92,693,388,40,63,88,23,0.74,1.0,10,0,0
400,378,192,37,84,0.42,0.43,296,45,169,45,58,3,0.9,1.0,1,1,1
553,11,384,40,44,0.74,0.54,549,305,280,69,72,17,0.34,0.4,0,0,0
333,343,187,46,117,0.1,0.35,121,351,103,40,50,11,0.47,0.4,5,0,0
475,277,384,78,113,0.21,0.57,474,60,111,59,82,7,0.47,0.9,0,0,1
549,179,426,69,54,0.35,0.71,289,466,222,56,2,25,0.41,0.6,0,0,1
84,32,245,54,27,0.5,0.37,978,70,112,75,28,4,0.7,0.8,5,1,0
603,34,398,57,34,0.92,0.35,527,367,243,60,106,7,0.94,1.0,0,0,1
685,55,49,59,97,0.31,0.89,506,524,111,61,66,17,0.66,0.6,3,0,0
56,25,424,72,47,0.77,0.8,411,348,122,49,55,8,0.48,0.6,0,0,0
323,216,350,74,18,0.1,0.72,526,202,224,79,40,18,0.54,0.4,0,1,1
342,398,408,64,90,0.45,0.72,114,288,199,67,29,19,0.95,0.6,0,1,1
153,368,292,44,28,0.45,0.38,926,251,248,46,18,12,0.86,0.9,3,0,0
331,48,194,59,103,0.58,0.77,276,552,164,38,110,14,0.53,1.0,1,1,1
224,352,183,38,91,0.74,0.48,218,227,114,62,88,4,0.34,0.6,3,0,1
650,69,172,77,45,0.71,0.97,152,228,127,65,5,24,0.99,0.6,1,0,1
692,126,230,35,11,0.28,0.96,563,61,215,55,57,24,0.4,0.9,0,1,1
630,311,252,51,37,0.48,0.64,949,384,179,38,93,12,0.32,0.8,5,1,0
690,268,84,80,75,0.13,0.8,347,175,277,49,104,24,1.0,0.8,1,0,1
440,104,202,70,65,0.43,0.48,839,471,43,69,31,17,0.49,0.9,1,0,0
572,76,43,63,11,0.84,0.77,932,247,164,75,43,18,0.91,0.8,1,1,0
206,152,81,54,66,0.62,0.54,523,300,149,44,88,24,0.96,0.6,0,0,0
225,229,435,56,19,0.89,0.47,141,134,253,51,113,9,0.61,0.4,1,0,1
206,211,474,66,82,0.25,0.68,791,593,261,66,87,23,0.4,1.0,0,1,1
674,194,142,50,10,0.04,0.68,243,424,253,38,41,14,0.78,0.4,0,0,1
298,126,137,41,107,0.78,0.79,306,341,150,62,105,11,0.37,0.6,3,1,1
337,310,241,45,26,0.38,0.99,960,283,200,80,95,23,0.69,0.9,1,1,0
623,184,465,47,70,0.55,0.7,808,570,57,60,78,8,0.46,0.6,5,0,0
572,135,74,63,76,0.5,0.73,484,360,154,42,30,12,0.35,0.6,0,0,1
752,390,275,62,23,0.59,0.76,206,42,277,51,78,9,0.67,0.4,0,1,1
200,60,136,32,4,0.31,0.94,257,416,97,56,45,11,0.72,0.6,0,0,0
401,240,81,76,57,0.08,0.91,380,219,206,66,20,16,0.46,0.9,1,0,1
397,206,415,35,20,0.67,0.36,806,577,55,70,78,18,0.86,0.4,0,0,0
454,166,357,67,49,0.15,0.67,968,283,15,48,27,15,0.5,1.0,5,0,0
177,341,229,56,23,0.27,0.61,122,256,271,76,46,5,0.55,0.4,2,1,1
156,209,165,63,46,0.07,0.84,250,555,160,67,0,11,0.8,1.0,0,0,0
130,95,478,79,5,0.92,0.63,353,523,57,65,58,3,0.51,0.6,0,0,1
256,96,246,31,44,0.19,0.9,523,528,121,64,78,1,0.58,0.6,5,0,0
629,250,42,67,50,0.13,0.57,717,581,19,51,39,7,0.54,0.8,1,0,0
97,267,426,35,19,0.22,0.77,694,375,232,55,64,23,1.0,0.6,2,1,0
140,222,131,71,94,0.58,0.96,291,110,99,73,32,22,0.7,0.9,0,0,1
695,114,325,78,109,0.94,0.61,364,455,224,41,17,15,0.91,0.6,3,1,1
675,100,452,80,47,0.38,0.63,943,483,162,67,78,15,0.86,1.0,0,0,1
553,256,151,40,67,0.22,0.78,131,497,125,52,117,17,0.89,0.8,0,1,0
498,239,395,60,21,0.31,0.99,866,331,171,63,111,17,0.57,0.8,10,1,0
519,288,338,57,54,0.98,0.61,537,516,95,50,36,3,0.73,1.0,2,0,1
545,231,207,66,99,0.01,0.37,963,502,228,75,98,5,0.62,0.4,0,0,0
567,94,462,46,50,0.88,0.66,449,216,80,38,9,16,0.41,0.6,0,0,1
433,125,467,63,55,0.76,0.91,434,140,258,60,29,25,0.88,1.0,0,1,1
648,139,342,72,89,0.09,0.76,368,464,200,34,91,8,0.3,0.6,0,0,1
172,33,337,36,61,0.69,0.47,558,537,250,62,23,16,0.7,0.6,1,1,0
258,25,422,61,95,0.0,0.56,369,70,150,48,75,24,0.75,0.4,5,0,0
556,63,307,32,80,0.08,0.65,131,592,279,38,99,8,0.75,0.9,0,1,1
669,56,106,44,109,0.66,0.75,762,359,149,51,62,15,0.34,0.6,0,1,1
112,399,393,51,72,0.45,0.43,900,346,32,40,113,15,0.94,0.4,2,1,0
205,352,123,49,4,0.71,0.94,183,447,128,60,1,14,0.83,1.0,1,1,1
477,188,392,74,50,0.13,0.36,123,49,48,36,3,25,0.67,0.8,5,0,1
611,251,394,32,115,0.45,0.54,597,461,184,31,118,5,0.54,1.0,0,1,1
400,267,250,46,109,0.31,0.42,905,576,46,73,53,12,0.49,0.4,5,0,0
522,159,30,58,77,0.0,0.75,952,540,72,50,75,6,0.87,0.9,0,0,0
187,184,352,38,54,0.23,0.85,556,543,133,64,85,24,0.87,0.9,10,0,0
406,144,411,74,37,0.25,0.72,209,526,124,37,88,9,0.46,0.4,2,0,1
647,370,308,56,108,0.05,0.61,154,86,237,73,73,2,0.77,0.9,5,0,1
315,116,446,66,111,0.1,0.77,834,576,297,50,115,24,0.55,0.6,10,0,0
725,92,417,68,66,0.65,0.38,526,94,149,41,4,23,0.74,0.6,1,0,1
598,262,423,32,50,0.63,0.88,897,226,10,45,96,21,0.43,0.6,0,1,1
215,49,130,44,111,0.79,0.74,921,126,264,41,19,24,0.96,1.0,3,0,0
557,337,208,45,3,0.13,0.63,217,227,164,32,15,13,0.54,0.6,2,0,1
469,234,110,73,47,0.91,0.75,867,54,208,43,88,8,0.64,0.4,0,1,1
327,85,265,38,24,0.35,0.38,646,506,18,33,105,25,0.97,0.6,10,0,0
416,218,130,73,59,0.54,0.98,256,548,246,32,118,12,1.0,0.9,0,0,1
124,283,219,39,113,0.71,0.55,751,121,45,48,59,2,0.35,1.0,10,0,0
666,359,304,37,100,0.59,0.66,342,73,93,71,94,4,0.6,0.9,0,0,1
594,309,388,36,36,0.0,0.37,146,569,175,44,54,23,0.98,1.0,10,0,0
242,338,69,77,102,0.57,0.97,733,544,275,35,100,5,0.3,0.4,10,0,0
356,197,477,60,37,0.15,0.95,504,399,175,38,77,9,0.77,0.9,0,0,1
681,83,40,41,48,0.1,0.78,970,518,283,66,65,16,0.8,0.9,0,1,0
749,206,448,72,115,0.46,0.63,758,171,42,53,70,9,0.84,0.4,2,0,1
209,209,105,45,83,0.04,0.34,264,389,46,38,102,14,0.8,0.6,5,1,0
713,120,453,74,48,0.38,0.32,686,492,158,78,22,16,0.39,0.6,2,1,1
609,276,67,56,115,0.99,0.9,635,103,187,57,84,6,0.93,1.0,0,0,1
168,33,389,55,26,0.78,0.66,327,242,188,56,38,2,0.9,0.9,0,0,1
566,121,471,31,1,0.27,0.81,732,433,74,32,12,18,0.37,1.0,0,0,1
326,316,168,46,34,0.84,0.43,855,144,133,57,71,23,0.57,0.8,3,0,0
713,226,489,52,77,0.13,0.67,692,218,248,79,102,20,0.95,0.8,0,1,1
797,230,428,78,76,0.68,0.67,278,321,93,50,35,16,0.85,0.4,1,0,1
489,61,474,49,24,0.26,0.83,566,405,222,69,96,20,0.74,0.4,1,0,0
652,99,148,33,52,0.89,0.92,970,532,28,30,32,24,0.43,0.9,1,0,1
332,386,105,37,14,0.83,0.45,167,327,35,74,15,4,0.77,0.8,0,0,0
446,269,372,66,65,0.71,0.85,644,117,211,58,84,11,0.32,0.8,0,0,1
566,117,435,45,65,0.21,0.8,772,380,85,69,34,18,0.71,0.6,5,0,0
122,200,392,64,9,0.7,0.58,537,474,263,68,0,3,0.89,0.4,3,0,0
300,107,150,66,107,0.3,0.69,488,453,176,43,5,4,0.92,0.6,3,1,0
408,161,490,72,111,0.52,0.57,628,348,258,74,56,16,0.74,0.9,5,1,0
498,80,240,41,4,0.39,0.76,156,570,17,61,75,12,0.34,0.6,3,0,1
174,344,238,43,45,0.62,0.51,147,373,217,45,111,20,0.65,0.4,2,0,0
584,249,102,43,58,0.94,0.69,192,546,171,67,57,11,0.6,0.6,0,0,1
551,337,376,62,19,0.43,0.96,447,504,224,63,74,20,0.96,0.4,3,0,0
308,348,462,59,90,0.07,0.86,583,221,200,34,90,17,0.36,0.4,0,0,1
671,324,99,35,70,0.15,0.3,789,484,111,46,68,20,0.52,1.0,1,1,0
450,368,208,50,78,0.92,0.52,942,541,264,48,73,2,0.98,0.4,5,1,0
581,115,362,72,45,0.27,0.82,793,379,283,41,2,7,0.75,0.9,0,0,1
641,237,68,59,29,0.41,0.86,760,262,185,61,80,16,0.69,0.6,1,0,0
183,330,388,35,35,0.38,0.51,349,543,294,61,33,22,0.52,0.4,1,0,0
77,380,403,67,20,0.25,0.64,905,269,229,33,36,10,0.74,0.9,2,0,0
603,206,400,73,118,0.43,0.62,408,259,232,38,79,4,0.64,0.6,10,0,1
219,298,207,46,77,0.39,0.47,780,419,270,47,60,13,0.88,0.9,2,0,0
580,352,66,65,3,0.96,0.35,301,318,111,47,13,2,0.32,0.6,10,1,0
61,360,131,40,29,0.21,0.97,329,209,178,51,48,11,0.95,0.9,0,0,0
750,253,434,57,20,0.66,0.7,958,570,235,34,37,1,0.35,0.6,3,0,1
127,355,59,47,62,0.86,0.62,103,526,103,80,111,4,0.57,0.9,10,1,0
631,392,392,67,99,0.34,0.47,495,449,108,69,90,17,0.4,0.8,0,1,1
778,370,424,62,62,0.92,0.58,205,164,11,52,30,21,0.58,0.4,3,1,1
165,340,151,40,96,0.96,0.37,642,400,262,63,95,19,0.44,1.0,0,0,0
80,15,482,48,59,0.69,0.34,939,448,68,43,37,4,0.55,0.9,0,1,0
722,128,117,52,23,0.03,0.55,326,181,73,50,12,18,0.88,1.0,0,0,1
201,255,256,53,81,0.67,0.77,493,586,50,45,69,16,0.84,0.4,1,0,0
107,360,240,47,116,0.43,0.36,912,343,46,68,110,7,0.82,0.4,2,1,0
584,25,195,55,46,0.71,0.8,235,515,185,50,82,2,0.38,0.4,3,1,1
777,323,233,61,17,0.35,0.88,840,289,76,71,93,0,0.81,0.8,10,0,0
737,170,181,35,18,0.73,0.96,341,182,126,43,49,2,0.39,0.9,0,0,1
345,86,342,69,83,0.66,0.98,760,262,240,65,83,17,0.7,1.0,0,1,1
141,156,59,69,57,0.88,0.74,841,396,116,78,48,10,0.4,1.0,2,1,0
176,333,462,76,83,0.68,0.64,293,227,73,30,68,5,0.7,0.6,1,0,1
615,292,253,32,117,0.47,0.94,988,275,153,50,42,14,0.33,0.8,5,1,1
101,317,482,43,94,0.53,0.74,145,258,265,53,77,5,0.31,1.0,2,0,1
316,354,144,59,1,0.54,0.65,192,197,233,80,115,5,0.55,1.0,2,1,1
99,250,499,67,83,0.7,0.95,299,431,87,31,77,3,0.82,1.0,1,0,1
327,326,109,48,34,0.19,0.36,586,437,255,62,100,2,0.37,1.0,2,1,0
187,170,181,58,23,0.13,0.4,517,352,240,75,43,5,0.88,0.9,0,1,0
668,260,133,76,23,0.26,0.95,907,495,71,64,72,11,0.65,1.0,0,0,1
758,121,128,34,76,0.53,0.44,387,479,299,38,63,11,0.81,0.6,1,0,0
397,325,237,42,17,0.75,0.81,229,229,203,66,83,4,0.55,0.4,2,0,1
215,256,444,52,51,0.34,0.95,988,335,126,50,27,18,0.84,1.0,0,0,1
176,207,371,53,35,0.78,0.77,424,393,46,66,3,23,0.75,1.0,0,0,1
665,261,71,75,48,0.58,0.82,863,138,226,59,37,0,0.47,0.6,2,0,1
496,288,417,79,58,0.59,0.32,953,247,228,65,94,24,0.91,0.4,1,0,0
750,30,204,36,69,0.31,0.44,136,203,174,52,22,24,0.54,0.8,0,0,1
192,383,142,38,73,0.08,0.37,123,108,74,69,36,23,0.32,0.8,2,0,1
715,102,232,59,8,0.06,0.89,854,96,251,71,106,11,0.32,0.6,0,1,1
117,59,160,58,78,0.41,0.55,756,95,280,54,80,21,0.47,0.4,5,1,0
656,77,278,50,41,1.0,0.4,459,88,77,56,102,17,0.58,0.9,1,0,1
245,11,126,54,54,0.66,0.89,514,50,171,60,99,16,0.37,0.6,10,0,0
212,377,33,37,43,0.63,0.86,215,567,124,63,88,2,0.37,0.9,2,1,0
65,251,57,48,0,0.2,0.33,687,525,284,66,106,19,0.55,0.6,3,1,0
366,99,75,64,93,0.42,0.6,413,414,175,37,38,22,0.94,0.4,5,0,0
337,91,319,35,26,0.77,0.39,879,285,226,44,35,20,0.5,0.8,10,0,0
483,377,95,32,4,0.18,0.66,432,452,153,78,35,2,0.36,1.0,0,0,0
579,103,134,62,62,0.62,0.76,173,304,90,30,66,15,0.68,0.8,0,0,1
599,240,35,64,30,0.67,0.76,733,97,232,65,43,6,0.91,0.4,0,0,0
78,176,257,56,93,0.14,0.43,928,590,196,48,38,9,0.47,0.4,1,0,0
600,48,454,77,68,0.4,0.41,557,551,40,63,109,5,0.57,1.0,2,0,1
438,210,246,72,5,0.67,0.7,403,361,278,76,52,6,0.87,0.9,10,0,0
797,385,309,64,3,0.82,0.61,205,215,279,52,11,20,0.6,1.0,3,0,1
348,74,270,68,24,0.14,0.37,898,254,85,34,73,9,0.36,1.0,0,1,1
414,131,404,62,40,0.28,0.92,565,185,156,69,31,15,0.68,0.6,5,0,0
503,176,224,60,31,0.62,0.48,138,349,158,54,79,2,0.55,0.6,0,1,1
309,295,173,35,2,0.25,0.67,435,591,107,38,26,9,0.37,0.4,2,1,0
718,226,38,65,114,0.44,0.46,683,270,205,43,1,22,0.33,0.9,0,1,1
798,293,100,54,95,0.47,0.97,792,217,203,67,5,1,0.8,0.4,2,1,0
289,287,320,51,63,0.05,0.34,772,193,38,54,40,23,0.88,0.9,1,0,0
762,56,30,52,117,0.78,0.51,562,249,206,53,92,16,0.84,0.4,10,0,0
323,196,412,45,110,0.72,0.47,392,365,112,75,46,0,0.53,0.8,0,0,1
286,103,346,72,22,0.06,0.91,805,336,242,78,81,8,0.71,0.8,0,0,0
356,341,315,44,119,0.5,0.78,888,131,45,69,120,11,0.81,0.9,2,0,1
422,261,76,61,89,0.68,0.54,812,139,231,49,116,11,0.75,0.8,5,0,0
389,259,325,41,87,0.22,0.58,556,360,198,70,110,15,0.42,0.4,1,0,0
460,132,223,46,79,0.49,0.3,917,223,60,35,61,0,0.88,0.6,2,0,0
298,157,326,54,17,0.36,0.7,224,487,293,66,22,12,0.74,0.4,10,0,0
82,234,351,57,52,0.43,0.36,835,371,94,70,84,25,0.86,0.6,10,1,0
102,105,206,50,33,0.39,0.67,390,169,238,31,92,15,0.98,0.6,0,0,0
140,185,182,44,62,0.52,0.91,881,298,214,54,5,11,0.31,0.9,10,1,0
283,114,193,68,79,0.4,0.61,243,207,194,42,23,13,0.34,0.6,1,0,1
611,233,92,61,88,0.48,0.74,676,520,226,31,30,4,0.32,0.8,3,0,1
86,293,479,46,91,0.37,0.5,555,376,292,78,113,21,0.57,0.9,0,1,0
201,341,126,44,80,0.14,0.55,758,399,125,57,27,25,0.55,0.8,1,1,0
685,20,233,69,101,0.06,0.38,520,92,192,72,63,21,0.37,0.8,2,1,1
620,332,443,72,6,0.96,0.84,303,101,196,35,85,9,0.41,0.4,1,1,1
94,196,375,42,20,0.68,0.35,873,57,133,63,37,17,0.44,0.4,0,0,0
741,202,389,48,40,0.64,0.42,751,54,286,58,61,13,0.69,0.9,2,0,1
156,187,44,74,47,0.94,0.33,299,183,194,59,42,11,0.74,0.4,10,0,0
270,33,112,79,100,0.94,0.87,933,180,78,72,89,3,0.75,0.4,2,1,0
402,99,293,68,114,0.72,0.81,931,142,225,68,9,19,0.53,0.6,0,0,1
692,13,253,67,7,0.79,0.31,681,544,82,65,89,15,0.94,1.0,3,0,0
422,393,48,43,16,0.24,0.43,430,379,233,57,47,9,0.44,0.6,0,1,0
192,149,229,47,115,0.34,0.63,616,80,143,32,63,9,0.7,1.0,3,0,1
159,368,206,45,52,0.0,0.69,708,268,40,59,69,16,0.67,1.0,2,0,0
454,222,406,80,56,0.64,0.48,970,371,227,52,98,22,0.65,0.8,0,0,1
475,41,467,72,88,0.52,0.82,244,385,211,76,64,21,0.7,1.0,0,1,1
61,20,69,38,68,0.98,0.57,365,310,34,65,25,8,0.53,0.9,0,0,0
482,359,89,37,107,0.21,0.65,145,173,295,61,40,15,0.78,0.9,2,0,0
627,179,402,30,104,0.33,0.61,966,206,161,79,39,13,0.51,0.8,0,1,1
726,80,251,39,85,0.04,0.75,862,341,228,39,15,16,0.78,0.9,0,0,1
563,62,224,77,33,0.75,0.44,676,279,217,61,60,16,0.38,0.8,2,0,1
76,35,80,78,62,0.33,0.5,432,105,18,56,108,16,0.73,0.8,1,0,0
687,302,497,77,26,0.25,0.46,867,307,57,44,45,12,0.7,0.6,2,1,1
760,309,438,66,110,0.67,0.91,280,118,41,75,71,18,0.99,0.9,0,0,1
202,350,160,50,95,0.55,0.88,562,398,256,62,86,23,0.34,0.8,1,0,1
99,28,260,62,21,0.43,0.33,650,265,194,60,77,9,0.78,0.8,3,0,0
603,97,146,63,114,0.48,0.5,651,185,296,38,85,7,0.85,1.0,3,0,1
399,195,416,38,39,0.86,0.64,136,131,99,44,28,8,0.34,0.8,0,0,1
469,375,379,56,25,0.74,0.92,979,343,60,60,37,4,0.88,1.0,0,0,1
687,26,429,56,82,0.53,0.7,326,465,247,40,60,7,0.67,1.0,0,0,1
743,296,171,55,5,0.83,0.72,560,439,119,37,22,21,0.37,0.8,0,0,1
355,239,109,53,49,0.18,0.76,827,550,59,63,45,12,0.65,0.9,0,0,0
407,13,205,38,65,0.01,0.4,864,165,253,73,43,17,0.73,0.8,5,0,0
310,354,489,57,10,0.95,0.46,716,217,166,67,117,15,0.73,0.6,5,0,0
128,394,173,56,45,0.11,0.73,935,99,113,63,17,18,0.86,0.4,0,1,0
379,346,419,43,17,0.55,0.52,141,218,16,49,23,1,0.74,0.4,5,1,1
771,143,480,79,11,0.51,0.63,411,240,127,52,42,22,0.79,0.6,1,1,1
158,30,66,65,65,0.93,0.33,362,121,50,43,95,4,0.79,0.6,2,1,0
382,173,279,55,54,0.33,0.44,877,457,210,59,46,14,0.55,1.0,0,0,1
167,279,314,58,118,0.86,0.34,807,199,107,35,108,16,0.77,0.8,0,1,1
349,393,295,30,44,0.72,0.97,983,218,244,47,53,10,0.93,0.9,5,0,0
262,147,139,71,76,0.73,0.4,825,77,130,70,99,15,0.32,0.8,0,0,1
257,28,480,46,106,0.57,0.69,465,261,212,59,58,11,0.96,0.4,5,0,0
399,278,217,53,25,0.84,0.71,658,497,38,64,59,10,0.8,0.8,3,0,0
688,161,115,63,21,0.44,0.37,221,162,296,63,91,2,0.6,0.9,2,0,1
380,188,249,80,80,0.53,0.83,548,205,299,46,40,14,0.76,0.8,0,1,1
275,213,235,64,1,0.96,0.88,264,516,285,56,69,8,0.44,0.9,3,0,1
211,364,154,77,29,0.29,0.36,803,387,262,36,86,8,0.88,0.4,3,0,0
759,206,379,70,78,0.59,0.92,984,434,162,36,120,1,0.63,0.9,10,1,1
545,175,438,71,5,0.87,0.95,821,272,239,43,17,4,0.89,0.4,0,0,1
605,236,287,54,89,0.32,0.6,825,65,287,30,60,11,0.33,0.6,2,0,1
277,330,229,45,101,0.35,0.57,265,416,246,61,91,24,0.5,1.0,0,0,1
752,152,58,65,117,0.74,0.73,269,416,299,80,61,25,0.9,0.4,5,1,0
735,269,235,37,73,0.48,0.89,333,379,291,34,41,9,0.43,0.9,0,0,1
776,29,262,68,54,0.89,0.68,456,444,62,64,46,18,0.99,0.9,0,0,1
483,112,449,33,80,0.87,0.92,572,597,117,38,78,7,0.44,0.4,0,1,1
105,191,119,65,9,0.05,0.72,480,148,85,70,22,22,0.57,0.6,10,1,0
294,33,197,58,14,0.7,0.57,404,236,282,67,36,11,0.37,0.6,5,1,0
764,297,446,75,28,0.72,0.37,384,251,228,70,33,15,0.5,1.0,10,0,0
558,39,105,60,62,0.33,0.67,651,506,188,69,48,3,0.95,1.0,5,1,0
555,263,315,32,74,0.16,0.8,548,357,43,47,100,20,0.3,0.8,10,0,0
78,259,59,67,104,0.66,0.31,540,333,77,30,107,3,0.87,1.0,1,0,0
731,247,81,35,102,0.15,0.81,447,442,130,40,82,7,0.36,0.8,5,0,0
249,174,158,59,79,0.71,0.54,325,413,259,71,11,13,0.71,0.9,2,1,0
689,175,42,34,65,0.26,0.79,657,573,152,31,62,0,0.57,0.6,5,0,0
241,163,298,71,34,0.81,0.99,191,92,53,37,8,7,0.61,1.0,0,0,1
262,149,216,48,5,0.61,0.85,510,551,201,77,93,8,0.57,1.0,0,0,0
481,30,381,44,89,0.52,0.45,539,61,281,63,44,1,0.91,1.0,3,0,1
776,192,121,37,1,0.16,0.66,633,269,15,78,26,22,0.81,0.8,1,0,0
756,53,430,36,16,0.06,0.56,920,446,238,41,36,15,0.42,0.6,0,0,1
120,321,156,63,23,0.87,0.94,960,240,33,36,78,21,0.87,1.0,10,0,0
111,173,398,60,82,0.36,0.49,934,541,148,73,88,4,0.84,0.8,3,0,0
531,264,404,45,78,0.88,0.37,414,520,10,76,111,10,0.32,0.8,2,0,1
159,87,84,31,56,0.96,0.85,599,345,102,45,17,3,0.55,0.4,10,0,0
656,282,367,70,97,0.57,0.99,766,111,21,79,45,8,0.98,0.6,3,0,1
352,119,306,56,35,0.31,0.36,560,166,131,46,97,5,0.76,0.9,0,1,1
688,395,101,43,104,0.74,0.38,283,447,70,52,50,6,0.44,0.6,1,1,1
134,29,86,37,14,0.33,0.48,475,250,264,78,21,16,0.8,0.8,1,1,0
368,151,437,74,114,0.85,0.81,720,317,38,63,69,25,0.74,1.0,0,0,1
136,382,103,39,113,0.4,0.89,273,42,53,51,111,20,0.45,0.8,10,1,0
791,257,284,60,113,0.37,0.47,806,582,188,71,100,16,0.69,0.9,0,0,1
658,56,58,67,108,0.98,0.42,965,72,256,53,30,14,0.85,1.0,0,0,1
686,30,458,70,29,0.59,0.33,675,506,268,31,51,16,0.51,0.6,0,1,1
557,304,245,66,11,0.01,0.71,874,264,81,59,58,24,0.87,0.6,5,1,0
742,61,469,35,96,0.62,0.99,652,131,178,33,19,0,0.55,1.0,10,0,1
484,77,250,46,102,0.35,0.87,598,322,86,53,41,12,0.64,0.9,0,1,1
497,55,153,52,6,0.6,0.65,896,226,135,73,23,3,0.39,0.4,0,1,0
169,200,372,64,0,0.26,0.92,583,342,280,79,60,7,0.85,1.0,1,1,0
348,283,151,30,14,0.65,0.62,514,318,55,34,63,11,0.74,0.8,2,0,0
635,234,434,30,22,0.37,0.56,840,414,286,42,31,25,0.96,0.4,3,0,0
83,322,263,67,43,0.06,0.93,780,87,125,35,24,19,0.99,1.0,0,0,1
329,74,250,38,26,0.98,0.67,270,230,284,70,8,13,0.6,0.4,5,0,0
729,60,41,53,49,0.7,0.4,327,82,233,73,82,24,0.91,0.4,10,0,0
96,120,63,38,43,0.25,0.79,232,289,283,30,94,14,0.9,0.8,0,0,0
668,280,237,69,45,0.65,0.98,436,585,36,72,69,25,0.77,0.8,1,0,1
330,142,369,61,22,0.98,0.37,829,203,10,57,17,24,0.69,0.4,0,0,0
519,218,496,61,76,0.38,0.44,975,403,228,72,61,8,0.41,0.6,1,0,1
465,242,51,46,58,0.8,0.58,154,398,237,32,74,14,0.65,0.9,0,0,1
789,196,63,37,25,0.9,0.6,111,557,204,62,64,0,0.97,0.4,10,1,0
519,347,36,53,52,0.48,0.94,407,231,162,41,109,8,0.51,0.6,3,1,1
511,13,106,54,109,0.88,0.41,930,165,179,63,12,18,0.35,0.4,2,0,0
563,81,156,57,68,0.18,0.67,829,343,164,58,3,4,0.39,0.9,0,0,1
795,311,339,31,84,0.5,0.55,861,376,20,33,88,18,0.53,1.0,3,1,1
427,339,177,41,44,0.33,0.81,912,142,230,44,38,21,0.46,0.8,5,1,0
630,208,259,43,75,0.78,0.6,222,575,252,33,13,7,0.92,0.9,5,1,1
274,383,70,73,103,0.35,0.93,567,193,281,45,58,4,0.62,0.6,2,0,1
289,50,436,66,48,0.61,0.66,694,518,243,64,2,6,0.65,1.0,5,0,0
581,77,93,39,8,0.08,0.72,153,357,179,55,82,24,0.8,0.4,0,0,0
192,294,398,46,54,0.1,0.48,779,426,261,30,101,13,0.38,0.6,5,1,0
286,193,348,34,117,0.76,0.72,955,453,105,58,89,23,0.59,0.8,1,1,0
515,119,430,51,7,0.14,0.62,612,159,25,68,20,18,0.59,0.9,0,0,1
319,165,302,61,35,0.33,0.94,211,301,72,79,116,15,0.58,0.9,0,1,1
280,333,79,70,37,0.97,0.61,899,254,284,40,106,12,0.93,0.6,0,0,0
261,62,43,62,28,0.86,0.62,878,219,100,38,115,4,0.38,0.4,5,0,0
708,107,258,80,40,0.38,0.84,241,490,254,66,80,4,0.92,0.9,2,0,1
148,389,198,44,31,0.34,0.52,324,175,276,42,17,18,0.47,0.8,3,0,1
126,355,39,57,114,0.88,0.83,441,226,170,66,77,8,0.82,0.9,10,0,0
51,49,194,58,51,0.59,0.83,817,475,76,45,81,16,0.36,0.6,0,0,0
618,378,303,71,4,0.57,0.66,750,510,101,37,4,22,0.74,0.9,1,0,1
670,255,438,54,31,0.74,0.34,840,137,15,56,5,11,0.75,0.6,0,0,1
797,245,248,69,26,0.3,0.98,729,592,192,41,38,24,0.82,0.6,2,1,1
210,345,402,32,108,0.28,0.83,689,186,260,60,110,14,0.99,0.6,0,0,0
788,189,202,78,28,0.1,0.52,482,115,207,69,64,0,0.87,0.9,0,0,1
382,386,321,68,42,0.65,0.8,506,256,98,58,40,25,0.79,0.4,0,0,1
297,206,138,56,113,0.98,0.34,800,243,297,79,57,19,0.47,0.6,10,1,0
54,317,136,45,50,0.81,0.99,365,210,298,45,12,7,0.79,0.4,5,1,0
634,135,474,72,79,0.72,0.49,109,279,196,79,49,19,0.39,0.6,3,1,1
174,224,398,77,58,0.53,0.81,683,331,98,55,17,21,0.76,0.6,2,1,1
201,124,460,43,17,0.08,0.33,550,110,210,36,52,13,0.68,1.0,5,0,0
710,241,408,34,62,0.02,0.52,488,340,97,72,113,13,0.93,0.9,3,1,0
492,54,479,44,44,0.09,0.35,1000,72,67,53,18,12,0.9,0.8,0,1,1
428,131,293,46,26,0.96,0.91,555,548,248,33,51,11,0.68,0.9,5,0,0
616,262,129,74,105,0.87,0.31,916,397,257,44,57,11,0.77,0.4,0,0,0
468,223,82,74,25,0.28,0.88,419,599,156,42,31,17,1.0,0.6,0,0,1
543,338,50,40,119,0.63,0.87,869,514,10,62,101,22,0.54,0.8,0,0,0
234,105,475,70,4,0.05,0.56,626,342,218,42,3,22,0.65,0.8,1,0,1
321,317,195,75,82,0.23,0.78,200,490,280,75,61,12,0.92,0.8,0,0,1
324,165,499,43,5,0.12,0.76,932,547,173,53,115,14,0.95,0.8,1,0,0
561,316,474,70,15,0.38,0.3,392,471,125,40,55,17,0.77,0.6,10,1,0
54,187,341,40,94,0.42,0.7,944,547,121,33,3,23,0.84,0.4,1,0,0
526,117,88,69,116,0.59,0.9,420,533,102,55,92,10,0.93,0.8,0,0,1
505,359,464,33,111,0.08,0.5,326,97,30,44,56,4,0.53,0.6,0,0,1
641,176,471,31,110,0.27,0.67,643,291,44,80,73,9,0.67,1.0,10,0,0
479,80,162,66,52,0.36,0.52,156,416,94,44,30,16,0.42,1.0,0,1,1
276,360,340,72,108,0.26,0.36,291,41,259,44,114,16,0.89,1.0,0,0,1
791,183,279,40,57,0.64,0.47,569,202,243,53,117,20,0.43,0.4,10,0,0
508,361,108,61,64,0.03,0.97,197,97,248,56,29,22,0.63,0.6,2,1,1
230,105,209,40,83,0.58,0.52,906,560,197,48,105,1,0.65,0.8,0,0,0
518,399,483,30,37,0.53,0.7,843,333,228,39,61,21,0.36,0.9,5,0,0
752,23,427,33,59,0.42,0.33,370,75,64,45,33,18,0.34,0.9,1,1,1
321,194,204,44,113,0.01,0.72,528,102,195,54,88,1,0.49,0.4,0,0,1
575,14,92,30,93,0.61,0.62,287,592,85,68,98,8,0.82,1.0,3,0,0
248,13,315,37,106,0.36,0.51,177,437,150,74,84,23,0.62,0.8,10,0,0
664,116,484,31,34,0.3,0.31,474,96,51,50,11,17,0.65,1.0,2,1,1
288,157,160,55,42,0.26,0.5,373,286,254,58,26,17,0.57,0.8,0,0,0
68,192,282,79,101,0.39,0.85,926,510,59,71,99,22,1.0,0.4,3,0,0
750,73,73,48,71,0.03,0.4,532,314,203,56,70,22,0.89,0.4,10,1,0
461,267,173,30,100,0.21,0.83,226,473,252,67,102,4,0.61,0.8,0,0,0
480,48,205,66,80,0.25,0.58,690,420,76,47,45,18,0.88,1.0,1,0,0
166,62,146,52,28,0.2,0.92,859,397,58,48,34,5,0.88,0.6,5,0,0
300,274,357,34,98,0.69,0.92,194,456,289,69,52,25,0.47,0.4,0,0,1
591,96,452,43,109,0.8,0.4,305,447,198,67,46,2,0.77,0.9,10,0,0
70,264,359,54,56,0.29,0.75,843,59,292,43,83,16,0.49,1.0,1,0,1
574,275,478,37,19,0.12,0.56,626,300,166,64,22,8,0.92,0.8,0,0,0
496,299,132,58,16,0.39,0.88,332,552,95,72,118,0,0.5,0.6,2,1,0
342,196,235,55,105,0.87,0.82,555,146,136,36,63,16,0.4,0.8,3,0,1
348,16,345,69,12,0.61,0.3,892,378,156,44,2,17,0.69,1.0,2,0,0
315,34,294,43,19,0.67,0.61,358,199,163,49,85,20,0.37,0.9,3,0,1
684,88,470,52,103,0.16,0.96,690,451,101,65,41,1,0.85,1.0,0,0,1
300,108,324,55,4,0.61,0.99,944,140,122,34,6,7,0.87,0.6,3,0,1
593,125,252,47,77,0.03,0.34,686,335,109,66,94,15,0.73,0.8,0,1,0
728,381,271,30,108,0.58,0.63,946,475,72,59,51,10,0.91,0.6,0,1,0
765,79,349,45,12,0.56,0.92,436,160,41,79,77,6,0.33,0.8,2,0,1
678,224,106,76,30,0.11,0.68,436,58,31,36,44,10,0.66,0.6,3,1,1
482,194,407,30,82,0.99,0.95,263,377,110,56,11,24,0.44,0.6,5,0,1
139,261,78,73,5,0.79,0.7,835,466,35,52,89,13,0.6,0.6,3,1,0
573,233,122,41,5,0.47,0.63,905,280,83,52,52,12,0.65,0.9,10,0,0
630,31,185,74,11,0.77,0.98,788,212,69,46,1,16,0.86,0.6,0,0,1
141,247,420,64,87,0.89,0.5,627,302,243,67,58,2,0.37,1.0,0,0,1
452,83,371,49,64,0.54,0.54,688,473,263,45,26,5,0.47,0.6,3,0,1
748,361,207,58,64,0.03,0.97,873,242,199,44,15,13,0.83,0.8,0,0,1
210,396,443,32,8,0.95,0.36,511,118,158,32,35,9,0.77,0.9,0,0,1
577,284,202,69,31,0.59,0.97,456,166,63,32,6,23,0.58,0.8,0,0,1
352,257,356,55,9,0.26,0.45,437,76,143,60,89,10,0.56,0.8,3,1,1
593,315,341,46,50,0.85,0.72,981,155,22,61,72,3,0.5,1.0,0,0,1
481,383,209,41,109,0.74,0.36,344,464,245,46,103,25,0.92,1.0,0,0,1
137,202,440,54,23,0.86,0.32,809,319,271,75,3,13,0.93,0.9,5,0,0
613,247,168,42,90,0.44,0.77,339,341,68,34,111,17,0.37,0.9,1,0,1
642,211,257,39,42,0.23,0.81,686,539,158,50,74,9,0.76,0.6,10,1,0
462,317,171,37,63,0.99,0.54,186,175,268,54,19,12,0.53,0.9,10,0,0
698,118,446,80,26,0.41,0.96,312,210,208,59,109,0,0.91,0.9,5,0,1
770,117,387,48,71,0.32,0.34,804,582,272,34,8,13,0.48,1.0,3,0,1
123,209,82,70,77,0.01,0.57,968,541,138,50,47,4,0.66,1.0,0,0,0
757,14,126,47,77,0.2,0.89,529,102,31,43,67,12,0.71,0.8,1,1,1
697,187,135,75,113,0.42,0.89,523,598,119,50,24,24,0.93,0.6,5,1,0
318,274,37,63,61,0.49,0.51,835,375,108,76,64,6,0.85,0.8,10,0,0
77,236,397,40,29,1.0,0.83,550,589,269,50,58,20,0.96,0.4,5,0,0
211,334,423,62,115,0.78,0.71,102,202,298,69,14,11,0.86,1.0,0,0,1
288,88,337,48,115,0.45,0.36,799,480,294,66,72,14,0.67,0.8,0,0,0
258,67,219,46,79,0.7,0.58,624,198,38,30,23,2,0.89,0.4,0,1,1
99,295,207,51,110,0.44,0.66,823,318,252,69,82,21,0.35,0.4,0,0,0
234,81,54,55,57,0.95,0.66,528,398,207,32,34,12,0.68,0.6,1,1,1
800,95,404,48,81,0.68,0.83,505,541,55,66,7,19,0.98,0.6,0,1,1
733,178,490,74,6,0.74,0.76,825,461,214,46,9,7,0.9,0.9,2,0,1
725,345,190,30,110,0.82,0.42,560,181,65,51,62,23,0.4,0.9,0,0,1
80,278,403,42,57,0.14,0.67,459,574,178,68,42,6,0.52,1.0,5,1,0
761,169,185,33,90,0.8,0.51,725,490,110,39,24,10,0.42,1.0,0,1,1
93,182,169,73,64,0.33,0.31,583,565,259,37,63,14,0.39,0.6,10,0,0
562,322,442,61,112,0.73,1.0,550,56,216,37,118,8,0.41,0.8,0,1,1
393,317,304,75,54,0.73,0.91,958,219,201,32,56,0,0.57,0.8,2,0,1
391,352,79,60,23,0.46,0.75,940,372,241,42,105,0,0.63,0.4,10,0,0
320,318,72,42,37,0.7,0.34,749,407,97,42,109,16,0.52,0.9,1,0,0
394,73,91,53,21,0.06,0.78,132,506,211,71,69,12,0.91,1.0,10,0,0
181,258,125,57,26,0.29,0.82,451,249,23,55,25,24,0.75,0.9,0,0,0
655,267,311,40,84,0.14,0.51,573,540,277,72,13,7,0.74,0.8,5,0,0
656,253,338,76,49,0.61,0.66,319,46,106,57,70,12,0.31,0.9,3,1,1
533,159,63,71,117,0.64,0.4,566,488,105,44,41,20,0.9,0.9,5,1,0
177,97,175,70,22,0.2,0.68,769,260,236,68,108,24,0.47,0.4,0,0,0
599,117,477,39,32,0.4,0.33,786,178,207,78,56,24,0.83,0.4,3,0,0
268,21,111,59,15,0.77,0.46,263,511,173,72,66,21,0.55,0.9,0,0,0
135,108,88,50,65,0.86,0.58,613,368,146,79,76,22,0.3,0.9,5,1,0
125,268,189,65,10,0.74,0.82,644,543,51,70,40,12,0.75,0.4,0,1,0
317,179,68,70,115,0.47,0.44,139,509,161,51,8,8,0.77,0.4,3,1,1
425,264,59,34,5,0.94,0.43,919,537,192,35,89,12,0.85,0.4,0,0,0
768,382,411,34,82,0.7,0.59,163,47,82,31,56,2,0.38,0.9,0,0,1
82,173,347,44,35,0.52,0.51,648,587,55,49,70,16,0.34,0.6,2,0,0
177,96,357,38,100,0.2,0.38,173,565,57,48,47,16,0.53,0.6,0,0,0
652,47,77,80,75,0.15,0.48,207,215,89,71,0,3,0.62,0.4,1,1,1
694,373,450,67,46,0.01,0.85,527,232,246,31,77,21,0.42,0.8,0,0,1
696,195,427,41,2,0.64,0.76,687,115,220,76,34,17,0.88,0.9,3,0,1
382,194,189,80,58,0.95,0.74,920,477,77,57,38,23,0.35,0.9,3,1,1
292,233,122,65,66,0.65,0.88,649,575,21,65,117,0,0.32,0.4,3,0,0
691,174,268,70,25,0.28,0.48,842,442,285,72,7,23,0.4,0.6,0,0,0
373,352,191,62,84,0.1,0.35,478,578,182,73,0,9,0.31,0.8,3,0,0
563,79,279,30,54,0.76,0.7,726,281,90,50,41,15,0.59,1.0,2,0,1
136,152,286,34,85,0.34,0.7,758,172,226,51,104,14,0.71,1.0,0,1,0
760,218,399,35,24,0.12,0.56,636,276,197,56,25,0,0.69,1.0,2,0,1
191,358,387,73,42,0.76,0.55,294,349,197,75,100,23,0.79,0.8,0,0,1
344,342,158,38,61,0.75,0.3,968,289,171,79,79,12,0.91,0.8,2,0,0
142,97,308,78,43,0.88,0.99,810,308,107,63,53,9,0.59,0.4,1,0,0
273,364,272,34,106,0.57,0.6,150,238,25,46,64,15,0.86,0.4,2,0,1
714,104,345,33,113,0.33,0.87,640,290,189,68,19,2,0.39,0.4,0,1,1
548,287,371,64,63,0.96,0.62,889,390,130,80,54,25,0.87,1.0,0,0,1
311,359,190,73,33,0.74,0.95,617,151,239,52,71,6,0.57,0.4,10,0,0
127,180,474,38,16,0.73,0.57,162,82,43,30,56,24,0.78,0.9,2,1,1
146,208,56,32,112,0.47,0.72,487,599,107,58,33,3,0.54,0.4,0,1,0
427,220,152,47,77,0.22,0.81,858,457,241,43,8,1,0.52,0.4,0,0,0
345,83,227,42,12,0.91,0.49,636,178,67,50,67,0,0.82,1.0,0,0,1
535,367,41,64,23,0.9,0.77,453,545,12,67,78,4,0.91,1.0,3,0,0
735,348,356,77,26,0.46,0.37,589,556,128,67,114,17,0.66,0.6,0,0,1
323,167,137,31,60,0.7,0.7,217,293,121,64,58,0,0.92,0.4,1,1,0
170,305,214,39,44,0.98,0.44,309,526,183,50,1,12,0.4,0.9,2,0,0
514,204,47,68,83,0.44,0.86,927,544,103,49,44,9,0.85,1.0,0,1,1
72,178,394,79,44,0.82,0.55,637,209,89,50,83,25,0.5,0.4,5,1,0
89,67,184,56,37,0.91,0.42,419,555,290,54,10,0,0.6,0.4,1,0,0
309,297,290,48,5,0.02,0.77,332,49,222,71,73,15,0.64,0.8,2,0,1
476,82,321,80,6,0.55,0.91,906,422,208,55,100,16,0.69,0.6,3,0,0
728,175,213,30,21,0.46,0.41,129,77,165,72,96,22,0.4,0.4,0,0,1
229,342,159,37,56,0.16,0.95,526,355,29,46,54,6,0.62,0.9,1,0,0
329,223,193,63,44,0.07,0.97,732,115,267,38,97,14,0.4,0.6,2,0,1
120,387,323,65,108,0.97,0.63,380,292,166,33,44,12,0.45,1.0,3,0,1
326,322,474,75,70,0.2,0.82,598,64,225,43,111,4,0.56,0.6,2,0,1
586,362,74,59,6,0.92,0.41,853,120,24,48,4,8,0.77,0.4,2,0,0
109,164,145,77,16,0.12,0.95,259,341,180,30,65,14,0.54,1.0,0,0,1
138,373,482,78,4,0.73,0.54,995,463,294,78,72,7,0.79,0.6,2,0,0
378,136,175,67,89,0.51,0.72,158,484,111,42,116,18,0.46,1.0,2,0,1
179,247,162,37,5,0.99,0.64,831,550,206,77,96,23,0.7,1.0,3,0,0
56,209,334,39,111,0.7,0.32,408,223,240,62,68,13,0.37,1.0,0,0,0
568,235,281,38,12,0.14,0.36,961,241,218,50,17,0,0.76,0.8,3,0,0
616,327,194,43,14,0.9,0.79,658,50,11,73,50,1,0.4,1.0,1,1,1
79,171,488,30,28,0.47,0.64,989,365,122,37,4,3,0.93,1.0,10,0,0
652,322,444,65,52,0.67,0.3,360,82,23,41,62,12,0.43,0.4,0,0,1
284,32,365,73,18,0.29,0.91,138,348,104,73,11,24,0.36,0.8,5,0,1
632,218,36,50,96,0.2,0.68,669,550,162,66,29,23,0.86,0.6,0,0,0
746,333,178,68,120,0.08,0.7,983,127,110,59,6,15,0.77,1.0,0,0,1
320,107,126,53,34,0.76,0.96,329,348,27,67,51,14,0.98,0.4,10,0,0
88,121,427,30,49,0.25,0.74,570,420,276,70,46,25,0.47,0.8,0,1,0
358,234,167,42,46,0.21,0.66,446,154,211,58,97,23,0.71,1.0,0,0,0
280,131,139,44,83,0.67,0.63,506,262,247,37,46,0,0.91,0.6,5,0,0
467,292,104,50,76,0.38,0.45,877,430,122,51,79,15,0.41,0.8,10,0,0
484,162,495,44,33,0.38,0.94,267,535,219,50,22,15,0.43,0.4,0,1,1
375,291,102,38,12,0.55,0.31,483,159,199,55,103,15,0.54,0.6,0,0,0
521,72,46,68,110,0.46,0.82,219,424,107,30,59,21,0.84,0.6,1,0,1
711,32,478,70,111,0.23,0.91,512,256,199,76,17,16,0.45,0.6,0,1,1
326,341,144,60,87,0.19,0.62,841,475,286,45,31,6,0.85,0.8,0,0,0
288,34,427,76,97,0.8,0.85,734,491,217,34,49,15,0.98,1.0,3,1,1
707,146,40,75,110,0.04,0.36,551,151,150,71,80,19,0.59,0.6,0,0,0
235,248,401,48,73,0.08,0.92,587,144,234,65,51,14,0.92,0.6,1,0,0
603,65,284,42,49,0.64,0.38,704,375,93,32,59,19,0.55,1.0,2,0,1
542,215,71,72,11,0.09,0.43,572,270,240,51,92,14,0.9,0.9,2,0,0
296,312,95,79,107,0.37,0.67,377,597,266,52,21,18,0.76,1.0,1,0,1
242,59,347,69,36,0.61,0.58,245,85,128,49,43,1,0.62,0.4,3,1,1
263,374,38,62,102,0.11,0.34,661,139,292,48,111,8,0.57,0.4,1,0,0
495,186,316,58,61,0.89,0.5,881,254,74,71,58,21,0.55,0.4,0,1,1
85,378,405,66,115,0.47,0.87,503,87,125,80,21,9,0.57,0.4,0,1,1
301,218,445,55,59,0.14,0.55,174,386,49,74,100,8,0.38,0.4,0,0,1
661,283,168,49,36,0.33,0.69,782,329,58,71,39,6,0.52,0.9,0,0,0
744,379,101,31,36,0.81,0.68,452,388,61,70,95,15,0.38,0.8,2,0,0
166,131,278,48,82,0.16,0.88,979,259,60,78,120,10,0.85,1.0,5,1,0
580,152,192,31,114,0.67,1.0,861,250,245,45,97,4,0.49,0.4,0,1,1
118,42,492,50,1,0.93,0.36,530,321,193,61,0,18,0.37,1.0,0,1,1
549,286,120,74,30,0.61,0.33,981,569,70,47,42,1,0.68,0.6,0,0,0
710,282,169,59,93,0.53,0.45,497,207,49,35,36,13,0.73,0.6,0,0,1
565,219,213,63,61,0.39,0.86,870,269,52,64,120,4,0.34,0.8,0,0,1
471,51,236,72,48,0.43,0.33,647,564,188,66,13,24,0.66,0.6,3,1,0
414,281,407,66,57,0.71,0.65,772,431,124,57,31,25,0.68,0.4,0,1,1
250,76,281,49,108,0.81,0.93,681,366,163,34,22,6,0.34,0.6,10,1,0
712,89,291,63,84,0.9,0.75,199,143,34,72,58,14,0.58,0.8,5,0,1
758,295,329,72,47,0.54,0.39,727,178,179,51,62,21,0.31,0.8,0,0,1
724,68,287,77,89,0.29,0.54,752,187,298,71,64,14,0.63,0.8,5,1,0
717,37,436,50,45,0.42,0.75,101,159,263,33,92,18,0.93,0.9,5,1,1
615,370,273,44,89,0.39,0.44,542,358,197,32,78,25,0.64,0.8,2,0,1
230,78,127,68,100,0.18,0.53,386,98,142,35,108,11,0.7,0.8,1,0,1
50,24,230,52,26,0.92,0.86,650,238,267,71,83,5,0.73,0.4,10,0,0
337,195,468,35,51,0.63,0.86,714,469,107,76,82,10,0.55,0.9,0,1,0
670,360,446,69,102,0.93,0.86,451,121,125,74,49,4,0.49,0.9,3,1,1
685,256,134,48,107,0.19,0.88,823,198,105,59,45,2,0.97,1.0,2,0,0
305,244,253,37,19,0.21,0.62,943,455,141,55,20,24,0.64,0.9,0,1,0
188,350,376,75,45,0.66,0.94,988,128,142,54,96,1,1.0,0.9,5,1,0
453,31,174,36,68,0.28,0.53,876,162,40,54,104,1,0.84,0.9,0,1,0
77,46,167,56,88,0.72,0.93,871,323,17,58,118,25,0.75,0.4,0,0,0
500,367,348,68,85,0.46,0.64,317,123,120,74,96,0,0.97,0.8,1,0,1
539,157,274,68,89,0.51,1.0,609,220,102,52,73,4,0.82,0.9,10,0,1
746,213,129,32,75,0.53,0.76,805,199,278,63,4,4,0.95,0.8,0,1,0
152,202,254,45,15,0.82,0.41,239,368,285,52,15,12,0.61,0.4,2,1,0
234,338,130,41,108,0.84,0.84,270,573,175,34,113,20,0.85,0.8,3,1,0
712,43,479,33,93,0.88,0.55,158,191,91,37,18,1,0.93,0.9,5,1,1
497,391,443,59,114,0.12,0.34,971,519,45,50,25,17,0.39,0.9,2,1,1
376,322,227,56,101,0.72,0.53,944,46,275,37,36,23,0.97,1.0,10,0,0
435,36,162,56,87,0.71,0.51,115,418,142,40,10,23,0.74,0.6,5,1,1
704,341,360,36,57,0.11,0.75,800,95,183,38,93,13,0.4,0.9,0,0,1
207,252,228,72,48,0.1,0.48,329,527,81,67,46,12,0.81,0.4,5,0,0
455,293,133,75,22,0.28,0.5,787,415,135,54,80,12,0.34,0.8,3,0,0
226,262,302,34,40,0.87,0.44,937,245,54,65,12,11,0.7,0.4,5,1,0
720,274,74,65,61,0.18,0.78,174,161,157,54,65,20,0.39,0.9,2,1,1
520,250,406,76,34,0.74,0.66,876,172,225,48,87,7,0.46,1.0,1,0,1
248,130,113,64,55,0.61,0.81,637,145,218,68,119,5,0.44,0.9,2,0,0
495,199,48,42,19,0.41,0.3,472,286,126,50,98,0,0.74,1.0,2,0,0
793,389,228,48,119,0.89,0.34,368,40,227,37,82,15,0.41,0.6,10,0,1
368,104,156,54,109,0.31,0.46,115,142,183,33,4,7,0.66,1.0,0,0,1
411,199,291,71,47,0.47,0.78,675,197,18,49,39,3,0.69,0.9,0,0,1
187,194,148,37,36,0.88,0.62,193,342,162,57,67,12,0.67,0.8,3,1,0
745,210,260,71,98,0.13,0.7,605,284,185,73,12,14,0.68,0.4,10,0,0
97,275,47,47,62,0.21,1.0,350,449,155,34,50,16,0.49,0.4,0,1,0
76,268,331,76,119,0.64,0.51,483,387,186,48,99,6,0.89,1.0,0,0,1
713,242,137,51,64,0.21,0.93,528,475,98,41,107,18,0.92,0.9,10,1,0
492,194,59,63,49,0.92,0.65,885,588,141,61,61,19,0.55,0.4,5,0,0
377,336,418,76,35,0.64,0.66,553,237,33,71,33,24,1.0,0.8,0,0,1
382,377,253,35,61,0.46,0.92,875,263,90,30,1,19,0.8,1.0,10,0,0
669,281,205,55,40,0.43,0.83,647,476,256,79,64,16,0.57,0.4,0,1,0
593,196,416,63,51,0.42,0.74,390,59,250,73,78,15,0.48,1.0,0,1,1
575,80,297,34,59,0.21,0.97,798,479,96,54,93,19,0.76,0.8,5,1,0
145,252,150,74,12,0.52,0.78,824,418,137,62,20,7,0.47,0.6,0,0,0
224,358,40,75,95,0.62,0.98,645,392,39,50,59,6,0.53,0.6,0,0,1
473,300,277,54,55,0.12,0.48,665,387,178,47,86,10,0.32,0.4,5,1,0
511,385,355,79,39,0.74,0.6,580,370,238,67,40,14,0.88,0.8,5,0,0
310,22,280,37,53,0.61,0.34,732,294,208,64,118,17,0.76,0.6,5,1,0
408,147,314,49,114,0.31,0.47,981,323,279,34,66,5,0.4,0.9,10,1,0
462,75,309,72,28,0.21,0.64,680,86,53,40,120,6,0.83,0.4,0,1,1
390,107,93,64,120,0.65,0.57,949,275,94,78,21,15,0.4,0.4,0,1,0
429,50,237,39,20,0.06,0.45,163,92,300,35,95,7,0.9,0.6,0,1,1
95,179,496,44,48,0.38,0.46,512,327,299,66,102,0,0.95,0.8,3,0,0
66,185,49,68,41,0.52,0.79,929,505,186,71,120,17,0.82,0.8,10,0,0
470,319,211,72,113,0.88,0.4,709,284,201,75,52,7,0.33,0.6,5,1,0
778,160,125,58,48,0.75,0.58,665,59,78,57,33,3,0.92,0.4,1,1,1
400,23,125,74,1,0.88,0.57,711,203,292,75,111,8,0.84,0.9,0,0,0
201,332,458,62,110,0.15,0.99,166,498,242,39,11,18,0.87,0.8,10,0,0
313,325,466,80,84,0.79,0.75,664,507,120,40,117,1,0.97,0.4,0,0,1
611,285,400,41,44,0.48,0.36,739,258,281,78,66,11,0.34,0.8,0,0,1
69,289,353,73,9,0.21,0.63,934,105,219,66,115,9,0.57,1.0,3,0,0
390,166,442,69,62,0.29,0.77,387,102,199,70,70,2,0.82,1.0,5,0,1
506,184,494,31,28,0.96,0.93,651,129,147,56,68,0,0.52,0.9,0,0,1
225,392,494,31,25,0.52,0.7,578,289,103,70,24,19,0.44,0.4,0,0,0
449,94,34,51,107,0.16,0.54,178,599,40,74,14,20,0.9,0.9,1,1,0
566,57,74,34,33,0.95,0.93,953,378,159,40,72,7,0.93,0.8,3,0,0
347,169,172,72,40,0.44,0.58,395,216,245,50,30,4,0.77,0.8,0,1,1
138,240,283,57,73,0.2,0.86,979,518,47,59,111,0,0.62,0.8,0,0,0
589,134,190,36,49,0.79,0.86,509,570,85,52,112,6,0.58,0.9,2,0,0
120,292,53,37,115,0.18,0.43,260,408,187,60,95,14,0.5,0.4,2,0,0
310,305,110,78,50,0.98,0.84,145,299,184,30,98,17,0.36,0.9,3,1,1
58,384,144,35,6,0.66,0.85,311,197,98,76,37,8,0.92,0.4,0,0,0
73,16,242,70,72,0.99,0.39,311,182,51,48,104,7,0.55,0.9,2,0,0
792,363,194,35,106,0.13,0.65,448,467,131,47,86,12,0.47,0.9,0,0,1
649,268,426,68,20,0.28,0.81,732,349,83,36,7,4,0.82,0.6,3,0,1
670,377,234,72,106,0.58,0.66,150,340,299,65,7,19,0.89,0.4,10,0,0
206,348,320,32,110,0.11,0.52,972,362,290,45,62,18,0.68,0.9,10,0,0
391,77,194,78,103,0.82,0.61,478,462,194,80,116,21,0.93,0.9,2,0,0
136,274,82,75,38,0.64,0.87,293,399,97,78,119,24,0.68,0.9,0,0,0
257,186,249,30,63,0.01,0.48,696,105,229,37,102,16,0.66,0.6,2,1,0
370,188,344,64,35,0.6,0.32,477,599,212,63,18,14,0.45,0.6,0,1,1
443,180,390,70,34,0.27,0.85,120,66,22,76,8,11,0.71,0.8,10,1,1
706,15,356,50,101,0.15,0.86,125,487,48,61,112,23,0.87,0.9,0,1,1
749,102,259,46,48,0.46,0.3,826,164,14,43,2,9,0.45,0.8,0,0,1
204,180,72,43,119,0.89,0.74,119,594,155,58,75,8,0.32,0.8,0,0,1
752,244,268,68,26,0.24,0.49,459,177,37,43,36,12,0.45,0.8,2,1,1
676,38,490,46,85,0.49,0.73,425,359,189,75,57,1,0.8,0.9,0,0,1
422,245,375,49,79,0.59,0.99,123,525,78,38,74,0,0.88,1.0,3,0,1
177,210,33,31,86,0.47,0.91,913,598,293,39,28,14,0.68,0.8,3,0,0
112,330,164,57,5,0.26,0.59,359,410,245,49,24,1,0.79,0.6,3,1,0
289,148,98,48,62,0.68,0.39,860,577,244,38,105,18,0.83,0.6,2,0,0
415,285,367,77,61,0.83,0.61,880,459,268,51,115,22,0.38,0.4,10,0,0
516,340,312,61,78,0.33,0.94,297,470,151,79,3,25,0.9,1.0,2,1,1
722,104,450,72,4,0.59,0.53,491,510,18,39,2,13,0.76,0.8,0,0,1
67,208,355,34,100,0.25,0.31,441,215,283,67,7,24,0.53,1.0,0,1,0
418,174,335,60,92,0.15,0.31,772,433,38,39,108,7,0.42,0.4,0,1,0
261,48,450,50,22,0.34,0.35,187,462,300,61,63,24,0.94,0.6,0,1,0
470,171,487,72,15,0.62,0.87,141,523,280,80,77,2,0.74,0.6,5,1,1
357,363,282,64,75,0.16,0.44,846,114,37,36,61,14,0.86,0.8,3,1,1
456,392,259,57,13,0.65,0.79,682,446,212,35,112,25,0.55,0.9,0,1,1
580,360,267,39,83,0.25,0.33,381,501,172,47,9,8,0.84,0.6,3,0,0
550,217,161,41,86,0.46,0.81,182,295,278,56,9,15,0.41,0.6,2,0,1
611,313,369,70,45,0.8,0.66,291,360,72,67,25,18,0.67,0.8,5,1,1
176,314,42,45,64,0.77,0.52,299,349,67,30,75,20,0.35,0.4,2,1,0
766,369,468,30,60,0.53,0.97,790,157,40,38,104,0,0.59,0.8,10,0,1
785,66,291,52,102,0.4,0.65,260,423,88,79,59,9,0.57,1.0,0,1,1
163,309,359,46,65,0.74,0.47,513,297,256,66,41,5,0.89,0.8,2,1,0
55,327,472,57,16,0.38,0.87,671,572,89,76,32,13,0.82,0.9,3,0,0
68,107,43,70,119,0.24,0.4,343,59,262,31,65,25,0.66,0.9,2,0,0
313,280,367,70,69,0.93,0.89,883,485,250,40,2,2,0.36,0.6,3,0,1
594,101,353,43,23,0.13,0.87,132,449,194,74,95,19,0.76,0.4,0,1,1
247,141,490,69,33,0.19,0.51,605,303,169,35,38,19,0.45,0.4,1,1,1
460,397,256,66,82,0.57,0.71,946,146,43,73,119,23,0.53,0.9,0,0,1
519,154,336,61,36,0.88,0.81,110,524,115,42,26,18,0.43,0.8,0,0,1
477,42,32,37,51,0.41,0.67,802,415,187,57,54,23,0.56,0.6,0,1,0
260,153,239,50,28,0.61,0.53,687,559,262,74,18,16,0.6,1.0,1,0,0
414,236,363,33,72,0.26,0.8,133,520,80,47,14,15,0.88,0.9,2,0,1
474,373,153,37,54,0.49,0.44,513,337,135,70,120,16,0.41,0.6,3,1,0
85,177,441,37,65,0.57,0.63,588,127,81,44,59,5,0.43,0.6,3,0,1
217,195,393,76,12,0.96,0.68,591,111,241,56,115,17,0.71,0.6,0,1,1
676,24,141,64,65,0.65,0.93,611,286,214,78,50,24,0.78,1.0,2,0,1
262,47,226,69,75,0.7,0.41,742,255,229,43,39,20,0.43,0.6,0,0,1
190,200,192,74,87,0.82,0.46,452,260,70,55,55,1,0.93,0.9,5,0,0
435,367,128,57,118,0.87,0.75,342,561,53,80,32,15,0.96,1.0,2,0,0
99,375,331,39,115,0.13,0.77,461,408,116,32,72,4,0.85,1.0,5,0,0
756,165,221,30,115,0.04,0.87,952,329,230,57,36,18,0.94,0.8,0,0,0
424,398,145,76,65,0.64,0.6,476,275,197,38,99,9,0.32,0.8,10,0,0
204,303,188,57,73,0.91,0.75,801,347,158,53,45,13,0.68,0.6,10,1,0
756,193,288,56,7,0.06,0.55,830,525,259,32,111,20,0.89,1.0,5,1,0
434,341,246,61,90,0.11,0.4,977,420,258,57,100,11,0.3,0.6,2,1,0
277,386,142,39,5,0.79,0.66,526,387,159,71,11,17,0.41,0.6,0,0,0
455,204,73,30,21,0.1,0.65,980,85,142,48,59,18,0.48,1.0,3,1,0
331,81,385,74,49,0.05,0.41,717,217,201,73,13,20,0.62,1.0,1,1,1
125,398,301,52,68,0.68,0.43,626,519,67,30,65,19,0.45,0.6,3,0,0
290,147,77,73,22,0.19,0.88,258,100,155,41,6,12,0.45,0.8,0,1,1
404,259,205,60,23,0.46,0.74,378,208,90,41,118,14,0.53,0.6,1,1,1
206,76,104,31,77,0.73,0.72,429,272,35,52,120,6,0.7,0.4,0,0,0
377,316,406,50,43,0.44,0.69,517,429,63,61,69,10,0.34,0.9,10,1,0
267,138,343,75,25,0.06,0.86,627,387,272,42,26,21,0.71,0.6,0,0,1
758,316,192,30,52,0.4,0.91,763,164,269,54,25,15,0.69,0.8,0,0,1
83,72,235,71,86,0.18,0.91,789,43,34,66,35,16,0.86,1.0,5,1,0
622,214,133,67,66,0.79,0.3,293,514,155,52,76,21,0.92,0.6,5,0,0
50,241,356,40,50,0.03,0.36,209,436,36,63,106,2,0.41,0.9,2,0,0
426,174,112,48,112,0.65,0.65,356,591,159,72,99,17,0.6,0.4,0,1,0
227,277,367,69,10,0.28,0.5,741,445,264,59,12,3,0.8,0.6,2,0,0
674,55,151,64,100,0.21,0.62,580,578,287,38,101,15,0.34,1.0,0,0,1
580,157,393,42,5,0.15,0.86,972,228,116,31,30,7,0.84,0.4,2,1,1
630,390,485,68,48,0.95,0.39,800,378,143,70,65,9,0.72,0.6,3,1,0
114,338,361,64,21,0.11,0.59,706,269,211,35,111,19,0.85,0.9,3,0,0
688,386,223,31,108,0.92,0.53,642,545,90,45,115,11,0.64,1.0,1,0,0
243,44,287,33,83,0.57,0.73,305,479,100,57,58,17,0.94,0.8,1,0,0
323,395,37,76,51,0.4,0.58,145,236,80,50,1,22,0.97,0.8,5,1,1
355,375,417,45,9,0.22,0.83,506,505,288,36,7,5,0.44,0.8,1,0,1
670,359,196,30,69,0.23,1.0,376,334,254,51,97,6,0.97,1.0,1,1,0
773,273,329,32,89,0.06,0.86,895,92,41,57,38,10,0.95,0.9,0,0,1
237,155,365,65,13,0.77,0.43,118,586,154,57,42,12,0.36,0.6,0,0,1
155,298,94,33,66,0.73,0.89,215,380,38,43,117,19,0.77,0.6,2,1,0
335,359,198,59,25,0.38,0.91,567,364,64,34,9,10,0.5,0.8,5,1,1
120,208,209,73,55,0.23,0.81,951,500,103,45,68,0,0.64,0.4,3,0,0
199,226,275,32,113,0.02,0.38,113,258,245,72,15,22,0.35,0.8,3,0,0
113,398,298,30,23,0.71,0.36,626,244,92,33,47,20,0.4,1.0,0,0,0
239,221,402,64,51,0.32,0.68,894,203,77,76,59,1,0.68,1.0,5,0,0
545,60,210,56,17,0.18,0.86,150,191,103,40,67,24,0.39,0.6,2,1,1
74,107,449,75,70,0.26,0.97,254,597,211,49,37,7,0.38,1.0,5,0,0
520,75,223,47,38,0.66,0.56,357,231,153,63,38,5,0.49,0.9,5,1,0
496,61,351,58,99,0.95,0.58,322,65,203,45,103,19,0.48,0.6,0,0,1
147,390,284,51,8,0.15,0.69,708,324,69,54,10,16,0.93,0.9,1,1,0
659,168,392,42,93,0.64,0.36,764,386,228,37,39,23,0.82,0.6,5,1,0
680,204,361,48,73,0.97,0.92,866,349,172,76,71,20,0.79,0.8,3,0,1
363,51,124,46,13,0.15,0.79,770,363,200,65,105,25,0.96,0.8,0,0,0
131,225,305,44,113,0.68,0.4,711,518,258,73,45,1,0.81,1.0,0,0,0
411,306,160,67,119,0.45,0.47,325,45,95,63,3,18,0.95,0.6,3,0,1
94,174,345,37,104,0.37,0.81,361,377,36,41,63,9,0.56,0.9,2,1,1
274,131,389,57,17,0.78,0.47,789,341,227,67,41,24,0.75,1.0,0,0,0
696,321,163,64,88,0.49,0.3,126,270,229,59,102,23,0.46,0.6,5,0,0
558,198,303,35,11,0.24,0.53,916,98,179,63,17,1,0.81,0.8,3,0,0
174,125,318,76,53,0.05,0.79,595,257,112,39,118,0,0.93,0.6,1,0,1
503,131,98,76,79,0.17,0.48,606,188,229,69,110,11,0.52,1.0,2,0,0
136,146,298,43,14,0.89,0.44,258,419,229,31,110,0,0.51,1.0,3,0,1
508,167,481,54,37,0.76,0.47,936,45,55,35,84,0,0.84,0.4,0,0,1
724,205,44,32,88,0.17,0.61,434,272,201,74,65,6,0.59,0.9,0,0,0
678,143,139,54,57,0.56,0.32,577,442,193,44,79,23,0.65,0.8,2,0,0
182,43,65,69,12,0.15,0.92,499,412,292,64,68,17,0.67,0.6,0,0,0
326,164,379,60,83,0.8,0.32,187,43,186,58,60,14,0.77,1.0,0,1,1
669,395,200,69,11,0.5,0.9,892,130,58,38,111,6,0.45,0.8,0,1,1
478,199,223,76,13,0.9,0.64,687,310,71,67,97,1,0.42,0.8,5,0,0
546,162,325,50,10,0.95,0.58,506,284,244,46,19,16,0.34,0.9,5,0,1
158,73,38,68,54,0.01,0.63,931,165,63,44,36,10,0.91,0.6,2,0,0
575,268,207,30,58,0.89,0.94,908,354,104,37,78,22,0.33,0.4,0,0,0
407,212,491,45,93,0.74,0.7,875,227,10,61,119,24,0.67,0.9,0,0,1
501,127,493,69,27,0.95,0.99,207,277,52,78,92,17,0.62,0.8,1,0,1
403,258,94,80,61,0.65,0.75,653,218,196,37,10,11,0.96,0.6,0,0,1
753,102,206,45,11,0.83,0.63,639,400,106,76,18,20,0.66,0.4,2,1,0
291,337,383,30,70,0.49,0.77,738,393,226,55,17,20,0.81,0.4,0,1,0
175,385,429,30,6,1.0,0.3,640,84,264,73,68,5,0.63,0.9,1,0,0
161,33,263,56,105,0.5,0.6,210,241,284,39,70,7,0.91,0.4,10,1,0
118,259,199,41,1,0.42,0.42,872,570,49,38,112,2,0.69,1.0,2,0,0
218,290,110,66,112,0.04,0.93,392,177,32,38,5,21,0.97,0.8,5,0,0
695,80,187,70,47,0.5,0.85,471,479,127,64,51,4,0.5,0.8,3,1,1
399,83,209,46,40,0.36,0.36,511,235,199,43,18,12,0.72,0.9,0,0,1
390,13,459,47,48,0.45,0.91,828,304,15,78,37,13,0.59,0.4,1,0,0
793,252,239,48,61,0.84,0.69,584,560,299,49,96,4,0.91,0.4,2,0,0
604,210,119,70,92,0.85,0.4,340,407,218,54,10,19,0.45,1.0,3,1,1
513,194,327,33,37,0.14,0.54,891,142,205,50,86,25,0.88,0.9,2,0,0
190,250,100,40,28,0.64,0.92,355,227,131,51,78,17,0.31,0.4,10,1,0
117,172,225,43,30,0.72,0.84,807,202,157,44,15,24,0.8,0.9,3,0,0
71,27,424,65,95,0.62,0.73,650,403,16,43,59,16,0.7,0.6,0,1,0
399,16,328,51,110,0.68,0.86,252,46,52,74,52,17,0.73,0.4,2,1,1
486,17,264,56,113,0.25,0.58,872,168,88,64,9,4,0.5,0.6,0,0,1
688,223,491,75,92,0.68,0.75,816,199,200,68,80,10,0.98,0.4,3,0,1
505,55,235,75,68,0.86,0.98,606,403,235,46,16,6,0.89,1.0,1,1,1
356,336,204,56,3,0.83,0.54,482,564,145,56,71,24,0.77,0.9,10,1,0
80,24,203,31,21,0.32,0.94,217,244,297,61,61,8,0.71,0.6,0,0,0
66,53,279,68,47,0.56,0.96,451,310,268,33,38,12,0.56,0.8,0,0,1
320,291,468,64,55,0.96,0.33,410,262,98,31,43,7,0.7,0.8,1,0,1
565,220,332,60,46,0.65,0.42,918,199,91,46,43,23,0.83,0.4,0,0,1
658,169,418,78,101,0.52,0.49,208,496,227,45,19,10,0.49,0.6,2,0,1
284,105,466,35,60,0.42,0.7,234,46,243,72,93,25,0.58,0.6,2,0,1
159,41,298,80,32,0.4,0.38,160,333,265,62,15,8,0.55,0.8,1,1,1
514,179,169,40,17,0.88,0.33,983,124,129,47,31,4,0.63,0.9,3,1,0
681,207,248,40,38,0.73,0.8,743,197,133,80,120,7,0.68,1.0,3,0,0
726,195,437,38,107,0.56,0.82,936,210,74,48,57,23,0.75,0.6,10,0,0
278,384,339,75,96,0.9,0.69,579,64,255,32,69,4,0.45,1.0,1,0,1
569,357,338,78,111,0.59,0.75,941,599,252,54,30,15,0.72,0.8,3,1,1
179,370,454,63,30,0.14,0.41,902,81,267,34,36,19,0.63,0.8,1,0,1
507,148,37,37,57,0.94,0.78,600,447,251,35,60,9,0.69,0.4,10,1,0
62,204,331,65,81,0.38,0.89,130,148,73,55,74,3,0.47,0.6,10,0,1
623,379,276,56,73,0.02,0.82,827,400,227,36,118,3,0.86,0.6,2,0,1
241,327,246,63,9,0.08,0.69,678,136,207,41,93,8,0.84,1.0,0,0,1
667,136,472,66,54,0.65,0.64,406,164,22,67,73,9,0.9,0.9,2,0,1
789,117,461,36,26,0.45,0.35,813,225,101,31,46,24,0.79,0.9,3,0,1
118,388,85,65,92,0.98,0.4,336,509,194,52,7,14,0.69,1.0,0,1,1
365,140,121,46,88,0.64,0.75,231,269,86,62,113,24,0.6,1.0,10,0,0
524,108,241,35,58,0.21,0.45,965,507,162,69,6,18,0.76,1.0,0,0,0
601,91,216,75,49,0.0,0.59,673,442,157,35,82,25,0.63,0.9,2,0,1
739,21,266,52,33,0.31,0.56,907,247,278,40,83,18,0.47,0.4,10,0,0
477,183,130,54,64,0.53,0.54,757,258,126,72,20,13,0.85,1.0,0,1,0
354,26,103,41,106,0.7,0.39,176,214,19,49,30,7,0.32,0.6,3,0,1
554,179,67,51,84,0.26,0.79,598,327,231,53,42,13,0.65,0.8,5,0,0
123,374,198,70,82,0.71,0.41,736,41,86,67,21,19,0.47,0.6,0,0,1
636,160,301,77,40,0.78,0.34,908,450,35,43,23,0,0.85,0.8,0,0,1
509,148,380,75,81,0.06,0.35,205,366,293,77,17,22,1.0,1.0,3,0,0
434,224,35,31,1,0.38,0.3,547,81,35,32,3,9,0.94,1.0,2,0,0
194,269,131,43,64,0.84,0.42,232,458,85,46,45,5,0.42,0.9,0,0,1
136,232,454,33,30,0.37,0.5,682,211,295,64,91,2,0.47,0.9,0,0,0
492,298,151,80,93,0.97,0.49,792,91,270,55,80,1,0.5,0.8,3,0,1
168,163,67,54,88,0.57,0.31,611,227,11,68,39,5,0.84,1.0,10,1,0
357,341,68,42,106,0.32,0.72,916,297,32,52,88,16,0.58,0.4,5,0,0
509,325,393,39,46,0.83,0.39,564,263,20,32,54,20,0.57,0.4,1,0,1
56,292,131,45,84,0.79,0.76,927,80,48,55,3,0,0.73,0.4,5,1,0
182,320,475,55,30,0.94,0.88,173,505,269,36,20,18,0.78,0.4,2,0,1
476,184,167,42,54,0.13,0.96,870,530,153,72,98,17,0.82,1.0,0,0,0
764,391,98,77,18,0.66,0.85,647,449,83,74,71,20,0.77,0.4,0,0,0
295,246,341,58,49,0.64,0.83,923,354,72,53,68,9,0.4,0.9,0,0,1
344,356,217,71,23,0.95,0.5,858,550,178,66,20,4,0.34,0.4,0,0,0
764,390,358,52,24,0.97,0.73,937,507,20,43,79,17,0.66,0.9,3,0,1
651,312,462,64,24,0.16,0.96,325,45,60,61,91,13,0.86,0.9,2,1,1
788,44,400,67,105,0.9,0.49,949,269,27,51,107,7,0.76,0.4,2,1,1
394,14,450,45,8,0.13,0.58,205,593,29,71,26,4,0.54,1.0,0,1,1
262,255,438,30,87,0.81,0.5,385,98,181,47,89,3,0.86,0.6,0,1,1
313,270,215,38,37,0.54,0.4,812,585,195,43,52,11,0.9,0.8,2,0,0
245,12,190,75,35,0.45,0.6,318,293,135,40,62,22,0.97,1.0,1,0,1
548,179,158,49,96,0.47,0.98,422,298,220,50,29,13,0.82,0.9,0,0,1
191,259,456,74,48,0.23,0.45,926,407,262,65,5,12,0.68,0.8,0,0,0
667,274,92,46,92,0.77,0.45,355,573,70,53,66,20,0.46,0.8,2,0,0
138,58,269,63,87,0.37,0.7,869,302,188,46,85,18,0.5,1.0,5,0,0
497,231,95,54,72,0.77,0.64,534,187,65,70,83,6,0.91,0.9,2,0,0
566,397,182,80,30,0.0,0.8,685,560,182,49,94,25,0.38,1.0,5,1,0
458,131,320,68,53,0.16,0.77,940,80,250,70,104,12,0.95,0.4,0,1,1
521,233,347,39,101,0.55,0.36,942,197,150,69,46,14,0.5,1.0,5,1,0
320,116,477,60,26,0.04,0.37,134,501,298,76,102,0,0.44,0.9,5,1,1
492,57,123,63,22,0.14,0.48,589,171,215,69,54,24,0.85,0.8,0,1,0
758,393,491,56,26,0.44,0.78,463,515,70,50,109,23,0.71,0.9,0,1,1
637,94,95,74,13,0.93,0.63,364,333,33,70,3,5,0.96,0.6,5,1,0
676,332,164,75,111,0.23,0.37,115,341,215,48,108,14,0.42,0.6,0,1,1
555,150,272,58,23,0.83,0.49,854,307,183,38,24,10,0.56,0.6,3,0,0
302,151,454,41,57,0.49,0.94,187,166,19,37,43,19,0.4,0.4,10,0,1
792,54,248,38,2,0.86,0.48,614,315,115,40,36,4,0.69,0.8,0,1,1
699,177,132,58,32,0.87,0.99,175,43,61,72,97,19,0.84,0.8,10,1,1
274,315,226,39,94,0.48,0.74,554,249,48,44,90,10,0.6,0.8,0,0,1
416,369,343,37,27,0.18,0.82,540,500,255,61,80,20,0.97,0.4,2,0,0
705,204,107,36,100,0.0,0.92,102,401,166,39,85,11,0.98,0.8,1,0,1
559,243,290,48,47,0.34,0.72,398,178,136,45,97,20,0.9,0.4,2,0,1
114,246,254,61,40,0.81,0.42,274,100,138,56,89,12,0.87,0.6,2,0,0
720,57,342,42,96,0.76,0.74,312,216,85,35,99,25,0.68,0.4,0,0,1
720,240,275,51,13,0.61,0.57,797,256,12,79,16,10,0.62,1.0,3,0,0
398,182,258,39,89,0.71,0.97,388,119,182,77,24,15,0.42,0.4,3,0,1
338,310,75,45,117,0.38,0.53,510,93,50,56,87,8,0.89,0.9,3,0,0
379,272,481,63,71,0.24,0.4,107,363,258,54,41,0,0.51,0.8,2,1,1
112,72,376,71,7,0.44,0.32,166,48,237,30,44,0,0.87,0.4,2,1,1
315,330,293,76,103,0.39,0.96,780,273,32,33,69,14,0.74,0.8,10,0,0
50,89,434,36,30,0.68,0.52,824,426,167,38,9,14,0.32,0.8,2,1,0
435,15,465,57,91,0.36,0.72,488,126,146,70,74,5,0.31,0.9,3,0,1
431,323,365,48,17,0.6,0.8,260,94,32,71,85,24,0.73,0.8,1,1,1
732,113,43,62,17,0.84,0.91,332,401,13,72,60,11,0.92,0.8,0,0,0
635,12,479,73,105,0.6,0.59,742,186,93,55,109,3,0.98,0.9,1,1,1
448,389,376,61,12,0.6,0.4,954,279,189,37,38,24,0.58,1.0,0,1,1
695,94,93,73,64,0.85,0.74,189,475,142,35,3,2,0.38,0.4,10,1,1
315,160,230,46,20,0.76,0.77,626,398,142,43,74,6,0.31,0.6,0,1,1
196,87,170,80,109,0.01,0.46,852,208,274,32,92,7,0.4,0.8,2,1,1
282,177,38,49,109,0.41,0.86,275,529,300,42,1,5,0.49,0.9,10,1,0
86,286,384,75,39,0.4,0.49,322,170,148,63,13,5,0.65,0.9,2,0,1
698,21,255,64,65,0.87,0.76,592,198,173,77,116,16,0.93,1.0,10,1,0
212,389,205,68,33,0.77,0.38,856,227,20,64,33,9,0.84,0.8,2,0,0
346,139,85,30,100,0.92,0.94,788,147,122,44,116,7,0.35,0.4,1,0,0
193,137,154,49,31,0.5,0.96,125,196,243,56,71,24,0.44,0.9,2,0,1
454,158,334,63,20,0.95,1.0,907,239,43,80,112,23,0.47,0.8,0,1,1
434,331,343,74,61,0.77,0.64,650,203,295,49,70,1,0.73,1.0,0,1,1
643,203,280,79,27,0.49,0.88,520,294,260,35,73,25,0.71,0.4,10,0,0
535,307,211,75,105,0.64,0.98,880,511,181,63,4,10,0.9,0.8,2,1,1
620,309,407,34,45,0.64,0.89,889,445,59,30,22,2,0.39,0.4,3,0,1
243,226,101,57,37,0.04,0.54,463,218,87,58,38,6,0.81,0.4,1,0,0
595,239,133,38,12,0.22,0.41,166,100,112,51,101,12,0.82,0.9,3,1,1
612,84,384,57,19,0.83,0.4,871,156,110,44,12,6,0.34,0.4,0,0,1
69,358,271,38,45,0.95,0.49,555,212,91,58,64,21,0.53,1.0,0,0,0
601,54,209,49,15,0.89,0.89,610,397,194,49,35,7,0.32,0.6,10,1,0
192,80,330,74,69,0.55,0.98,637,343,181,73,44,22,0.6,1.0,0,1,1
598,197,388,53,93,0.52,0.51,410,464,181,79,28,7,0.6,0.4,10,0,0
672,33,414,47,41,0.76,0.84,281,301,48,35,71,24,0.55,0.8,10,0,1
86,169,283,34,50,0.88,0.51,771,114,250,41,114,15,0.67,0.4,10,1,0
170,98,282,76,112,0.17,0.44,122,174,208,51,71,18,0.44,1.0,5,0,1
487,296,120,58,9,0.43,0.74,492,285,243,38,60,22,0.55,0.9,1,0,1
276,38,83,60,76,0.35,0.76,653,353,25,61,7,15,0.57,0.6,2,0,0
212,321,102,47,45,0.72,0.82,129,433,124,33,63,12,0.54,0.8,10,0,0
525,377,478,67,26,0.94,0.92,651,466,294,77,118,23,0.71,0.6,0,0,1
697,40,326,52,105,0.43,0.85,866,66,143,30,74,10,0.42,0.8,2,1,1
448,10,184,68,35,0.63,0.63,141,594,180,32,109,4,0.75,0.9,10,1,1
605,60,85,43,76,0.04,0.45,484,56,98,58,119,19,0.88,0.4,3,1,0
760,253,334,53,26,0.18,0.6,859,372,67,54,105,12,0.48,0.8,0,0,1
666,45,95,38,29,0.7,0.35,153,146,267,33,36,19,0.35,0.8,0,0,1
789,153,136,44,105,0.06,0.46,423,532,176,72,75,12,0.44,0.4,2,0,0
246,228,448,36,28,0.43,0.68,203,138,33,40,80,25,0.56,0.4,0,0,1
364,280,316,41,3,0.94,0.8,571,587,192,66,59,5,0.35,0.8,3,0,0
461,116,212,42,94,0.19,0.75,647,480,18,55,110,0,0.85,1.0,1,0,0
688,293,178,79,24,0.77,1.0,238,524,199,33,11,8,0.67,0.6,3,0,1
308,91,116,39,106,0.67,0.74,736,160,227,70,41,9,0.32,0.4,0,1,0
679,311,275,33,93,0.61,0.33,640,521,135,70,48,1,0.4,0.6,0,0,0
593,80,315,37,67,0.97,0.31,931,393,41,56,60,6,0.76,1.0,2,0,0
407,242,154,48,93,0.84,0.52,407,116,52,34,78,1,0.73,0.6,10,0,0
67,52,318,35,8,0.07,0.45,532,84,176,39,49,17,0.61,0.4,0,1,0
729,122,315,32,44,0.52,0.44,140,247,197,51,111,25,0.93,0.8,3,0,1
244,291,365,45,28,0.98,0.36,865,133,290,59,115,16,0.84,0.8,0,0,0
104,41,211,53,62,0.03,0.8,196,198,124,56,85,9,0.58,0.9,0,1,1
456,87,483,76,39,0.46,0.91,756,118,106,56,99,12,0.42,0.6,0,1,1
674,306,150,72,94,0.33,0.81,815,482,79,30,95,9,0.42,0.9,1,0,1
639,228,197,50,100,0.53,0.31,703,472,79,51,89,11,0.62,0.6,0,0,0
570,76,232,60,21,0.68,0.72,101,270,206,71,36,10,0.42,0.9,5,1,1
585,134,387,76,67,0.4,0.99,935,546,127,68,106,12,0.4,0.9,0,1,1
507,142,242,69,47,0.64,0.31,776,537,54,36,39,24,0.33,1.0,10,0,0
71,153,90,60,41,0.65,0.43,443,568,127,76,52,22,0.71,0.4,0,0,0
509,147,276,60,111,0.14,0.56,605,338,50,36,37,12,0.7,1.0,10,1,0
220,172,469,64,89,0.33,0.89,971,553,135,59,78,21,0.69,0.9,0,0,1
84,126,174,56,15,0.85,0.5,556,513,12,58,12,4,0.85,0.6,3,0,0
256,252,455,40,118,0.18,0.6,623,173,273,48,119,21,0.45,0.6,3,0,0
761,90,99,71,95,0.4,0.6,986,354,238,76,61,22,0.52,0.4,0,0,0
369,191,263,60,80,0.83,0.57,694,139,48,61,26,7,0.75,0.6,3,0,1
120,18,213,41,112,0.75,0.51,318,128,194,33,104,24,0.47,0.4,3,0,0
268,21,284,48,17,0.09,0.83,416,115,216,43,63,6,0.46,0.4,1,0,1
787,169,317,48,92,0.78,0.31,569,190,258,35,76,7,0.94,0.6,0,0,1
569,125,390,37,79,0.34,0.69,746,45,10,44,40,12,0.97,0.8,0,0,1
688,249,205,57,71,0.01,0.69,426,494,62,69,111,17,0.8,0.8,3,0,0
393,311,464,31,49,1.0,0.49,437,150,218,67,86,11,0.53,1.0,0,0,1
337,104,87,77,17,0.06,0.73,839,544,142,50,86,24,0.33,0.4,3,0,0
115,146,136,44,7,0.01,0.94,726,208,243,65,7,20,0.66,0.6,0,0,0
755,20,254,71,79,0.53,0.55,575,267,200,48,97,17,0.86,0.9,0,0,1
558,198,176,30,53,0.91,0.76,949,181,160,57,115,8,0.7,1.0,5,0,0
749,76,171,65,31,0.77,0.9,278,97,201,54,31,9,0.55,0.8,0,1,1
423,181,123,71,105,0.12,0.98,748,292,215,64,94,24,0.62,1.0,3,0,0
118,385,77,52,99,0.87,0.91,172,112,220,42,11,12,0.53,0.8,3,1,1
381,161,315,52,50,0.63,0.72,902,439,112,60,95,7,0.93,0.4,5,0,0
723,166,133,76,11,0.98,0.5,596,344,250,57,115,2,0.77,0.6,10,0,0
101,217,345,34,17,0.08,0.57,727,362,185,75,26,2,0.69,0.4,0,0,0
747,33,500,39,58,0.65,0.66,998,54,21,41,63,8,0.6,1.0,0,0,1
128,378,294,37,22,0.57,0.92,477,145,136,36,102,16,0.37,0.4,3,0,1
447,78,180,62,93,0.68,0.5,374,214,286,57,118,16,0.43,0.8,5,0,0
159,292,161,53,107,0.61,0.76,316,105,201,49,4,15,0.41,0.4,1,1,1
788,29,195,55,26,0.3,0.75,769,393,46,75,58,15,0.89,0.8,10,0,0
155,216,248,40,42,0.07,0.39,239,408,240,65,23,4,0.65,0.9,3,0,0
425,44,137,80,119,0.05,0.73,566,177,54,30,32,1,0.86,0.8,3,1,1
430,107,83,57,69,0.2,0.68,722,469,205,50,48,3,0.6,0.4,0,0,0
144,377,270,66,16,0.99,0.58,672,497,95,62,31,5,0.86,0.4,0,1,0
731,325,408,30,15,0.26,0.76,618,508,50,43,89,16,0.52,0.4,1,1,0
132,124,97,41,68,0.82,0.72,592,360,223,42,17,9,0.33,0.4,10,0,0
533,67,108,55,120,0.07,0.88,556,246,130,54,56,13,0.39,0.9,0,0,1
415,177,269,31,55,0.42,0.91,781,134,211,32,115,4,0.38,0.9,5,1,1
274,24,482,58,92,0.68,0.77,203,46,238,67,81,5,0.78,1.0,10,1,1
800,76,389,30,4,0.27,0.79,260,439,159,72,55,0,0.61,1.0,0,0,1
509,76,341,65,95,0.92,0.51,432,360,194,65,49,1,0.71,1.0,0,0,1
412,355,286,41,85,0.74,0.93,533,413,261,76,88,24,0.88,0.6,10,0,0
433,194,108,50,80,0.27,0.35,724,417,212,55,113,24,0.37,0.9,0,0,0
80,390,173,30,117,0.21,0.73,825,506,20,53,91,20,0.36,0.9,0,0,0
274,167,292,45,64,0.84,0.99,245,499,238,46,20,13,0.78,1.0,2,0,1
159,237,47,51,109,0.75,0.51,783,560,236,70,5,18,0.46,0.9,3,0,0
686,270,154,49,56,0.54,0.31,632,81,61,63,119,12,0.4,0.8,0,0,1
78,185,146,75,71,0.27,0.95,598,284,76,68,90,1,0.46,0.4,3,0,0
94,209,465,40,67,0.14,0.54,184,525,227,60,56,21,0.38,0.8,3,0,0
711,150,280,76,23,0.23,0.94,460,222,285,77,36,8,0.72,1.0,2,1,1
653,162,149,75,112,0.12,0.77,166,441,32,66,7,13,0.6,1.0,0,1,1
779,45,175,45,43,0.09,0.52,457,360,267,37,2,10,0.36,0.8,0,0,1
480,319,194,48,19,0.53,0.36,688,174,226,59,104,20,0.89,0.6,10,0,0
136,98,400,57,118,0.13,0.66,356,385,67,65,31,4,0.75,0.4,0,1,0
265,50,346,59,118,0.85,0.49,414,232,114,41,41,18,0.84,1.0,5,0,1
461,40,491,49,93,0.3,0.5,105,554,289,34,4,16,0.86,0.4,1,0,1
577,303,396,53,41,0.8,0.95,672,132,181,59,20,2,0.63,1.0,5,1,1
500,167,199,57,83,0.64,0.57,643,558,265,67,56,11,0.54,0.4,3,0,0
684,15,461,33,60,0.6,0.59,525,174,118,41,4,25,0.78,1.0,10,0,0
746,315,128,59,52,0.14,0.64,265,272,126,56,21,6,0.34,0.4,0,0,1
242,209,342,35,31,0.5,0.79,691,487,177,31,110,13,0.72,0.4,0,0,0
574,234,449,72,3,0.35,0.43,458,518,17,35,63,12,0.73,0.9,0,1,1
132,32,123,39,117,0.06,0.9,691,394,237,40,70,14,0.59,0.4,3,0,0
403,188,203,65,56,0.35,0.48,959,130,231,42,74,9,0.48,0.6,2,1,1
101,182,44,66,28,0.72,0.78,909,182,281,39,90,1,0.66,0.4,2,0,0
353,215,110,43,65,0.31,0.89,139,392,200,30,99,15,0.62,0.4,0,0,1
236,111,36,32,80,0.3,0.44,994,142,181,76,70,0,0.66,0.9,2,0,0
588,298,193,43,44,0.6,0.66,535,281,117,53,51,16,0.74,0.8,5,1,0
191,62,120,42,79,0.54,0.4,211,121,134,73,90,25,0.59,0.9,0,0,0
81,218,125,73,108,0.34,0.49,160,60,12,55,70,8,0.44,0.8,0,0,1
708,174,88,74,52,0.74,0.62,146,373,109,77,37,4,0.96,0.8,3,0,1
590,23,122,45,5,0.57,0.71,201,180,176,47,56,12,0.61,0.9,3,1,1
800,247,423,79,53,0.54,0.31,704,578,102,39,10,7,0.96,0.8,0,0,1
755,311,334,75,13,0.43,0.91,464,141,287,64,23,19,0.55,1.0,10,1,1
584,100,183,40,36,0.49,0.61,716,59,222,37,102,4,0.5,0.8,2,0,1
750,67,312,35,73,0.17,0.97,434,369,292,43,73,3,0.63,0.9,0,0,1
584,69,217,48,100,0.35,0.66,796,100,121,77,16,15,0.36,0.8,0,1,1
509,376,412,40,101,0.54,0.94,994,586,32,45,46,20,1.0,0.8,5,0,0
208,321,378,63,4,0.4,0.38,645,244,185,52,88,22,0.93,0.4,2,1,0
310,260,356,77,33,0.35,0.57,767,447,259,57,84,21,0.9,0.4,1,0,0
306,396,262,36,17,0.79,0.96,219,89,144,74,17,21,0.89,0.6,1,1,1
313,231,352,60,102,0.94,0.86,243,410,286,53,119,17,0.75,0.4,3,0,1
486,123,102,53,5,0.2,0.66,491,205,225,50,87,4,0.8,1.0,3,1,0
548,245,188,48,79,0.67,0.98,690,117,164,39,90,0,0.66,0.8,0,0,1
62,86,473,46,113,0.11,0.59,699,59,283,66,117,4,0.75,0.4,0,1,0
763,167,201,71,117,0.33,0.92,521,126,228,77,60,25,0.84,0.6,0,0,1
228,393,72,75,48,0.18,0.72,120,405,254,78,60,16,0.98,0.8,5,0,0
187,131,489,69,26,0.93,0.3,262,226,73,45,6,1,0.34,0.9,5,0,1
214,237,55,30,23,0.53,0.31,722,332,181,64,111,5,0.51,0.6,0,0,0
117,225,428,79,113,0.09,0.38,830,137,274,49,20,8,0.91,1.0,10,1,0
356,90,479,35,34,0.35,0.78,864,270,104,45,24,21,0.5,1.0,2,1,1
512,304,139,46,112,0.08,0.46,371,62,109,56,55,15,0.7,0.6,2,1,1
470,289,339,30,83,0.96,0.43,511,266,15,75,56,12,0.36,0.9,2,0,1
639,12,424,70,117,0.81,0.51,604,497,48,69,94,16,0.33,0.4,10,1,0
414,309,105,54,90,0.73,0.65,420,411,147,44,80,18,0.86,1.0,0,0,1
661,336,259,30,107,0.94,0.4,101,41,203,51,65,22,0.64,0.6,0,0,1
212,92,396,60,73,0.64,0.57,787,229,141,54,20,6,0.7,1.0,0,0,1
228,193,332,70,55,0.65,0.64,760,546,85,59,72,13,0.82,1.0,2,0,0
411,213,119,78,90,0.85,0.8,851,403,78,55,15,24,0.84,0.4,1,1,0
720,342,361,54,17,0.58,0.63,731,567,173,67,120,8,0.36,0.6,5,0,0
240,88,144,76,78,0.86,1.0,704,536,31,36,115,16,0.43,0.8,3,0,1
293,188,174,44,91,0.89,0.89,146,270,162,76,64,15,0.59,0.9,0,0,1
213,289,317,59,82,0.54,0.4,919,108,243,42,104,2,0.71,0.9,10,0,0
312,14,120,66,25,0.71,0.33,979,241,199,35,6,13,0.32,0.6,2,1,0
167,324,315,76,83,0.19,0.87,199,449,200,54,36,18,0.83,0.8,0,0,1
239,304,428,69,54,0.66,0.6,621,373,294,33,36,14,0.36,0.9,0,0,1
299,15,101,48,96,0.49,0.46,939,322,180,62,11,25,0.92,1.0,0,1,0
542,209,429,72,33,0.6,0.69,521,181,57,52,94,3,0.38,0.6,10,0,1
313,124,394,70,89,0.46,0.84,597,243,52,77,58,18,0.43,0.9,0,1,1
140,320,264,66,5,0.65,0.69,918,594,162,44,52,0,0.33,0.8,3,0,0
793,135,156,74,63,0.53,0.88,752,389,57,40,62,15,0.87,0.8,2,0,1
568,223,315,55,93,0.67,0.37,248,83,45,44,30,20,0.93,0.4,1,1,1
664,195,113,54,18,0.22,0.46,546,45,96,43,48,7,0.39,1.0,0,0,1
509,156,96,79,63,0.38,0.72,422,453,283,72,49,17,0.94,0.9,2,1,1
614,83,303,31,31,0.14,0.41,437,118,255,66,18,8,0.5,1.0,0,0,1
478,392,213,72,83,0.63,0.31,346,524,135,49,62,3,0.4,0.4,0,0,1
317,43,281,78,75,0.4,0.3,653,181,66,71,79,3,0.6,0.6,10,1,0
92,177,178,48,73,0.23,0.33,426,323,84,59,87,12,0.72,0.8,0,1,0
146,373,104,58,30,0.63,0.64,504,283,196,67,57,5,0.89,0.6,0,0,0
492,87,92,74,50,0.09,0.84,884,227,104,65,31,3,0.7,0.9,3,0,0
255,222,173,48,32,0.03,0.97,928,117,82,78,107,0,0.51,0.4,0,1,0
692,296,427,79,19,0.06,0.91,133,59,202,32,69,12,0.36,0.9,0,0,1
595,102,239,61,31,0.73,0.97,840,585,134,67,107,21,0.64,1.0,2,1,0
430,332,183,69,73,0.19,0.53,438,257,32,51,86,4,0.91,0.8,10,0,0
622,255,259,44,4,0.8,0.4,642,95,246,53,36,14,0.76,1.0,0,1,1
332,387,121,44,61,0.72,0.68,216,128,210,58,42,13,0.67,0.6,0,0,1
631,205,444,50,34,0.7,0.61,983,161,252,77,35,0,0.81,1.0,0,0,1
494,379,52,65,5,0.12,0.89,926,570,273,34,23,16,0.83,0.9,3,1,0
257,84,354,70,66,0.13,0.74,468,514,97,62,99,0,0.53,1.0,0,0,1
245,44,427,47,19,0.81,0.89,690,599,178,60,32,14,0.71,0.4,0,0,0
760,137,243,43,0,0.96,0.85,418,200,128,36,9,22,0.4,0.6,5,0,1
434,233,35,31,115,0.68,0.53,401,289,64,77,58,13,0.54,0.8,3,1,0
621,250,415,72,69,0.61,0.86,309,289,272,47,71,2,0.4,0.9,2,0,1
689,297,119,31,86,0.27,0.34,480,396,35,34,22,11,0.56,0.9,1,0,0
220,53,40,77,96,0.69,0.38,701,264,54,48,20,0,0.52,0.6,3,0,0
613,285,79,70,120,0.33,0.73,730,559,271,34,71,16,0.32,1.0,0,1,1
419,240,216,45,76,0.53,0.97,822,353,258,71,75,4,0.3,0.4,0,1,1
788,175,341,62,86,0.32,0.94,507,301,35,71,59,2,0.7,0.6,1,0,1
798,53,125,80,45,0.55,0.52,672,225,126,30,11,4,0.48,1.0,0,0,1
463,123,477,80,88,0.35,0.79,322,574,169,40,117,7,0.76,0.8,3,0,1
451,32,293,41,41,0.59,0.62,408,401,42,39,22,11,0.57,0.6,1,0,1
789,241,374,77,17,0.32,0.87,393,95,217,49,97,13,0.4,0.4,2,0,1
772,159,138,39,6,0.51,0.77,410,95,176,47,9,7,0.52,0.4,10,1,0
438,277,470,61,25,0.34,0.7,523,407,243,45,35,8,0.99,0.9,3,0,1
514,82,130,80,104,0.37,0.46,495,206,163,80,114,1,0.86,0.9,0,1,1
648,90,82,35,62,0.5,0.94,801,549,203,49,18,18,0.49,1.0,1,1,0
481,66,50,71,42,0.3,0.97,353,559,272,54,12,3,0.85,0.6,5,0,0
304,30,38,36,100,0.57,0.8,216,553,24,41,23,19,0.58,1.0,0,1,1
90,66,298,53,68,0.78,0.98,325,558,297,30,50,14,0.6,0.9,10,0,0
338,357,487,41,65,0.79,0.95,555,129,264,55,57,25,0.58,1.0,10,0,0
800,71,251,48,22,0.42,0.31,901,194,225,50,43,14,0.87,0.6,3,1,0
750,96,422,50,50,0.42,0.76,769,400,235,59,13,6,0.33,0.8,0,0,1
338,117,390,77,15,0.63,0.63,361,125,186,73,105,14,0.5,0.6,1,0,1
95,82,140,72,101,0.31,0.87,930,84,46,51,87,7,0.45,1.0,3,1,1
406,387,372,48,7,0.35,0.63,855,158,259,77,46,1,0.33,1.0,5,0,0
301,105,419,54,91,0.43,0.32,587,148,260,74,18,19,0.58,0.9,5,1,0
211,306,92,44,97,0.59,0.61,630,199,103,68,94,1,1.0,1.0,0,0,0
579,182,170,80,99,0.02,0.95,348,304,19,39,8,11,0.75,0.8,2,0,1
668,250,68,69,94,0.91,0.82,269,419,65,78,48,5,0.39,0.8,0,0,1
195,307,133,35,76,0.1,0.77,568,482,228,34,13,6,0.97,0.8,1,1,0
282,247,412,61,57,0.64,0.35,372,550,26,78,85,10,0.8,0.9,2,0,0
680,344,220,60,53,0.93,0.34,103,435,297,41,20,16,0.74,1.0,0,1,1
600,57,461,49,94,0.82,0.46,228,438,208,80,77,8,0.86,0.6,3,0,1
793,360,234,50,89,0.34,0.43,620,196,234,52,20,24,0.32,0.8,3,0,1
468,225,79,36,36,0.17,0.83,957,427,83,70,63,4,0.56,0.6,5,0,0
779,112,339,57,12,0.95,0.46,928,44,189,34,75,6,0.98,0.8,5,0,1
799,257,34,54,119,0.26,0.6,453,328,155,44,48,1,0.41,0.6,5,0,0
575,167,249,31,17,0.32,0.95,191,274,73,56,95,0,0.74,0.4,3,0,0
602,356,407,45,2,0.59,0.93,757,237,238,58,90,1,0.91,0.6,1,0,1
612,255,405,32,111,0.53,0.92,193,244,71,38,102,14,0.9,0.4,1,0,1
640,42,166,75,40,0.04,0.72,483,295,274,43,69,14,0.77,0.6,0,0,1
114,127,467,59,9,0.62,0.69,875,275,45,77,86,5,0.46,0.4,0,0,0
713,38,333,42,53,0.59,0.9,251,363,191,47,13,23,0.8,1.0,0,0,1
510,117,114,52,19,0.95,1.0,678,497,266,38,116,13,0.68,0.8,10,0,0
331,91,434,34,44,0.98,0.6,630,223,233,37,116,24,0.47,0.9,3,0,1
596,192,151,46,75,0.91,0.34,152,221,262,46,73,6,0.86,0.4,0,1,1
655,206,406,32,33,0.04,0.41,639,445,111,63,104,5,0.98,0.8,3,1,0
321,144,258,68,54,1.0,0.48,316,151,13,65,99,17,0.31,0.9,0,1,1
409,61,411,70,39,0.17,0.88,174,556,248,69,12,14,0.4,0.6,0,0,1
53,17,185,77,46,0.1,0.33,507,137,43,57,2,19,0.33,1.0,1,0,0
575,57,100,71,62,0.89,0.82,117,288,210,47,24,25,0.78,0.8,0,0,1
89,130,393,42,26,0.83,0.62,803,81,131,40,110,11,0.38,0.8,0,0,1
690,125,388,60,85,0.28,0.57,626,519,36,31,93,18,0.89,0.4,2,0,1
448,376,96,63,47,0.52,0.94,510,304,194,48,118,4,0.99,0.4,0,0,0
440,43,490,49,100,0.42,0.93,307,397,106,74,116,22,0.57,0.8,5,1,0
538,127,52,52,33,0.89,0.99,568,193,64,50,21,3,0.64,0.8,10,0,0
67,368,133,64,73,0.37,0.77,925,535,92,55,83,5,0.73,0.9,1,1,0
523,235,409,43,8,0.17,0.56,824,270,163,55,64,7,0.71,0.9,0,1,1
720,266,284,33,65,0.93,0.62,490,500,238,34,22,2,0.82,0.4,0,1,1
633,206,80,32,38,0.7,0.91,105,526,150,76,17,5,0.45,0.6,5,1,0
475,273,349,47,115,0.63,0.33,845,214,163,35,0,3,0.97,0.4,5,1,0
735,238,429,35,33,0.51,0.87,312,577,75,43,73,0,0.44,0.8,3,1,1
282,344,337,54,78,0.89,0.72,892,559,55,74,48,14,0.78,0.4,0,1,0
739,384,466,37,78,0.79,0.35,283,209,185,36,4,13,0.94,0.4,10,0,0
429,373,146,61,14,0.46,0.78,208,211,160,61,45,9,0.38,0.8,5,0,1
403,62,179,73,26,0.67,0.43,261,377,171,45,22,20,0.84,1.0,1,0,1
297,266,35,49,118,0.49,0.32,492,580,290,77,41,1,0.86,0.9,3,0,0
250,39,210,70,26,0.82,0.59,681,68,273,74,103,5,0.88,0.9,2,0,0
559,247,426,72,101,0.41,0.57,171,177,27,47,65,13,0.55,0.4,3,0,1
548,37,45,70,27,0.4,0.75,462,72,211,49,72,13,0.96,0.6,5,0,0
357,371,40,76,120,0.82,0.68,945,315,282,34,26,19,0.4,1.0,1,0,1
551,109,347,36,83,0.3,0.79,994,417,70,44,105,2,0.44,0.4,1,0,0
787,174,127,42,64,0.27,0.31,156,68,258,56,45,9,0.76,0.6,10,0,0
484,80,127,32,50,0.68,0.44,906,438,89,60,62,20,0.61,0.9,10,1,0
530,381,336,58,81,0.6,0.76,843,500,103,49,0,13,0.74,1.0,2,1,1
143,209,88,47,43,0.97,0.3,710,85,43,80,6,16,0.42,0.8,3,0,0
683,51,411,30,98,0.25,0.87,225,62,210,30,13,16,0.55,0.8,0,1,1
648,218,396,59,108,0.47,0.74,374,140,138,40,91,1,0.87,0.4,10,0,1
54,199,115,46,87,0.55,0.36,307,441,131,71,76,15,0.58,0.6,3,0,0
411,75,377,54,22,0.06,1.0,259,401,29,74,116,4,0.69,1.0,10,1,0
508,214,63,66,105,0.12,0.61,499,231,271,73,58,16,0.57,0.6,0,0,0
59,85,79,75,42,0.88,0.47,448,334,150,44,24,2,0.46,0.8,5,0,0
308,382,245,61,85,0.84,0.61,786,426,193,79,92,0,0.98,0.6,0,0,0
615,344,172,69,108,0.84,0.9,610,480,93,73,107,14,0.44,0.8,0,0,1
165,204,421,71,4,0.86,0.88,631,491,90,59,18,14,0.51,0.4,0,1,1
87,11,267,38,14,0.94,0.92,690,167,55,58,10,13,0.38,1.0,10,1,0
82,221,406,58,17,0.81,0.52,384,307,238,30,17,4,0.56,0.6,5,0,0
465,331,159,30,78,0.69,0.86,909,380,136,50,43,18,0.85,0.8,5,0,0
579,23,294,72,26,0.86,0.71,542,183,293,62,68,14,0.32,0.6,10,1,0
576,238,42,69,40,0.76,0.6,742,77,169,76,71,12,0.7,0.9,0,0,0
714,390,420,37,39,0.01,0.76,225,252,70,41,105,9,0.38,0.4,2,0,1
594,155,80,66,86,0.75,0.58,617,128,234,32,18,23,0.46,0.4,0,1,1
248,181,410,36,96,0.52,0.61,351,118,53,39,66,24,0.72,0.6,0,1,1
486,197,298,65,110,0.85,0.73,927,531,72,48,111,20,0.37,0.9,2,1,1
257,398,367,62,90,0.1,0.88,490,185,243,57,86,1,0.69,1.0,10,0,0
651,116,270,55,93,0.46,0.4,861,47,254,42,85,7,0.75,0.9,0,1,1
609,280,320,49,74,0.16,0.58,800,300,155,39,25,7,0.72,0.6,5,0,0
448,256,190,38,45,0.75,0.79,327,521,154,80,65,22,0.79,0.4,3,0,0
701,107,284,40,6,0.71,0.97,933,473,176,43,73,4,0.8,0.6,10,1,0
711,222,56,73,66,0.62,0.7,160,421,198,76,45,2,0.92,0.6,10,0,0
565,113,399,44,81,0.11,0.66,177,114,154,78,53,21,0.47,0.8,3,1,1
101,162,154,70,32,0.83,0.31,992,341,166,58,91,15,0.32,0.6,1,1,0
89,252,253,54,86,0.47,0.61,482,168,165,40,82,17,0.99,0.8,10,0,0
135,308,222,60,92,0.04,0.85,492,230,194,42,81,22,0.67,0.6,0,1,1
620,343,274,63,77,0.37,0.47,466,171,148,43,14,17,0.83,0.8,0,0,1
237,365,144,79,94,0.19,0.8,315,552,235,38,10,11,0.85,0.8,2,1,1
659,315,460,60,49,0.76,0.87,409,458,244,49,15,24,0.98,1.0,0,0,1
679,194,356,46,91,0.21,0.48,948,415,215,59,69,21,0.52,0.9,0,0,0
140,45,458,60,64,0.37,0.71,787,211,46,73,102,22,0.41,1.0,2,0,0
217,131,35,58,108,0.51,0.36,953,448,144,68,91,6,0.71,0.8,0,1,0
465,374,294,37,112,0.12,0.32,941,206,62,76,34,5,0.63,0.9,2,1,0
293,344,237,69,0,0.68,0.33,122,295,192,57,73,6,0.92,0.6,3,0,1
197,122,455,35,97,0.11,0.49,262,414,148,43,63,25,0.3,0.8,5,1,0
340,282,86,75,118,0.15,0.76,897,333,232,32,88,22,0.81,0.4,0,0,0
478,259,438,63,72,0.27,0.56,925,140,234,77,27,24,0.36,0.8,1,0,1
395,385,156,68,24,0.38,0.36,701,157,179,48,2,21,0.68,0.6,1,0,1
408,41,278,75,118,0.8,0.34,865,250,114,75,102,7,0.91,0.9,2,0,0
590,364,41,63,45,0.54,0.61,716,264,61,66,7,18,0.85,0.6,0,0,0
589,393,484,41,114,0.0,0.36,467,554,36,51,60,12,0.47,0.4,5,1,0
74,390,456,66,71,0.98,0.55,344,354,82,67,20,3,0.42,0.8,0,1,1
501,51,119,35,105,0.58,0.73,895,317,127,79,9,4,0.4,1.0,10,0,0
599,23,229,79,58,0.91,0.5,131,469,41,62,22,20,0.95,0.8,1,0,1
648,399,445,68,106,0.33,0.65,683,350,73,80,105,10,0.49,0.9,0,0,1
550,77,95,42,8,0.17,0.8,239,117,277,72,85,25,0.49,0.9,3,1,0
400,384,221,34,107,0.16,0.96,716,372,179,32,5,13,0.34,0.4,10,1,0
750,286,432,31,101,0.1,0.95,509,121,27,34,115,23,0.85,1.0,5,0,1
747,223,87,35,33,0.25,0.48,955,578,213,37,36,20,0.61,0.8,1,0,0
568,139,473,36,53,0.74,0.44,697,289,124,48,34,3,0.72,0.6,0,1,1
703,98,376,52,13,0.84,0.64,338,498,169,45,115,2,0.99,1.0,2,0,1
798,74,137,30,90,0.89,0.64,594,177,111,51,72,13,0.43,0.4,0,0,1
650,232,427,60,23,0.86,0.66,826,252,165,59,8,9,0.92,0.4,3,0,1
681,328,101,40,91,0.83,0.96,652,176,268,68,45,21,0.64,0.6,0,0,0
664,106,307,45,5,0.84,0.69,819,322,78,50,61,12,0.99,1.0,0,0,1
429,203,481,47,67,0.19,0.84,941,499,13,44,26,8,0.44,0.6,1,1,1
700,148,499,34,40,0.66,0.5,135,542,278,79,63,1,0.86,0.8,0,0,0
546,88,223,70,52,0.13,0.52,786,69,113,41,110,17,0.44,0.9,5,1,1
736,205,408,60,57,0.25,0.76,224,572,208,64,10,25,0.34,0.6,0,1,1
442,235,103,77,69,0.78,0.93,487,110,12,35,38,22,0.92,0.8,5,0,1
634,223,208,50,13,0.61,0.5,457,271,16,65,92,2,0.36,0.8,2,1,1
238,34,426,61,30,0.28,0.55,536,185,135,55,63,16,0.36,0.6,1,0,1
553,136,241,42,103,0.57,0.85,950,384,89,47,14,13,0.59,1.0,5,1,0
709,398,321,55,76,0.54,0.69,423,261,130,44,94,10,0.58,0.6,1,1,1
201,62,496,73,94,0.27,0.97,364,78,67,74,113,7,0.86,0.8,10,1,1
90,255,364,48,86,0.38,0.9,175,533,30,61,107,5,0.71,0.4,1,1,0
526,332,309,52,43,0.02,0.47,849,256,92,37,59,12,0.75,0.8,10,0,0
257,283,96,79,97,0.94,0.48,520,529,30,53,88,25,0.33,0.4,0,0,0
521,214,262,54,85,0.67,0.91,845,373,25,65,36,22,0.87,0.8,2,1,1
698,58,95,51,102,0.44,0.35,507,454,282,46,117,12,0.36,0.4,0,0,0
234,202,68,47,113,0.45,0.58,196,271,70,35,106,13,0.56,0.4,0,1,1
251,204,167,37,20,0.68,0.32,787,211,89,64,52,19,0.65,0.6,5,0,0
242,307,80,31,98,0.86,0.86,105,296,171,51,19,19,0.96,0.8,5,0,0
306,134,121,38,99,0.25,0.76,234,437,140,79,86,9,0.45,0.8,2,1,0
798,336,221,51,57,0.09,0.67,118,501,12,38,7,7,0.63,0.9,0,0,1
645,282,287,47,9,0.19,0.45,760,296,278,78,7,5,0.63,0.8,0,1,0
624,282,143,48,90,0.07,0.53,841,103,14,32,88,14,0.77,0.9,0,0,1
454,219,134,33,31,0.5,0.7,538,515,132,52,78,7,0.51,0.8,10,1,0
509,116,407,33,48,0.19,0.56,191,349,142,69,53,22,0.61,0.4,0,1,0
485,35,58,75,107,0.35,0.38,955,579,156,65,52,1,0.94,0.4,0,0,0
189,288,421,77,22,0.41,0.77,766,133,196,39,82,22,0.62,0.4,5,0,0
693,137,233,67,37,0.42,0.74,299,385,247,62,43,8,0.47,1.0,3,0,1
69,33,477,73,44,0.98,0.49,197,552,73,34,119,6,0.64,0.9,2,1,1
768,320,304,52,94,0.79,0.53,855,188,116,75,39,23,0.8,0.4,1,0,0
263,296,240,35,115,0.46,0.71,682,396,291,77,67,2,0.83,1.0,0,1,0
401,22,166,48,3,0.13,0.83,177,355,165,48,4,6,0.49,0.9,3,0,1
774,370,381,43,4,0.91,0.97,557,342,272,30,116,19,0.39,0.8,5,1,1
430,247,283,71,90,0.14,0.63,125,475,103,80,55,5,0.77,0.9,5,1,1
394,206,173,43,8,0.69,0.76,171,441,283,53,67,18,0.74,0.9,10,0,0
106,215,437,40,70,0.93,0.97,855,126,127,74,5,16,0.49,1.0,1,1,1
265,119,138,60,84,0.23,0.33,640,88,134,34,57,12,0.55,0.4,1,0,0
301,334,296,71,5,0.62,0.57,316,564,216,59,54,6,0.52,0.6,2,0,1
575,131,149,58,44,0.22,0.43,667,55,106,54,11,18,0.42,0.8,1,1,1
616,270,30,53,37,0.43,0.98,411,534,280,64,62,14,0.57,0.9,0,1,0
322,215,56,39,24,0.75,0.38,571,144,176,58,60,25,0.94,0.4,0,0,0
143,136,374,38,120,0.12,0.61,422,378,123,80,13,12,0.42,0.6,0,0,0
678,195,67,33,17,0.16,0.63,615,70,290,39,21,9,0.33,0.9,0,0,1
226,346,70,80,89,0.72,0.89,360,69,198,58,61,8,0.33,0.4,1,0,1
598,181,341,67,69,0.06,0.55,348,531,67,63,95,12,0.81,0.4,10,0,0
783,68,226,71,33,0.38,0.73,533,145,35,30,107,20,0.32,1.0,1,0,1
499,152,227,39,41,0.22,0.87,760,142,155,76,103,3,0.6,0.4,0,0,0
462,319,492,62,2,0.17,0.51,509,353,271,75,20,9,0.3,0.8,0,0,1
198,350,489,61,6,0.92,0.4,137,218,37,55,12,20,0.37,0.9,5,1,1
317,350,42,33,60,0.41,0.33,701,529,244,48,16,8,0.92,0.8,3,1,0
183,76,348,32,54,0.89,0.62,827,568,152,80,38,11,0.41,0.4,3,0,0
747,147,46,42,97,0.17,0.52,789,150,221,77,110,19,0.82,1.0,0,1,0
548,285,97,72,119,0.64,0.73,402,169,285,47,12,8,0.4,0.4,0,0,1
361,116,434,56,23,0.68,0.32,995,408,208,58,67,6,0.32,0.8,0,0,1
604,185,201,67,110,0.53,0.66,269,319,186,30,78,9,0.65,0.6,0,0,1
353,265,319,38,97,0.17,0.64,564,237,213,47,49,25,0.61,0.9,0,0,1
547,73,258,44,76,0.96,0.86,986,91,154,32,100,8,0.65,0.8,0,0,1
666,205,311,63,76,0.53,0.92,242,306,57,78,75,17,0.87,0.6,5,0,1
386,398,372,32,87,0.38,0.99,327,475,215,65,54,2,0.34,0.6,2,0,1
673,15,165,61,94,0.55,0.38,145,484,29,54,14,6,0.84,0.6,2,1,1
754,186,468,79,31,0.42,0.94,808,127,99,59,11,1,0.77,0.4,2,1,1
792,363,58,41,30,0.46,0.87,817,300,276,73,67,23,0.39,1.0,2,1,0
512,356,240,67,79,0.79,0.91,969,135,128,70,48,4,0.53,0.8,0,0,1
240,378,231,41,6,0.05,0.41,694,45,84,43,77,17,0.33,0.8,0,1,1
349,238,341,79,8,0.49,0.8,992,129,135,69,80,13,0.88,0.8,0,1,1
121,118,452,37,92,0.44,0.85,491,579,172,42,31,8,0.82,0.8,10,1,0
609,34,112,50,89,0.45,0.34,792,134,268,64,43,11,0.8,1.0,0,0,0
652,90,120,62,75,0.82,0.38,357,382,209,34,60,11,0.34,0.4,3,0,1
426,96,319,59,54,0.3,0.54,116,255,296,39,98,15,0.64,0.8,0,0,1
335,400,115,53,72,0.24,0.4,834,243,124,40,78,19,0.84,0.9,0,0,0
683,312,341,48,40,0.39,0.41,488,251,21,35,57,18,0.49,0.8,10,0,0
274,79,312,53,93,0.69,0.45,692,333,261,42,80,16,0.42,0.8,0,0,1
115,281,355,75,78,0.02,0.31,418,377,167,66,5,18,0.7,0.8,5,0,0
792,59,68,70,36,0.83,0.38,484,261,152,56,35,18,0.91,0.8,2,0,1
774,178,482,75,99,0.08,0.41,626,250,10,60,81,7,0.63,1.0,0,0,1
53,248,426,35,89,0.18,0.38,836,67,146,51,7,0,0.63,1.0,1,0,0
757,352,471,43,102,0.05,0.98,105,458,217,73,106,20,0.56,0.9,10,1,1
232,298,158,50,39,0.9,0.49,698,211,224,60,27,13,0.92,0.9,2,1,0
436,259,342,80,83,0.42,0.85,581,534,34,71,82,21,0.83,0.6,1,1,1
172,369,259,53,1,0.26,0.7,744,336,210,37,94,19,0.32,0.6,0,0,1
328,36,256,79,97,0.2,0.67,877,317,66,70,4,21,0.73,0.9,10,0,0
766,207,69,74,18,0.33,0.96,955,422,248,64,29,9,0.87,0.8,3,0,0
771,197,143,43,51,0.7,0.79,416,466,192,68,10,7,0.46,0.6,3,0,0
572,327,274,71,19,0.69,0.31,565,488,145,36,31,1,0.32,0.6,10,0,0
157,327,377,47,92,0.79,0.57,690,441,11,36,110,15,0.97,0.9,1,0,0
571,210,155,62,87,0.95,0.98,618,243,69,56,1,17,0.4,0.8,3,0,1
196,275,308,56,61,0.82,0.51,471,333,94,74,44,4,0.5,0.4,0,0,0
599,136,450,63,94,0.58,0.54,659,534,89,60,33,6,0.64,0.8,2,0,1
158,25,52,55,85,0.26,0.99,932,203,254,57,14,5,0.4,0.9,5,0,0
339,23,142,60,61,0.36,0.68,847,167,109,52,68,23,0.36,0.9,1,0,1
261,99,87,50,60,0.48,0.69,705,92,102,72,0,2,0.31,0.8,5,0,0
381,145,469,61,41,0.7,0.57,238,206,104,47,65,15,0.87,1.0,10,0,0
502,321,336,46,69,0.12,0.99,891,545,62,38,119,21,0.69,0.9,0,0,1
703,232,246,38,87,0.54,0.68,979,90,90,59,18,2,0.69,0.9,1,0,1
600,200,351,41,63,0.26,0.89,229,339,211,58,37,8,0.72,0.6,0,0,1
397,242,405,32,120,0.56,0.79,570,423,284,80,12,8,0.77,0.6,5,0,0
486,52,282,31,82,0.66,0.91,689,92,139,43,53,18,0.78,0.9,2,0,1
89,334,244,40,43,0.11,0.51,372,184,25,72,36,6,0.95,0.4,1,0,0
167,210,82,47,96,0.39,0.85,238,585,88,67,63,9,0.58,0.9,0,0,0
605,100,136,46,119,0.62,0.85,273,344,268,31,36,7,0.59,0.9,5,0,1
490,348,236,45,26,0.16,0.51,658,86,245,31,95,5,0.67,0.4,5,1,0
536,57,85,36,32,0.58,0.6,365,583,205,48,36,11,0.37,0.8,1,0,0
226,295,223,36,60,0.29,0.41,798,207,295,58,82,22,0.41,0.6,0,0,0
368,353,397,73,55,0.3,0.55,129,403,53,42,93,17,0.85,0.6,3,1,1
584,108,296,36,44,0.44,0.63,366,382,237,77,22,15,0.67,0.4,0,0,0
610,238,483,43,116,0.06,0.68,818,80,202,72,70,0,0.76,0.9,1,0,1
669,294,79,61,79,0.28,0.67,766,264,107,48,23,5,0.99,0.9,3,1,0
612,90,423,75,26,0.12,0.4,927,373,149,43,80,15,0.79,1.0,2,0,1
57,345,137,56,37,0.09,0.53,261,274,73,54,49,1,0.34,1.0,0,0,1
760,367,247,49,80,0.49,0.66,308,484,128,59,22,10,0.61,1.0,10,0,0
415,295,471,38,64,0.09,0.41,991,244,282,64,102,24,0.85,0.6,2,0,0
63,352,147,40,78,0.85,0.69,288,339,160,58,17,3,0.31,0.4,5,0,0
610,387,166,52,23,0.34,0.68,292,189,116,51,111,8,0.48,0.9,0,1,1
506,83,188,42,7,0.44,0.97,764,589,13,77,36,18,0.92,0.9,3,0,0
155,351,153,71,89,0.11,0.63,818,194,110,43,22,15,0.84,0.6,0,0,0
114,112,330,59,65,1.0,0.38,516,134,137,75,18,6,0.58,0.8,10,0,0
315,222,48,60,116,0.59,0.76,490,69,136,59,62,2,0.6,0.9,0,0,1
198,131,421,58,41,0.06,0.57,218,109,104,66,41,21,0.62,0.9,0,0,1
108,174,168,56,39,0.76,0.77,945,534,171,37,82,25,0.37,1.0,5,1,0
638,318,488,80,16,0.96,0.38,658,411,183,52,61,9,0.85,1.0,1,1,1
386,91,460,72,41,0.81,0.36,618,538,153,68,54,14,0.45,0.4,0,1,0
251,337,498,78,35,0.02,0.33,313,227,229,34,116,8,0.8,1.0,0,1,1
397,19,213,59,14,1.0,0.36,904,430,221,31,78,14,0.76,0.4,5,1,0
744,309,53,75,111,0.83,0.34,308,595,223,78,33,3,0.51,0.8,3,1,1
236,262,354,57,1,0.81,0.85,734,361,130,80,48,18,0.79,0.9,0,0,0
453,191,110,31,101,0.01,0.57,382,379,148,61,74,4,0.48,0.8,0,1,0
429,299,162,58,91,0.44,0.62,817,420,128,55,107,14,0.81,1.0,0,0,0
562,331,443,79,97,0.66,0.54,679,56,203,42,25,16,0.79,0.4,1,1,1
92,320,405,30,33,0.94,0.56,113,110,271,76,74,24,0.99,0.9,0,0,1
228,259,212,75,38,0.02,0.93,624,83,297,79,72,11,0.51,0.4,0,0,1
744,384,157,73,110,0.65,0.89,584,91,116,73,79,9,0.43,0.8,5,1,1
91,13,358,73,96,0.58,0.86,819,491,151,38,56,2,0.54,0.8,2,1,1
269,51,295,32,81,0.27,0.67,229,95,28,59,113,5,0.4,0.8,5,0,1
575,125,488,53,39,0.47,0.62,943,204,181,73,53,18,0.33,1.0,5,0,1
261,89,250,52,21,0.3,0.84,710,176,195,63,16,12,0.79,0.8,5,0,0
422,370,60,33,38,0.21,0.86,141,455,194,72,48,21,0.34,0.4,3,1,0
484,76,430,66,75,0.75,0.58,967,217,259,39,81,5,0.91,0.6,2,1,1
767,302,294,79,27,0.53,0.32,954,106,61,60,88,15,0.96,0.9,0,0,1
236,217,466,35,107,0.72,0.91,275,557,134,30,98,23,0.56,0.6,3,0,1
376,269,204,50,23,0.72,0.76,781,464,123,72,74,22,0.62,0.8,0,0,0
128,274,485,54,36,0.05,0.38,131,247,233,43,62,6,0.54,0.4,0,0,1
640,79,168,78,38,0.31,0.96,347,119,49,39,51,17,0.71,0.6,1,0,1
641,271,87,48,73,0.55,0.6,600,243,159,41,51,5,0.73,1.0,0,0,1
109,147,409,61,13,0.78,0.61,838,345,292,70,110,1,0.64,0.8,3,0,0
327,34,408,34,38,0.08,0.82,291,515,190,42,11,15,0.84,1.0,1,1,1
154,243,43,68,98,0.29,0.3,320,62,281,79,64,16,0.69,0.9,0,1,0
746,269,468,59,60,0.04,0.33,568,88,281,60,50,12,0.98,1.0,1,0,1
538,320,464,39,89,0.59,0.96,151,217,162,32,57,7,0.65,0.8,10,0,1
591,17,262,65,12,0.46,0.97,385,230,33,38,114,16,0.94,0.6,3,0,1
191,12,436,78,84,0.71,0.76,770,94,189,49,101,19,0.98,0.8,0,1,1
608,34,175,72,26,0.24,0.79,639,119,15,70,51,25,0.69,0.4,0,0,1
182,157,149,41,4,0.48,0.79,569,257,143,61,112,23,0.71,0.4,0,0,0
537,114,70,44,119,0.92,0.86,614,162,43,37,105,21,0.59,0.4,2,1,1
145,204,206,49,36,0.32,0.78,829,350,248,53,10,9,0.89,1.0,5,1,0
242,183,219,32,117,0.01,0.77,415,382,106,49,102,8,0.75,0.8,5,1,0
593,14,264,74,86,0.1,0.89,150,103,259,49,114,8,0.45,0.9,3,1,1
499,92,448,49,6,0.18,0.36,481,404,49,62,113,9,0.74,0.8,1,1,0
188,95,401,39,10,0.51,0.45,889,396,95,70,82,13,0.83,0.4,2,1,0
328,248,362,66,101,0.52,0.57,510,109,212,37,3,2,0.69,0.9,2,0,1
628,132,470,31,25,0.77,0.5,494,296,111,77,32,13,0.59,0.4,0,0,0
628,102,317,56,4,0.22,0.98,186,130,202,54,48,24,0.56,1.0,1,0,1
106,258,374,73,6,0.74,0.68,924,420,60,70,75,25,0.79,0.4,0,0,0
473,50,415,56,62,0.77,0.44,860,557,70,64,119,18,0.63,1.0,0,0,0
254,30,415,43,74,0.74,0.85,325,347,91,62,116,17,0.4,0.4,10,0,0
452,114,344,53,43,0.32,0.97,517,478,162,73,59,10,0.53,0.9,1,0,1
357,72,435,43,114,0.29,0.5,398,166,141,77,72,10,0.81,1.0,5,0,0
568,316,283,49,18,0.37,0.64,446,334,45,70,10,25,0.58,0.8,5,0,0
107,223,481,34,35,0.7,0.97,895,375,102,61,33,4,0.78,0.9,0,1,0
649,136,230,80,73,0.64,0.39,544,439,22,68,110,17,0.86,0.9,2,1,0
206,399,162,52,12,0.67,0.36,621,140,145,51,114,25,0.95,1.0,0,0,0
169,237,359,75,19,0.25,0.68,516,284,105,69,78,0,0.56,0.9,3,0,1
477,221,279,32,67,0.2,0.69,861,74,243,35,10,8,0.73,0.8,0,0,1
623,373,63,42,8,0.9,0.65,188,275,35,66,8,21,0.97,0.9,1,0,0
133,342,334,42,74,0.56,0.34,425,318,234,79,116,10,0.76,0.4,0,0,0
214,228,495,48,100,0.76,0.75,657,41,127,68,95,4,0.92,0.6,0,0,1
699,143,483,54,19,0.81,0.96,769,421,254,72,107,6,0.59,0.4,3,0,0
273,175,335,49,116,0.02,0.68,793,240,82,55,4,0,0.53,0.8,1,1,1
357,291,345,74,4,0.29,0.81,259,336,112,40,104,13,0.49,0.4,10,0,0
272,329,142,74,102,0.36,0.91,736,164,147,46,81,20,0.53,0.9,0,0,1
538,22,415,58,11,0.64,0.92,141,590,195,48,73,24,0.95,0.6,5,0,1
333,112,410,59,91,0.9,0.46,459,567,73,78,109,24,0.36,0.8,0,0,1
697,10,474,67,56,0.03,0.55,242,250,248,49,104,15,0.52,1.0,2,0,1
525,162,91,62,110,0.7,0.79,800,468,102,68,10,24,0.82,0.8,2,0,0
528,224,235,63,13,0.29,0.48,427,281,156,66,116,2,0.39,0.9,0,1,1
352,329,203,70,12,0.95,0.49,675,90,59,33,111,2,0.92,1.0,0,0,1
411,285,323,52,66,0.66,0.69,452,533,289,58,12,9,0.95,1.0,0,0,1
396,226,399,64,21,0.38,0.55,951,400,221,57,18,25,0.84,0.8,2,1,1
719,137,91,51,61,0.98,0.59,515,456,79,51,2,17,0.33,0.6,0,1,1
510,145,180,52,92,0.43,0.4,107,66,200,69,114,17,0.48,0.9,0,1,1
190,189,441,38,20,0.88,0.6,244,309,72,76,103,21,0.57,1.0,5,0,0
92,160,326,60,83,0.48,0.95,452,82,228,64,34,9,0.96,0.8,3,0,1
350,58,154,34,52,0.36,0.61,962,514,298,68,87,15,0.47,0.9,0,0,0
477,53,432,61,18,0.96,0.69,239,489,193,48,78,24,0.46,0.4,0,1,1
565,316,349,32,96,0.33,0.95,224,515,52,77,64,10,0.38,0.9,0,0,1
625,109,500,48,24,0.0,0.75,976,575,246,64,47,19,0.92,0.9,0,0,0
414,258,492,77,81,0.76,0.5,156,587,198,79,76,17,0.3,1.0,0,0,1
185,324,160,34,112,0.79,0.62,362,594,115,72,48,11,0.38,0.6,1,1,0
137,392,40,65,45,0.5,0.77,705,116,136,69,85,10,0.67,0.4,2,1,0
647,256,232,43,5,0.33,0.84,516,45,74,58,27,24,0.45,0.6,0,0,1
103,189,251,45,84,0.36,0.53,936,356,264,76,79,0,0.32,0.6,1,1,0
698,105,500,46,20,0.57,0.77,976,151,282,64,86,11,0.38,0.9,3,1,1
158,71,125,76,10,0.43,0.95,857,168,95,68,118,14,0.43,0.9,1,0,0
311,163,47,60,69,0.7,0.34,132,191,85,50,75,4,0.87,0.8,10,1,0
779,30,40,30,70,0.46,0.57,193,195,182,51,81,3,0.97,0.6,2,0,0
442,212,62,72,86,0.46,0.7,981,473,15,74,89,12,0.62,0.6,0,0,0
798,133,292,63,5,0.91,0.56,611,166,234,64,22,21,0.85,1.0,10,0,0
258,78,486,56,28,0.03,0.31,411,127,65,66,10,23,0.84,0.8,0,0,1
131,166,70,53,28,0.09,0.98,597,49,62,62,69,14,0.98,0.4,0,0,0
715,227,400,40,82,0.11,0.38,952,521,300,61,107,13,0.37,0.6,0,1,0
190,196,313,57,16,0.57,0.95,721,355,298,77,114,11,0.81,0.4,2,1,0
562,336,353,77,104,0.93,0.87,943,454,127,72,62,12,0.42,0.9,1,1,1
465,132,141,52,52,0.0,0.68,285,490,249,53,68,0,0.75,0.9,0,0,1
707,229,485,70,115,0.58,0.44,408,282,96,62,53,24,0.96,0.4,0,1,1
716,269,86,44,60,0.3,0.38,703,427,60,74,11,18,0.79,0.6,3,1,0
677,68,206,56,24,0.01,0.84,655,398,135,31,0,2,0.68,0.6,10,0,0
303,83,106,36,28,0.49,0.6,581,407,42,78,118,5,0.68,1.0,10,1,0
111,385,125,75,66,0.28,0.68,679,438,126,61,67,11,0.51,0.9,10,1,0
109,100,252,78,19,0.98,0.68,265,236,245,80,77,2,0.56,0.6,5,1,0
142,354,49,38,102,0.33,0.73,624,430,12,45,5,15,0.43,0.9,2,0,0
251,14,389,77,80,0.65,0.62,237,342,245,43,37,17,0.54,0.6,0,1,1
438,118,39,31,86,0.7,0.61,760,446,33,57,86,2,0.49,0.6,0,0,0
306,24,248,46,77,0.09,0.74,631,151,99,73,115,4,0.85,1.0,0,1,1
711,237,431,43,98,0.39,0.36,840,90,66,43,17,0,0.49,0.4,10,1,0
507,344,453,45,18,0.19,0.53,739,551,34,56,29,1,0.45,0.9,5,1,0
646,247,295,35,40,0.72,0.47,567,246,114,35,109,12,0.5,0.9,3,1,1
441,254,359,62,80,0.51,0.89,292,302,297,76,54,12,0.41,0.9,3,0,1
72,271,374,30,3,0.6,0.59,877,290,59,69,111,0,0.59,0.9,1,1,0
740,236,405,65,76,0.28,0.73,334,82,166,58,58,17,0.81,0.6,1,1,1
114,340,303,45,71,0.87,0.69,755,143,220,34,21,3,0.73,0.9,0,1,1
330,383,144,62,79,0.49,0.85,172,553,135,74,107,11,0.86,0.8,1,1,0
377,307,491,37,33,0.36,0.69,206,53,210,66,33,11,0.94,0.4,2,1,1
321,29,469,54,60,0.41,0.41,883,59,256,52,45,24,0.55,1.0,0,0,1
432,192,452,77,43,0.98,0.58,740,152,228,60,31,18,0.72,1.0,5,0,1
230,88,188,43,10,0.55,0.58,694,478,260,58,113,9,0.99,0.4,0,0,0
538,85,194,79,69,0.35,0.86,566,287,31,48,15,17,0.4,0.6,0,1,1
279,339,411,32,19,0.79,0.54,408,564,221,45,108,11,0.84,0.6,3,0,0
227,379,392,59,44,0.88,0.84,625,89,130,77,57,18,0.73,0.8,3,0,1
752,111,196,77,54,0.33,0.62,875,539,69,60,3,19,0.74,1.0,0,1,1
338,388,352,70,87,0.03,0.91,500,550,66,77,39,4,0.58,0.8,3,0,0
414,265,252,42,94,0.81,0.71,373,322,99,32,59,22,0.32,1.0,10,0,1
646,103,344,55,19,0.69,0.38,300,107,176,51,99,21,0.45,1.0,3,0,1
136,284,128,52,34,0.43,0.63,817,181,84,38,39,22,0.82,0.9,0,0,0
310,37,110,51,109,0.26,0.48,801,176,205,73,40,9,0.82,0.4,0,0,0
132,121,90,55,7,0.97,0.64,373,385,39,62,49,9,0.71,0.4,2,0,0
300,82,391,52,75,0.52,0.75,217,120,48,67,13,6,0.74,0.8,5,0,1
776,107,263,35,94,0.62,0.83,679,201,29,46,64,18,0.41,0.8,3,0,1
674,289,44,46,64,0.38,0.57,209,71,69,77,8,14,0.43,0.4,5,0,0
124,333,273,68,1,0.62,0.95,889,452,154,74,9,2,0.88,0.9,0,1,0
434,331,345,71,47,0.12,0.73,381,276,283,48,1,3,0.38,0.4,2,1,1
641,315,263,37,98,0.64,0.74,858,146,211,73,55,8,0.36,0.4,10,0,0
700,104,129,53,45,0.37,0.62,741,559,60,63,20,1,0.76,0.4,0,0,0
737,296,232,59,81,0.56,0.96,258,113,251,67,75,17,0.98,0.4,2,1,1
188,30,492,55,118,0.53,0.34,567,166,243,67,93,19,0.65,0.9,0,0,1
680,165,420,57,107,0.18,0.67,687,42,13,46,53,17,0.63,0.8,0,0,1
131,254,276,64,7,0.53,0.48,277,535,246,32,50,3,0.95,0.9,0,0,1
664,383,325,39,103,0.33,0.93,230,215,68,40,4,15,0.74,0.9,3,0,1
727,241,72,35,88,0.28,0.44,378,560,210,39,111,15,0.33,0.8,0,0,0
375,113,348,71,57,0.26,0.33,218,273,278,69,67,0,0.3,0.9,0,0,1
196,237,393,71,6,0.78,0.55,122,174,30,62,92,20,0.81,0.4,0,0,1
378,65,491,75,85,0.37,0.81,318,161,73,58,115,4,0.9,0.9,0,0,1
461,293,63,69,59,0.04,0.32,378,173,182,66,37,8,0.44,0.6,3,0,0
745,103,374,45,16,0.04,0.79,252,563,162,56,96,24,1.0,1.0,0,0,1
342,27,406,54,116,0.38,0.85,861,398,201,30,115,11,0.83,0.8,0,0,1
434,387,216,40,104,0.9,0.38,473,333,52,34,70,17,0.93,1.0,3,1,1
442,273,368,51,0,0.66,0.36,784,487,239,45,44,16,0.75,0.8,5,0,0
78,27,344,68,24,0.29,0.42,879,573,161,73,35,17,0.72,0.9,1,0,0
615,87,180,47,29,0.53,0.66,766,58,83,63,32,12,0.94,0.9,10,0,0
304,399,192,35,6,0.86,0.79,300,592,70,46,119,16,0.5,0.9,1,0,0
571,126,269,77,112,0.21,0.97,730,124,11,74,56,15,0.33,0.6,10,1,1
608,35,128,51,115,0.1,0.46,379,47,119,34,33,10,0.58,0.4,5,1,1
728,242,90,58,109,0.76,0.53,673,101,113,60,28,21,0.39,0.9,5,0,1
587,225,117,30,42,0.83,0.45,804,111,96,42,16,16,0.74,0.4,0,0,0
445,357,313,41,120,0.58,0.81,419,425,112,62,44,25,0.51,1.0,0,0,1
310,25,176,76,68,0.45,0.4,722,112,278,63,100,5,0.99,0.4,0,0,0
344,345,134,46,60,0.94,0.76,252,494,169,52,78,25,0.8,0.6,2,0,0
769,339,435,30,48,0.93,0.69,443,468,226,71,62,21,0.45,0.8,10,1,0
253,335,338,35,38,0.62,0.92,233,555,256,56,55,0,0.57,1.0,2,0,1
98,339,78,58,83,0.83,0.82,109,513,18,62,71,20,0.58,0.4,1,0,0
544,134,473,72,58,0.81,0.91,999,432,162,48,15,3,0.86,0.4,0,1,1
783,32,471,57,26,0.12,0.63,180,183,154,37,19,0,0.47,0.9,2,0,1
526,305,352,32,56,0.49,0.75,604,154,159,54,103,21,0.84,0.6,1,0,1
701,115,239,50,42,0.69,0.78,501,529,281,67,0,23,0.38,0.4,5,1,0
787,360,246,69,24,0.93,0.92,421,486,208,49,102,25,0.62,0.8,10,0,0
172,339,380,53,75,0.96,0.96,614,525,273,47,88,6,0.69,1.0,5,1,0
82,358,494,41,100,0.9,0.74,572,184,149,54,49,16,0.4,0.4,0,1,1
388,365,55,60,39,0.57,0.82,728,574,272,56,80,16,0.59,0.6,3,1,0
343,247,137,52,43,0.31,0.52,829,587,182,53,68,22,0.92,0.4,1,1,0
481,246,68,56,119,0.02,0.92,805,487,222,33,89,13,0.42,1.0,0,1,1
554,91,83,36,100,0.47,0.81,764,264,67,54,3,19,0.85,0.9,1,0,0
422,201,321,78,27,0.92,0.98,797,171,105,80,14,2,0.38,0.8,5,0,1
314,195,480,52,64,0.97,0.51,605,115,236,40,119,11,0.54,0.9,0,0,1
538,138,246,58,54,0.91,0.79,862,555,298,68,24,13,0.63,0.6,1,0,0
455,324,399,31,30,0.58,0.96,656,253,175,65,68,13,0.72,0.8,0,1,1
652,298,231,54,3,0.04,0.8,395,396,185,80,9,11,0.54,0.6,0,0,0
197,133,345,39,112,0.63,0.94,373,303,246,31,71,17,0.69,0.4,2,1,1
389,175,255,63,39,0.1,0.79,781,49,174,40,23,19,0.56,0.6,0,1,1
476,173,310,71,118,0.71,0.57,401,40,250,60,100,23,0.84,0.8,0,0,1
277,210,164,67,105,0.67,0.58,709,441,28,55,79,5,0.83,0.9,0,1,1
425,194,279,49,100,0.27,0.86,393,487,231,61,53,2,0.83,0.9,1,0,0
362,72,254,33,43,0.64,0.79,313,293,182,35,10,14,0.46,0.6,0,0,1
547,193,370,30,69,0.2,0.72,479,57,29,78,68,1,0.72,0.6,3,0,1
282,384,97,41,68,0.62,0.54,862,350,103,38,99,22,0.43,0.4,0,0,0
193,65,321,44,85,0.18,0.79,225,494,274,34,35,13,0.95,1.0,0,0,1
260,218,478,37,113,0.42,0.5,895,364,288,36,59,4,0.32,0.9,5,0,0
792,96,402,68,107,0.22,0.57,202,436,228,69,61,1,0.56,1.0,5,1,1
663,25,54,62,62,0.18,0.74,169,324,154,56,87,10,0.89,0.4,10,0,0
80,163,371,46,63,0.24,0.81,448,106,202,40,4,17,0.65,0.4,0,0,1
198,326,377,65,85,0.14,0.42,367,171,258,37,73,20,0.36,1.0,2,1,1
583,163,454,73,0,0.07,0.46,727,439,142,47,22,17,0.44,1.0,0,0,1
219,273,241,47,109,0.09,0.82,247,477,68,62,24,1,0.61,0.6,0,0,0
454,99,458,42,85,0.03,0.35,873,505,60,44,47,22,0.58,0.6,3,0,0
608,218,234,41,63,0.64,0.88,947,596,24,80,112,8,0.69,0.4,5,0,0
383,101,77,77,3,0.29,0.95,610,476,10,67,119,17,0.7,0.6,0,1,0
470,28,236,48,107,0.21,0.72,758,551,36,54,97,19,0.88,0.4,2,1,0
251,51,90,37,2,0.04,0.58,565,123,89,58,2,10,0.64,0.6,10,0,0
697,115,301,40,66,0.3,0.6,196,527,30,62,107,23,0.81,1.0,2,0,0
661,367,314,50,15,0.7,0.32,761,348,161,55,67,15,0.63,0.4,3,1,0
775,290,248,37,7,0.31,0.9,436,487,192,32,35,16,0.91,0.4,0,0,1
98,169,152,48,91,0.2,0.58,357,118,233,66,55,13,0.9,1.0,10,0,0
552,67,435,44,75,0.06,0.4,493,102,148,43,63,12,0.82,0.8,3,0,1
203,122,142,77,110,0.73,0.47,348,73,14,68,2,2,0.66,0.6,2,0,1
284,198,121,50,47,0.81,0.55,989,503,258,32,14,5,0.72,0.9,1,0,0
312,254,382,52,87,0.13,0.45,169,263,171,74,39,18,0.65,1.0,3,1,1
370,181,301,32,46,0.07,0.66,219,160,176,75,32,11,0.44,1.0,2,0,1
768,382,184,38,6,0.44,0.38,333,184,258,77,4,18,0.88,0.8,5,0,0
334,376,150,69,102,0.94,0.39,512,375,82,40,51,24,0.67,0.8,0,0,1
795,214,344,70,4,0.55,0.4,175,345,186,71,72,18,0.95,0.8,10,1,0
647,123,291,65,0,0.22,0.52,864,119,93,66,23,14,0.45,0.6,5,1,0
435,135,216,51,85,0.02,0.42,457,129,205,44,102,24,0.91,0.6,0,1,1
359,290,212,48,110,0.55,0.93,913,146,79,38,112,6,0.87,0.6,3,1,1
630,388,364,63,65,0.34,0.61,793,274,138,57,97,17,0.35,0.6,2,0,1
125,297,238,30,85,0.89,1.0,477,170,116,46,41,10,0.6,0.4,5,0,0
789,95,188,76,70,0.76,0.67,721,533,283,80,30,15,0.39,0.6,1,0,1
96,355,236,41,77,0.94,0.69,458,127,44,45,56,21,0.99,0.9,2,0,1
440,313,423,33,118,0.85,0.53,238,405,19,77,80,13,0.77,1.0,0,0,1
616,308,446,33,100,0.31,0.86,356,368,215,37,101,19,0.83,0.6,3,1,1
229,348,457,76,91,0.55,0.62,393,514,259,54,86,25,0.98,0.9,3,0,1
71,203,179,64,61,0.5,0.45,254,514,18,31,109,12,0.86,0.4,5,0,0
299,281,367,64,79,0.47,0.8,856,151,110,43,18,5,0.7,0.4,0,0,1
162,282,394,37,92,0.78,0.46,507,596,148,47,85,10,0.59,1.0,0,0,0
575,129,237,69,48,0.58,0.42,268,511,68,43,82,9,0.67,0.4,5,0,0
284,268,165,80,53,0.51,0.49,806,102,42,43,62,2,0.45,1.0,0,1,1
653,162,494,45,41,0.15,0.91,771,323,299,63,59,21,0.84,0.8,0,1,1
123,147,196,54,92,0.71,0.34,207,422,21,57,101,18,0.69,0.8,2,0,0
266,204,384,49,61,0.15,0.32,299,202,263,36,110,18,0.58,0.6,0,0,1
351,40,232,66,22,0.45,0.94,736,193,37,40,27,2,0.78,0.4,0,0,1
692,133,366,71,55,0.89,0.83,860,98,82,80,8,18,0.49,0.4,0,0,1
341,396,248,35,24,0.25,0.75,356,289,243,39,32,22,0.8,0.8,0,1,1
74,357,310,55,3,0.27,0.83,788,381,119,77,107,12,0.44,1.0,5,0,0
645,116,107,74,67,0.64,0.86,485,323,263,33,29,20,0.75,0.9,5,1,1
102,261,487,60,9,0.25,0.32,244,383,278,80,112,23,0.36,0.8,1,1,0
111,218,261,59,62,0.72,0.76,236,488,40,42,17,6,0.32,0.6,0,0,1
116,31,361,37,52,0.38,0.49,682,51,75,76,9,0,0.39,0.8,1,0,1
762,130,402,62,103,0.76,0.85,381,47,270,51,9,4,0.32,0.4,1,1,1
653,341,486,39,116,0.68,0.75,833,295,254,72,53,18,0.54,0.6,3,0,1
771,91,251,74,18,0.97,0.91,866,247,142,77,109,3,0.77,1.0,2,0,1
622,351,136,33,102,0.11,0.9,334,99,285,43,65,7,0.89,0.9,2,0,1
287,93,276,49,59,0.18,0.83,626,521,24,52,40,4,0.56,0.6,2,0,0
656,149,92,70,75,0.3,0.81,335,228,284,70,36,12,0.65,0.4,10,1,0
263,87,485,78,119,0.77,0.52,853,134,43,44,50,16,0.33,0.6,10,0,0
51,20,165,60,16,0.82,0.6,193,441,214,32,79,25,0.42,1.0,0,0,0
541,349,363,77,14,0.46,0.53,711,108,21,75,40,0,0.75,1.0,1,0,1
447,166,65,76,63,0.74,0.89,623,100,176,61,40,3,0.76,1.0,1,1,1
602,59,58,54,3,0.87,0.46,922,48,103,69,25,24,0.77,0.9,3,1,0
762,167,221,65,7,0.64,0.65,446,394,214,43,22,2,0.68,1.0,2,0,1
107,359,280,32,79,0.57,0.81,599,414,50,37,2,23,0.99,0.4,0,1,0
221,208,50,34,40,0.14,0.66,462,80,204,42,79,18,0.5,0.4,5,0,0
171,291,108,38,43,0.71,0.53,757,379,215,63,74,13,0.45,0.9,3,0,0
245,266,130,34,42,0.24,0.84,638,306,113,71,51,11,0.61,0.9,10,1,0
405,52,491,35,24,0.29,0.84,926,452,139,67,78,21,0.78,0.9,3,0,0
149,337,391,72,53,0.65,0.45,735,155,191,74,84,7,0.64,0.6,10,0,0
692,314,293,54,96,0.01,1.0,576,486,235,46,4,23,0.58,0.6,3,0,1
293,349,496,77,99,0.03,0.79,669,93,233,61,17,0,0.94,1.0,0,0,1
218,17,398,56,51,0.67,0.61,173,256,290,47,75,8,0.82,0.6,0,0,1
140,143,219,30,28,0.42,0.77,185,137,77,56,101,25,0.83,0.6,2,0,0
425,164,450,32,19,0.27,0.77,746,527,143,31,9,25,0.57,0.8,10,1,0
401,281,499,60,100,0.77,0.92,356,405,75,42,117,12,0.51,0.9,3,1,1
310,311,422,45,82,0.28,0.79,666,169,128,35,105,15,0.41,1.0,0,0,1
390,243,265,54,24,0.74,0.92,457,351,225,61,67,14,0.91,0.8,10,1,0
645,117,402,32,69,0.57,0.56,423,458,157,68,52,25,0.33,0.4,0,0,1
55,88,251,69,35,0.74,0.92,906,199,289,59,93,9,0.8,1.0,0,1,0
572,290,360,66,88,0.38,0.77,766,155,257,33,2,13,0.91,0.9,0,0,1
365,313,32,42,116,0.68,0.79,214,336,240,47,72,19,0.54,0.6,0,0,1
369,145,188,76,114,0.68,0.87,777,464,109,44,99,23,0.86,0.9,5,0,0
714,49,379,80,52,1.0,0.52,521,504,253,68,62,2,0.93,0.9,0,0,1
72,49,51,69,14,0.88,0.7,976,587,208,58,79,3,0.59,1.0,5,0,0
362,136,335,67,22,0.23,0.48,328,596,202,65,17,6,0.67,1.0,0,0,1
362,40,30,38,41,0.38,0.39,716,375,185,72,88,8,0.46,1.0,2,0,0
742,113,391,68,0,0.12,0.82,710,276,138,69,119,4,0.78,0.6,10,1,0
644,229,96,30,68,0.09,0.96,785,572,286,35,78,12,0.78,0.6,0,0,0
442,391,105,72,52,0.65,0.94,821,323,263,32,22,16,0.67,1.0,0,0,1
640,317,195,49,63,0.45,0.5,207,157,120,37,34,13,0.53,0.9,1,0,1
349,258,118,51,3,0.46,0.87,879,307,62,61,119,18,0.97,1.0,0,0,0
315,385,177,35,2,0.36,0.92,316,342,159,49,22,23,0.6,0.9,10,1,0
627,300,108,37,119,0.89,0.75,242,547,195,48,30,13,0.58,0.9,0,1,1
549,258,36,50,23,0.2,0.64,535,41,201,80,114,4,0.55,0.4,5,0,0
419,167,320,65,102,0.18,0.57,701,110,153,59,105,22,0.36,1.0,0,0,1
487,43,115,48,110,0.0,0.56,692,328,35,65,68,10,0.75,1.0,1,1,0
649,385,102,79,84,0.32,0.4,463,311,204,46,20,13,0.85,0.6,3,1,1
356,307,388,66,74,0.05,0.43,968,251,241,58,87,25,0.83,0.9,1,1,0
491,212,154,34,109,0.09,0.71,460,482,270,51,46,9,0.44,0.4,1,1,0
702,25,321,55,53,0.91,0.7,781,228,300,70,46,19,0.55,0.6,10,1,0
427,115,358,49,114,0.72,0.44,665,406,10,62,13,8,0.98,1.0,2,0,0
395,52,230,67,120,0.48,0.41,963,470,68,73,0,24,0.46,0.8,2,0,0
253,149,107,56,100,0.0,0.53,603,300,85,63,15,13,0.8,1.0,0,0,0
136,193,306,73,6,0.37,0.47,267,284,73,43,87,25,0.82,1.0,0,0,1
614,77,445,74,72,0.76,0.53,581,354,256,62,74,5,0.89,0.4,0,1,1
614,311,393,63,29,0.68,0.51,606,270,241,52,96,19,0.52,0.9,0,1,1
210,39,346,60,17,0.51,0.37,611,300,281,49,100,21,0.44,1.0,3,0,0
737,72,435,45,40,0.34,0.55,175,237,211,46,18,6,0.74,0.9,0,0,1
527,305,484,37,39,0.69,0.54,638,499,234,52,26,18,0.67,0.6,10,0,0
86,242,445,37,88,0.71,0.64,558,310,208,54,20,19,0.87,0.6,10,0,0
315,14,355,68,17,0.61,0.5,938,165,178,42,15,24,0.68,0.4,0,1,1
620,82,441,63,111,0.56,0.37,321,443,70,69,6,4,0.75,1.0,3,1,1
563,224,361,78,46,0.46,0.82,190,92,164,59,102,6,0.72,0.6,3,0,1
582,187,64,75,45,0.13,0.69,655,351,123,77,28,3,0.75,0.9,0,0,0
156,156,444,51,72,0.07,0.51,317,414,66,55,86,5,0.44,0.6,0,0,1
91,13,441,78,37,0.52,0.88,804,472,198,53,8,11,0.31,0.9,1,1,1
108,55,449,53,64,0.52,0.99,835,445,282,62,4,0,0.32,1.0,0,0,1
269,256,220,38,106,0.19,0.56,276,307,49,60,45,17,0.72,0.9,1,1,0
566,312,169,52,1,0.18,0.37,708,404,149,41,67,17,0.52,0.4,0,1,0
639,265,117,41,89,0.67,0.65,715,278,43,47,59,7,0.83,0.8,1,1,1
579,251,483,68,1,0.24,0.88,179,467,229,40,76,15,0.32,0.6,0,1,1
424,393,107,41,63,0.43,0.49,795,165,81,64,96,19,0.51,0.6,0,0,0
483,156,238,64,31,0.48,0.66,278,504,221,39,56,15,0.57,0.4,0,1,1
291,235,226,57,115,0.7,0.71,298,398,248,65,117,0,0.55,0.6,10,1,0
800,280,55,69,32,0.45,0.77,429,585,174,57,28,13,0.84,0.4,2,0,1
690,293,119,76,51,0.08,0.7,518,457,279,68,110,10,0.61,0.6,5,0,0
104,343,204,59,65,0.66,0.72,366,490,199,52,88,13,0.97,1.0,2,0,0
442,332,253,45,76,0.47,0.33,676,132,222,46,30,14,0.85,0.9,10,0,0
717,192,255,48,15,0.66,0.7,701,252,140,67,1,3,0.76,0.4,3,1,1
244,134,168,55,105,0.41,1.0,246,372,188,47,0,13,0.51,1.0,2,1,1
404,71,467,37,66,0.38,0.38,114,119,195,49,48,4,0.31,0.8,2,0,1
490,319,206,52,31,0.27,0.98,758,384,265,42,28,8,0.43,1.0,0,0,1
154,387,46,70,42,0.07,0.93,706,239,160,69,38,18,0.78,0.6,1,1,0
488,355,80,42,18,0.3,0.96,218,176,68,34,117,3,0.44,0.8,2,0,1
740,400,472,68,48,0.85,0.91,620,348,100,79,51,10,0.98,0.9,3,0,1
180,288,367,32,65,0.85,0.7,222,337,26,31,32,4,0.85,0.6,5,1,1
800,32,257,73,16,0.75,0.98,305,479,41,78,61,0,0.86,0.8,5,1,1
279,143,173,65,48,0.25,0.93,750,542,42,66,30,10,0.7,1.0,1,0,0
556,275,320,72,32,0.17,0.75,879,567,238,77,104,21,0.92,0.8,3,1,0
787,243,31,71,103,0.46,0.43,522,260,287,31,96,25,0.38,1.0,3,1,1
355,23,368,70,80,0.63,0.73,780,338,229,69,81,20,0.51,0.9,0,0,1
625,237,181,32,105,0.09,0.32,787,596,127,46,51,21,0.88,0.9,0,0,0
58,213,228,60,97,0.9,0.58,556,55,272,76,36,4,0.48,0.4,10,0,0
200,111,388,53,60,0.1,0.45,737,181,36,45,2,6,0.33,0.9,0,0,1
519,158,119,59,77,0.15,0.49,811,590,178,63,37,2,0.8,0.4,0,0,0
153,135,320,79,73,0.58,0.41,108,498,41,53,17,17,0.4,0.9,5,1,1
176,13,442,31,11,0.16,0.33,314,457,198,47,69,12,0.51,0.6,0,1,0
726,390,114,50,86,0.52,0.38,297,249,254,55,32,3,0.7,0.4,2,0,1
780,378,283,70,33,0.19,0.9,269,84,55,53,84,1,0.83,0.9,1,0,1
290,28,494,32,119,0.16,0.9,114,283,127,79,30,25,0.77,1.0,0,0,1
156,235,190,42,13,0.72,0.93,957,486,235,55,48,22,0.89,1.0,0,0,0
71,369,39,76,15,0.82,0.94,858,349,283,77,108,0,0.91,0.9,0,1,0
194,309,183,60,103,0.1,0.88,445,505,180,50,106,3,0.82,0.9,0,0,1
111,190,178,65,26,0.44,0.44,223,221,92,39,46,6,0.74,0.4,2,0,0
721,156,481,67,108,0.61,0.71,114,112,118,57,97,1,0.63,0.6,10,0,1
446,46,350,65,90,0.25,0.78,744,572,131,52,23,11,0.39,0.4,3,1,0
711,209,51,73,98,0.13,0.79,667,225,254,35,81,12,0.39,1.0,5,1,1
337,50,348,79,84,0.22,0.68,543,314,270,62,48,19,0.48,0.4,2,1,1
192,104,138,47,64,0.68,0.57,789,588,217,80,44,21,0.73,0.4,1,1,0
349,146,276,40,102,0.79,0.63,611,228,114,77,79,19,0.33,0.8,5,0,0
84,146,230,68,47,0.17,0.44,296,349,185,60,95,2,0.66,0.4,2,1,0
737,343,201,42,117,0.03,0.67,152,178,239,61,35,18,0.94,0.9,0,1,1
683,255,246,49,16,0.71,1.0,269,534,55,60,68,4,0.75,0.4,0,0,1
507,55,457,67,80,0.42,0.37,522,416,245,51,20,0,0.66,0.6,2,0,1
78,242,258,40,70,0.62,0.99,965,379,130,52,8,16,0.55,0.6,10,1,0
742,114,258,79,60,0.16,0.44,662,44,268,46,94,21,0.52,1.0,1,0,1
623,175,435,74,89,0.21,0.54,337,100,106,39,31,7,0.98,0.8,1,1,1
275,63,431,78,118,0.56,0.62,223,191,224,76,5,5,0.86,1.0,0,0,1
318,334,493,30,13,0.41,0.73,944,291,11,76,26,2,0.65,1.0,5,0,0
668,184,176,65,115,0.95,0.61,367,512,185,62,24,10,0.41,0.4,0,0,1
137,170,87,59,80,0.61,0.68,594,468,97,44,87,2,0.35,1.0,0,0,0
524,323,152,66,96,0.21,0.34,312,276,184,43,51,2,0.84,0.8,3,0,1
398,352,257,52,0,0.23,0.55,620,510,282,38,99,13,0.65,0.6,5,0,0
499,78,280,54,91,0.2,0.84,705,227,139,69,93,21,0.77,0.8,3,1,0
192,228,449,37,39,0.91,0.39,277,548,109,48,60,9,0.33,0.6,0,1,1
333,91,144,38,72,0.62,0.54,898,336,176,72,58,7,0.54,1.0,10,0,0
560,108,426,40,117,0.93,0.42,738,410,88,35,113,5,0.33,1.0,0,0,1
87,272,192,43,97,0.65,0.86,549,590,62,80,84,3,0.71,0.8,2,0,0
582,352,241,33,51,0.78,0.86,740,147,160,78,29,19,0.35,0.6,0,0,1
582,374,121,57,106,0.92,0.76,520,161,53,59,8,25,0.94,0.9,0,0,1
698,367,190,35,65,0.56,0.61,548,324,290,45,77,18,0.88,0.8,0,0,0
722,261,500,56,33,0.43,0.91,171,363,137,59,89,9,0.95,1.0,5,1,1
799,214,156,35,22,0.09,0.68,197,314,170,70,114,13,0.73,1.0,2,0,0
503,168,424,65,25,0.36,0.55,630,194,11,68,43,24,0.63,0.4,0,1,1
301,139,232,44,120,0.31,0.77,694,280,258,52,32,21,0.61,0.6,2,0,0
547,207,216,43,72,0.45,0.99,645,479,219,51,91,11,0.64,0.9,1,0,0
336,369,401,77,84,0.12,0.99,689,215,217,35,90,11,0.62,0.9,1,0,1
127,124,363,69,111,0.1,0.56,469,100,192,65,86,5,0.82,1.0,0,0,1
90,15,350,31,70,0.56,0.43,695,447,71,73,30,12,0.93,0.9,10,0,0
111,182,472,80,82,0.53,0.73,946,250,155,73,19,4,0.95,0.6,3,0,0
798,381,474,38,41,0.77,0.85,410,528,106,50,21,21,0.32,0.6,5,1,1
646,144,396,46,101,0.36,0.68,293,163,90,42,56,1,0.83,0.9,3,1,1
623,326,315,32,95,0.27,0.5,803,164,150,75,69,20,0.99,0.8,0,0,0
263,152,496,54,85,0.34,0.92,412,414,203,34,29,14,0.88,0.4,0,1,1
783,275,335,75,13,0.36,0.99,220,182,92,68,56,0,0.32,0.4,1,1,1
732,220,430,67,8,0.4,0.97,382,594,48,78,45,16,0.55,0.6,1,0,1
160,370,294,79,32,0.15,0.92,394,107,141,40,47,7,0.52,0.6,0,1,1
253,226,95,38,116,0.92,0.83,307,76,97,48,102,8,0.55,0.8,5,0,1
493,163,489,39,10,0.11,0.64,305,45,184,56,25,7,0.33,0.4,3,0,1
181,129,60,50,37,0.3,0.89,610,168,22,75,95,9,0.77,0.8,10,1,0
357,24,449,33,59,0.87,0.47,160,232,239,53,22,24,0.94,0.4,2,0,1
725,192,260,59,101,0.52,0.36,145,417,165,39,17,3,0.52,0.6,1,1,1
749,284,142,66,108,0.14,0.3,228,337,228,76,60,5,0.39,0.6,1,0,1
700,304,484,67,80,0.49,0.76,606,345,235,40,96,8,0.33,0.4,1,1,1
498,117,273,65,112,0.53,0.88,535,549,231,52,84,7,0.38,0.9,3,0,1
595,113,89,55,42,0.21,0.47,921,204,104,59,6,18,0.85,0.6,0,0,0
632,301,451,70,91,0.74,0.89,230,172,246,67,110,12,0.4,1.0,1,0,1
519,363,106,51,44,0.21,0.97,734,422,181,44,65,5,0.76,0.6,2,0,0
54,135,54,70,118,0.83,1.0,712,427,174,48,46,7,0.43,1.0,3,0,0
626,266,95,57,86,0.73,0.81,429,518,76,58,33,7,0.43,0.4,0,1,1
194,84,470,51,24,0.96,0.52,887,483,30,35,103,18,0.64,0.6,0,0,0
782,186,412,32,89,0.5,0.6,763,564,277,46,118,22,0.81,0.9,2,1,0
716,89,335,63,19,0.02,0.92,388,392,50,62,37,18,0.41,0.9,3,1,1
529,233,110,49,21,0.33,0.62,348,423,72,57,20,15,0.93,0.8,2,0,0
503,160,398,49,44,0.07,0.68,319,179,181,78,80,5,0.91,0.6,3,0,1
518,292,197,62,47,0.56,0.5,892,449,33,49,51,16,0.32,0.9,2,0,1
516,122,319,67,9,0.32,0.53,193,328,184,65,83,6,0.44,1.0,0,0,1
355,32,275,74,80,0.93,0.53,587,518,177,31,41,1,0.39,0.6,0,0,1
64,383,447,35,113,0.33,0.91,172,318,42,66,5,15,0.86,0.4,0,0,1
543,383,233,30,70,0.15,0.87,682,91,84,34,110,3,0.38,0.8,5,0,1
591,93,380,63,45,0.33,0.63,604,309,137,55,107,3,0.43,0.4,1,0,1
626,215,449,66,96,0.38,0.83,748,211,54,74,82,25,0.55,0.8,0,0,1
312,145,167,48,99,0.93,0.68,263,188,209,78,20,2,0.68,0.6,0,0,1
795,22,38,39,7,0.53,0.4,718,46,151,49,89,11,0.96,0.8,3,0,0
137,381,224,76,2,0.12,0.39,857,558,138,47,99,8,0.9,0.4,3,0,0
798,366,183,74,93,0.5,0.98,484,225,14,76,110,18,0.86,1.0,5,0,1
547,84,394,70,77,0.58,0.46,258,171,64,56,91,20,0.83,0.4,1,1,1
467,208,130,36,120,0.55,0.9,498,338,221,75,81,2,0.63,0.4,0,0,0
779,129,288,68,106,0.64,0.81,474,418,284,43,68,20,0.3,0.4,0,1,1
356,221,283,36,48,0.27,0.71,296,310,288,74,35,23,0.57,0.8,5,1,0
188,114,59,53,93,0.62,0.4,723,214,27,66,53,12,0.83,0.6,5,0,0
424,46,50,74,120,0.81,0.92,984,289,108,42,80,17,0.65,0.9,5,0,0
797,126,117,77,68,0.58,0.44,421,532,247,34,6,4,0.75,0.6,2,1,1
93,383,237,65,8,0.36,0.91,863,344,187,80,113,23,0.99,0.4,1,1,0
363,356,470,74,120,0.56,0.44,336,346,133,55,78,20,0.84,1.0,0,1,1
494,364,107,72,86,0.95,0.86,356,130,226,53,67,1,0.48,1.0,0,1,1
123,52,337,59,61,0.32,0.97,197,543,197,50,8,24,0.52,0.9,1,0,1
685,284,297,50,101,0.27,0.33,410,405,106,59,59,17,0.79,0.9,0,1,1
680,96,254,80,36,0.35,0.41,375,312,66,65,5,12,0.88,0.8,3,1,1
703,284,129,58,51,0.56,0.65,770,185,127,36,40,22,0.33,1.0,0,0,1
557,288,263,42,22,0.58,0.91,152,356,145,45,3,14,0.75,1.0,1,0,1
787,264,346,44,24,0.08,0.79,103,427,133,39,27,4,0.47,0.9,3,0,1
471,67,227,37,100,0.67,0.78,199,400,80,65,108,5,0.77,0.4,2,0,0
87,302,419,53,14,0.03,0.31,255,167,93,57,47,20,0.88,0.6,10,1,0
184,35,115,38,21,0.1,0.64,454,547,56,70,21,7,0.83,0.4,3,0,0
103,396,476,64,94,0.21,0.89,141,495,240,54,62,24,0.79,0.8,1,0,1
275,300,298,63,1,0.26,0.76,261,156,281,46,14,10,0.98,0.9,3,0,1
450,130,143,77,4,0.87,0.49,949,131,266,57,89,15,0.84,0.9,1,1,1
374,58,285,77,30,0.45,0.46,918,181,298,56,97,13,0.55,0.9,0,1,1
117,207,89,49,26,0.59,0.78,550,504,155,55,2,15,0.66,0.9,0,0,0
266,27,235,59,84,0.15,0.61,515,56,186,64,71,25,0.49,0.4,5,0,0
161,386,459,35,23,0.95,0.37,664,295,220,30,32,16,0.71,0.8,0,0,0
105,332,261,78,93,0.43,0.3,384,153,117,54,54,8,0.9,0.8,2,1,1
141,381,209,60,68,0.72,0.89,110,517,117,77,96,17,0.38,0.6,0,0,1
510,219,185,32,12,0.64,0.65,285,466,132,31,44,23,0.56,0.4,0,0,0
86,191,218,66,30,0.5,0.78,736,201,70,64,72,6,0.42,0.8,0,0,0
161,181,334,50,92,0.91,0.69,357,531,202,71,14,4,0.96,0.9,0,0,0
651,125,47,60,42,0.82,0.41,366,494,16,68,95,14,0.46,1.0,0,0,0
309,146,350,61,44,0.28,0.52,262,150,72,70,52,11,0.47,0.9,0,0,1
706,77,102,34,11,0.54,0.53,215,240,143,42,42,3,0.73,0.8,0,1,1
304,302,296,31,44,0.92,0.66,739,361,196,54,5,5,0.96,0.6,0,1,0
485,296,202,40,112,0.66,0.98,353,526,149,32,24,3,0.98,0.6,5,0,1
750,299,457,30,73,0.23,0.45,663,329,65,41,30,16,0.34,0.4,10,0,0
219,313,85,68,5,0.63,0.6,405,103,205,56,77,18,0.87,1.0,0,0,1
100,333,351,49,21,0.03,0.66,588,581,84,48,64,15,0.45,0.9,1,0,0
787,233,81,33,24,0.34,0.32,209,296,175,39,100,8,0.71,0.4,0,0,0
583,328,184,78,41,0.05,0.42,414,169,193,38,49,23,0.33,1.0,2,0,1
334,207,69,54,95,0.23,0.6,682,280,225,70,89,23,0.75,1.0,10,0,0
119,358,33,46,29,0.51,0.5,177,207,246,78,24,6,0.68,1.0,3,0,0
684,186,133,39,103,0.97,0.36,279,381,293,70,116,7,0.7,0.4,3,0,0
274,244,401,52,6,0.23,0.43,680,340,69,61,6,7,0.38,0.6,0,0,0
169,338,78,50,61,0.28,0.39,781,576,138,31,42,13,0.62,0.6,1,0,0
387,275,39,62,33,0.13,0.72,831,221,54,30,25,0,0.41,0.6,0,0,1
482,107,353,62,106,0.79,0.9,871,545,165,39,32,22,0.6,0.4,0,0,1
442,49,374,80,65,0.49,0.43,807,360,141,54,28,25,0.52,1.0,0,0,1
720,36,133,32,14,0.35,0.63,754,146,230,60,49,0,0.47,0.4,5,0,0
595,250,76,43,88,0.26,0.93,747,253,67,38,4,12,0.31,0.8,10,0,0
195,342,297,37,79,0.48,0.65,755,373,84,57,64,11,0.33,0.6,5,1,0
144,36,410,33,59,0.19,0.67,547,104,24,73,44,20,0.37,1.0,0,0,1
511,292,260,49,113,0.11,0.43,877,419,195,61,61,7,0.63,0.9,1,0,0
720,174,426,51,41,0.33,0.67,271,218,68,70,28,9,1.0,0.8,10,0,0
89,335,354,72,38,0.18,0.98,133,280,139,52,5,25,0.79,1.0,5,0,1
186,108,88,74,24,0.99,0.34,342,196,181,56,6,1,0.8,1.0,10,1,0
508,210,477,53,116,0.35,0.58,524,434,72,61,88,14,0.52,0.4,0,0,1
440,32,349,69,26,0.79,0.59,912,305,113,64,100,21,0.37,0.4,3,0,0
230,350,89,50,95,0.3,0.93,336,213,49,37,80,2,0.51,0.6,1,0,1
692,132,138,38,108,0.97,0.58,644,331,220,65,14,11,0.46,1.0,0,0,1
415,38,358,46,5,0.38,0.38,914,371,117,37,23,25,0.86,1.0,3,0,0
170,343,263,67,12,0.45,0.43,848,222,63,36,86,11,0.84,1.0,3,0,0
685,295,139,37,67,0.41,0.44,240,384,60,45,100,7,0.98,0.8,1,1,0
558,281,374,52,1,0.31,0.95,240,569,279,75,114,7,0.42,0.8,3,0,1
617,85,325,59,94,0.76,0.43,167,155,223,58,65,22,0.66,0.4,3,1,1
238,355,439,38,40,0.68,0.91,461,95,183,65,65,8,0.39,0.8,2,0,1
140,178,194,43,10,0.64,0.37,694,368,47,44,114,1,0.89,0.9,0,0,0
795,279,93,30,24,0.52,0.69,782,76,179,35,56,21,0.73,0.6,0,0,1
743,58,393,52,95,0.98,0.79,539,466,195,30,22,5,0.42,0.8,5,0,1
301,216,278,32,111,0.24,0.78,396,164,295,47,71,4,0.35,0.8,2,1,1
478,72,313,55,9,0.94,0.5,832,348,117,54,31,2,0.32,0.6,0,0,1
647,297,492,75,19,0.48,0.79,437,584,150,75,13,11,0.95,0.8,2,0,1
538,79,135,49,99,0.02,0.7,761,283,156,67,63,22,0.83,0.4,3,0,0
748,180,260,75,78,0.51,0.35,946,145,188,65,68,14,0.78,1.0,0,1,1
226,24,30,57,63,0.6,0.55,191,366,190,61,42,25,0.98,0.9,10,1,0
692,196,431,72,92,0.15,0.54,381,515,246,34,8,11,0.87,0.6,2,1,1
528,209,118,32,112,0.14,0.9,795,517,15,76,110,22,0.38,0.4,2,1,0
417,181,482,37,42,0.41,0.89,896,127,229,36,113,10,0.4,1.0,0,0,1
69,93,161,66,1,0.96,0.88,604,572,111,60,96,17,0.57,0.4,5,0,0
179,175,317,45,75,0.73,0.87,773,114,29,36,100,0,0.85,0.6,2,0,1
414,214,409,34,39,0.01,0.9,364,600,17,42,20,11,0.37,0.8,0,0,1
122,105,112,50,98,0.77,0.75,755,289,150,48,96,10,0.49,1.0,3,1,0
743,23,120,49,101,0.1,0.7,327,119,279,56,96,0,0.4,0.8,1,0,1
708,301,343,56,83,0.3,0.34,380,385,114,76,104,7,0.45,0.4,5,1,0
569,105,261,56,26,0.9,0.85,413,559,287,78,117,24,0.56,0.9,0,0,1
288,197,319,69,33,0.96,0.71,839,530,236,71,32,24,0.83,1.0,2,1,0
203,193,462,37,93,0.35,0.71,453,254,208,40,6,15,0.53,0.8,0,0,1
309,120,353,50,31,0.54,0.99,524,170,17,45,49,17,0.57,0.9,2,0,1
313,188,238,56,96,0.44,0.89,837,532,297,31,38,11,0.58,1.0,0,1,1
656,187,35,75,44,0.26,1.0,721,352,115,69,45,19,1.0,0.4,0,0,0
181,252,348,49,100,0.81,0.62,976,51,42,67,100,22,0.77,0.9,5,1,0
347,231,490,47,84,0.41,0.8,835,172,64,47,18,14,0.82,0.8,10,1,0
595,26,199,39,102,0.3,0.89,952,87,173,51,64,12,0.84,0.6,5,0,0
625,178,283,69,39,0.08,0.5,506,80,133,48,105,21,0.35,0.8,10,0,1
239,66,460,78,117,0.69,0.36,700,319,210,57,30,0,0.69,1.0,1,0,1
116,291,328,68,31,0.23,0.39,746,389,91,79,26,17,0.71,1.0,0,0,0
267,346,281,61,72,0.69,0.83,891,510,175,66,23,10,0.5,0.4,3,1,0
314,384,256,66,15,0.95,0.84,550,407,296,73,104,5,0.97,0.6,0,1,0
664,215,40,31,63,0.15,0.96,640,104,164,64,84,1,0.96,0.6,0,0,0
302,331,409,40,112,0.84,0.3,614,564,256,38,5,15,0.51,0.4,0,1,0
346,97,425,76,86,0.35,0.46,265,151,19,62,55,15,0.65,1.0,1,0,1
127,127,79,49,104,0.21,0.94,576,167,213,50,42,24,0.62,1.0,0,0,0
548,205,103,54,46,0.52,0.63,463,490,282,48,64,25,0.71,0.4,0,0,0
260,305,55,55,44,0.19,0.39,777,582,149,69,113,14,0.48,0.4,5,0,0
135,318,140,39,101,0.69,0.67,478,202,61,55,68,15,0.57,0.8,10,0,0
354,34,246,69,116,0.39,0.98,690,588,283,49,65,0,0.69,0.9,1,0,1
149,93,350,74,69,0.8,0.67,327,207,38,76,89,11,0.38,0.9,1,0,1
298,62,69,32,120,0.72,0.44,745,551,130,64,65,5,0.55,0.9,10,0,0
76,101,32,57,6,0.89,0.6,418,101,17,34,41,14,0.96,0.9,10,0,0
522,135,181,45,38,0.64,0.5,885,65,63,55,83,0,0.74,0.6,0,0,1
625,320,126,61,85,0.12,0.6,132,258,205,58,59,0,0.79,0.9,2,0,1
784,109,425,50,34,0.04,0.95,713,249,240,79,84,4,0.69,0.4,0,0,1
248,365,413,56,91,0.69,0.89,450,276,102,79,50,7,0.98,0.8,5,0,0
723,213,490,52,72,0.64,0.45,858,296,142,68,95,15,0.87,0.9,5,1,0
340,291,479,35,16,0.07,0.75,914,474,277,58,11,24,0.75,0.8,0,0,0
614,146,270,47,3,0.92,0.51,252,476,150,75,48,17,0.77,0.4,0,0,0
198,347,108,62,89,0.48,0.84,592,280,261,54,11,20,0.73,0.6,0,0,0
716,370,370,40,17,0.6,0.53,307,239,172,31,56,0,0.7,0.9,3,0,1
529,284,322,66,88,0.1,0.69,527,572,281,37,3,0,0.59,0.4,0,1,1
750,61,377,77,112,0.48,0.32,523,542,160,39,54,3,0.46,0.6,3,0,1
385,119,30,52,118,0.6,0.52,743,322,274,45,0,15,0.37,0.4,5,0,0
564,64,479,67,32,0.64,0.59,682,546,222,42,53,2,0.85,0.9,1,0,1
141,269,231,71,50,0.76,0.91,984,286,193,77,12,8,0.42,0.6,10,0,0
134,183,41,46,58,0.29,0.69,995,478,48,49,42,22,0.47,1.0,3,1,0
476,319,477,66,4,0.93,0.52,857,421,226,60,1,3,0.78,1.0,5,1,1
57,165,354,63,5,0.73,0.57,462,591,172,41,7,23,0.64,0.6,3,0,0
689,80,176,34,97,0.85,0.99,997,380,230,50,87,23,0.59,0.9,1,0,1
526,29,168,32,94,0.3,0.35,455,208,27,54,35,23,0.32,0.4,2,0,0
562,127,119,46,7,0.52,0.96,409,419,201,39,8,17,0.94,0.6,10,1,0
549,102,357,32,111,0.98,0.46,917,83,111,67,106,25,0.94,0.6,3,0,0
600,66,374,34,85,1.0,0.79,829,78,218,68,73,8,0.77,0.8,0,1,1
558,31,76,35,55,0.09,0.66,138,192,192,75,76,3,0.64,0.8,5,1,0
508,191,248,64,31,0.31,0.42,523,230,247,78,32,25,0.55,0.9,0,0,1
193,123,122,32,113,0.58,0.51,735,457,296,58,39,4,0.3,0.6,1,0,0
578,186,377,41,56,0.6,0.72,196,307,159,45,68,9,0.85,0.8,2,0,1
82,101,486,56,80,0.52,0.61,987,555,68,46,53,17,0.93,0.6,2,0,0
484,317,471,65,34,0.64,0.76,781,181,12,72,71,1,0.67,0.6,1,1,1
505,155,180,73,52,0.32,0.63,504,163,24,41,14,15,0.96,0.4,1,0,1
594,257,421,71,79,0.49,0.87,881,68,17,66,22,24,0.41,0.9,0,0,1
631,45,298,30,110,0.8,0.84,615,533,123,63,80,7,0.66,0.6,3,0,0
668,15,422,44,113,0.61,0.58,725,171,163,50,102,25,0.41,0.6,1,0,1
420,219,404,57,105,0.84,0.36,325,98,268,80,35,18,0.36,0.4,0,0,1
497,152,222,51,82,0.82,0.65,471,211,213,62,95,6,0.57,0.6,0,1,1
486,25,168,70,59,0.7,0.65,120,315,35,30,61,7,0.51,0.4,2,1,1
113,90,175,66,17,0.72,0.75,344,387,138,58,39,7,0.94,0.4,1,1,0
383,39,133,35,20,0.1,0.55,609,555,138,75,42,1,0.61,0.8,0,0,0
709,104,145,35,16,0.12,0.84,528,395,105,47,72,9,0.69,0.9,2,1,0
755,135,242,33,69,0.19,0.59,908,163,295,30,16,12,0.83,0.9,3,0,1
112,65,494,60,119,0.46,0.87,360,466,138,49,110,21,0.44,1.0,0,0,1
714,220,77,64,90,0.96,0.79,712,275,60,35,48,10,0.81,0.9,1,1,1
454,313,396,76,72,0.28,0.83,302,149,193,36,82,23,0.52,1.0,2,0,1
232,86,302,76,75,0.8,0.68,866,520,165,69,82,22,0.48,0.9,0,1,0
403,58,199,50,15,0.9,0.66,748,518,27,52,35,24,0.86,0.9,3,1,0
766,119,160,45,14,0.05,0.57,567,500,175,78,103,17,0.96,1.0,10,1,0
207,129,178,52,50,0.53,0.95,841,597,258,37,58,17,0.64,1.0,5,0,0
139,163,58,51,32,0.16,0.36,849,546,115,51,98,20,0.32,0.4,0,0,0
381,319,436,33,25,0.1,0.58,937,79,47,47,86,15,0.84,0.4,3,0,0
760,147,403,79,2,0.23,0.86,882,511,206,54,69,21,0.5,0.9,2,0,1
195,298,45,54,1,0.49,0.85,827,80,242,74,18,23,0.39,0.9,0,0,0
69,378,60,77,106,0.27,0.3,242,297,171,77,57,24,0.89,0.9,0,0,0
57,219,159,34,97,0.43,0.37,797,352,234,49,18,1,0.73,0.9,0,0,0
700,27,182,33,38,0.88,0.9,109,253,252,37,76,15,0.57,1.0,1,1,1
482,389,245,66,10,0.92,0.4,591,373,147,47,60,25,0.45,1.0,5,0,0
66,153,295,54,90,0.53,0.44,106,128,109,69,107,12,0.77,0.6,0,0,1
199,68,300,39,103,0.72,0.99,421,411,130,71,102,2,0.69,1.0,0,0,1
283,337,259,66,105,0.72,0.99,376,510,42,40,17,25,0.53,0.9,10,0,0
66,388,165,68,38,0.19,0.72,916,283,27,53,47,2,0.47,0.4,2,1,0
614,191,398,55,50,0.85,0.53,544,316,109,68,76,9,0.82,1.0,0,1,1
623,264,142,38,70,0.29,0.7,608,131,95,78,114,25,0.61,1.0,2,0,0
248,135,174,65,13,0.37,0.85,585,74,190,65,99,18,0.87,0.8,5,1,0
668,180,344,74,9,0.86,0.5,346,61,66,41,62,8,0.67,1.0,3,0,1
87,30,228,65,109,0.99,0.58,153,121,78,30,76,9,0.38,0.8,10,1,1
305,274,444,38,9,0.59,0.74,957,544,153,47,100,19,0.75,0.4,5,0,0
585,52,254,68,117,0.96,0.48,407,588,215,52,48,14,0.57,0.4,10,0,0
746,313,452,73,119,0.22,0.78,424,545,26,67,93,1,0.36,0.9,3,0,1
431,157,286,57,63,0.19,0.49,509,161,18,41,67,9,0.68,0.8,0,1,1
750,18,290,78,33,0.57,0.38,730,213,21,79,1,1,0.72,0.9,0,0,1
404,54,299,78,22,0.82,0.57,680,488,73,78,45,25,0.94,0.9,1,1,0
169,81,107,32,52,0.39,0.87,219,114,129,47,92,12,0.35,0.9,0,1,1
346,195,180,68,117,0.28,0.58,287,489,193,71,91,21,0.58,0.9,0,0,0
386,61,474,62,40,0.4,0.92,984,128,216,67,10,22,0.71,0.8,0,1,1
77,342,432,36,65,0.67,0.99,680,268,84,76,36,15,0.77,1.0,3,1,0
702,13,492,70,2,0.83,0.43,314,181,46,30,104,25,0.84,1.0,0,1,1
135,319,263,52,68,0.85,0.92,706,382,118,59,8,12,0.38,0.6,0,0,1
431,173,52,64,15,0.88,1.0,844,269,243,68,107,24,0.95,1.0,0,1,0
169,304,470,60,48,0.45,0.39,251,538,142,51,110,2,0.35,0.4,5,0,0
606,190,473,73,86,0.44,0.73,559,600,41,50,1,10,0.41,0.4,0,0,1
452,178,329,46,25,0.17,0.49,406,244,156,45,25,10,0.47,0.8,5,0,0
562,224,115,52,10,0.84,0.63,569,140,17,54,105,20,0.83,0.6,10,0,0
537,256,174,41,53,0.05,0.94,625,180,117,47,51,5,0.43,0.4,10,0,0
545,131,300,43,13,0.07,0.74,295,214,184,58,120,17,0.95,0.8,0,1,1
787,124,313,46,74,0.49,0.77,660,141,218,73,93,17,0.91,0.4,5,0,0
98,296,380,54,44,0.65,0.83,968,452,192,36,78,2,0.78,0.9,0,0,0
112,344,37,66,41,0.23,0.7,426,147,190,73,50,21,0.92,0.6,0,0,0
557,280,235,66,30,0.77,0.83,428,74,82,47,19,4,0.48,0.6,0,0,1
745,303,341,50,31,0.88,0.55,453,147,238,33,33,13,0.86,1.0,1,0,1
799,326,320,63,54,0.05,0.95,800,358,118,53,113,1,0.58,0.4,10,1,0
768,131,342,50,83,0.32,0.33,397,357,282,71,88,22,0.8,0.4,3,0,0
371,126,277,53,114,0.95,0.71,364,41,34,36,55,13,0.7,0.8,0,0,1
296,173,61,37,26,0.63,0.43,178,525,157,60,88,13,0.84,0.6,1,0,0
328,143,66,69,86,0.48,0.59,631,342,138,53,111,23,0.9,0.8,0,0,0
782,309,353,64,89,0.36,0.89,480,205,81,44,65,14,0.57,0.8,0,0,1
277,350,249,51,90,0.42,0.93,153,261,81,72,104,17,0.62,1.0,0,1,1
492,149,265,59,14,0.32,0.3,943,48,106,76,60,20,0.35,1.0,0,1,1
282,62,442,61,18,0.44,0.51,773,173,214,42,86,20,0.54,0.4,3,1,0
643,32,320,49,22,0.47,0.52,558,543,124,61,102,6,0.9,0.4,3,0,0
409,157,60,56,32,0.97,0.35,881,534,24,55,117,20,0.41,1.0,0,1,0
253,231,269,43,75,0.14,0.43,863,343,110,62,25,12,0.58,1.0,2,0,0
370,205,85,73,1,0.85,0.48,363,270,124,34,33,0,0.65,1.0,5,0,0
603,384,427,77,43,0.13,0.32,481,390,179,36,104,7,0.8,0.9,2,1,1
796,296,315,48,106,0.56,0.55,426,158,265,50,95,22,0.3,1.0,10,0,1
641,335,294,46,37,0.09,0.33,948,41,11,68,68,24,0.63,0.4,2,0,1
270,383,237,70,28,0.81,0.89,906,389,39,33,2,20,0.52,0.9,5,0,1
647,343,456,68,6,0.01,0.94,499,459,182,65,54,12,0.92,0.6,0,1,1
181,162,427,75,60,0.38,0.69,760,211,13,72,88,15,0.82,1.0,2,0,1
357,10,240,34,72,0.87,0.54,251,126,51,37,8,17,0.41,0.4,5,0,1
420,307,422,68,85,0.43,0.39,835,483,139,37,53,6,0.75,0.9,0,0,1
340,238,490,31,18,0.12,0.73,893,480,78,55,78,24,0.49,0.9,0,0,0
433,329,471,79,67,0.46,0.97,120,225,63,56,81,7,0.9,1.0,0,0,1
513,48,244,64,94,0.59,0.55,312,113,138,42,56,23,0.39,0.9,0,0,1
714,67,310,64,53,0.28,0.38,963,327,120,66,93,5,0.31,1.0,0,0,1
115,191,59,70,87,0.26,0.49,399,444,96,72,88,21,0.52,0.8,3,1,0
487,189,308,44,107,0.33,0.64,271,270,216,47,70,14,0.8,1.0,0,0,1
344,281,55,76,111,0.99,0.76,146,508,214,33,116,18,0.34,0.8,0,1,1
166,248,220,53,119,0.43,0.61,891,233,111,41,45,7,0.6,1.0,1,0,1
114,256,482,72,53,0.82,0.57,372,414,263,44,112,0,0.58,0.8,0,0,1
308,303,354,52,118,0.75,0.31,922,545,98,76,88,18,0.85,1.0,0,0,0
169,378,266,69,67,0.57,0.4,274,237,190,71,104,8,0.48,0.6,10,0,0
595,399,349,63,116,0.35,0.69,169,271,124,64,69,9,0.52,0.9,0,1,1
251,389,205,53,65,0.17,0.88,645,128,45,79,52,25,0.66,1.0,0,0,1
466,145,199,41,92,0.68,0.88,708,127,135,78,106,23,0.97,0.4,1,0,0
628,348,443,48,5,0.04,0.38,414,217,189,75,46,0,0.99,0.4,3,1,0
467,142,405,40,47,0.4,0.94,728,251,147,80,37,17,0.59,0.6,3,0,0
407,61,357,56,113,0.22,0.75,773,101,69,69,116,8,0.57,0.6,0,1,1
142,379,40,75,25,0.6,0.48,842,88,265,70,116,12,0.95,0.4,0,1,0
74,213,490,37,107,1.0,0.54,329,597,275,75,1,1,0.87,0.4,5,0,0
150,11,210,80,112,0.61,0.94,152,151,291,59,66,21,0.52,0.9,1,0,1
261,360,468,38,20,0.46,0.94,346,298,139,62,48,25,0.51,0.8,0,0,1
738,46,51,57,110,0.54,0.54,778,251,148,62,17,16,0.32,0.8,1,1,1
385,219,430,51,118,0.98,0.31,761,260,279,51,38,16,0.92,1.0,0,1,1
252,97,151,49,52,0.67,0.95,981,239,176,62,81,22,0.34,0.9,1,0,0
573,264,365,56,63,0.05,0.66,690,411,118,63,107,15,0.35,0.6,5,0,0
300,43,397,40,117,0.25,0.65,615,385,15,33,36,0,0.9,0.9,3,0,0
735,322,351,68,47,0.31,0.93,831,494,298,75,7,13,0.33,0.4,0,0,1
494,229,338,52,64,0.11,0.96,222,215,177,38,31,19,0.5,0.8,10,1,1
69,13,475,53,70,0.13,0.73,142,244,63,43,75,17,0.98,1.0,3,0,1
452,299,446,75,7,0.2,0.85,623,123,157,77,20,6,0.7,1.0,0,0,1
263,140,150,43,15,0.22,0.35,358,207,122,68,86,24,0.35,0.8,1,0,0
698,77,294,43,40,0.58,0.42,706,231,231,69,103,16,0.38,0.6,0,0,1
753,190,387,70,88,0.69,0.69,895,549,225,37,72,8,0.93,0.9,0,1,1
658,350,66,61,107,0.88,0.51,722,509,160,42,60,5,0.72,1.0,0,0,1
550,337,169,45,57,0.5,0.5,262,539,186,80,92,3,0.81,0.8,10,1,0
379,347,43,42,111,0.04,0.77,139,110,192,80,72,13,0.93,0.4,10,0,0
271,350,268,35,9,0.63,0.97,598,137,120,79,45,10,0.46,0.4,3,0,0
56,163,33,72,52,0.59,0.86,476,541,123,43,108,21,0.87,0.9,10,0,0
354,380,188,58,26,0.55,0.94,593,164,123,70,3,22,0.64,0.8,2,0,1
305,226,310,45,55,0.45,0.31,967,308,242,57,115,11,1.0,0.6,1,1,0
216,47,416,74,112,0.46,0.62,817,120,217,33,102,25,0.51,0.6,0,0,1
673,216,312,45,72,0.8,0.39,317,589,52,60,45,15,0.79,1.0,10,0,0
126,13,261,74,118,0.45,0.56,607,236,12,44,78,5,0.68,0.9,0,1,1
496,162,167,38,33,0.89,0.53,687,250,214,42,23,1,0.8,0.8,2,0,1
746,43,455,37,22,0.47,0.51,185,563,118,76,60,14,0.84,0.6,0,0,0
537,179,500,80,23,0.44,0.54,568,219,133,35,45,14,0.76,0.9,1,1,1
316,302,56,52,101,0.93,0.86,163,354,84,64,60,5,0.58,0.6,10,1,0
139,66,225,66,26,0.0,0.54,814,570,61,33,46,10,0.52,0.4,0,0,0
562,162,131,68,2,0.94,0.42,547,176,151,41,71,15,0.84,1.0,2,1,1
195,166,297,38,71,0.5,0.61,765,153,73,56,14,20,0.62,1.0,3,0,0
667,62,141,72,29,0.67,0.81,530,191,93,35,76,21,0.72,0.4,2,1,1
439,209,197,33,21,0.91,0.37,311,498,30,70,39,15,0.46,0.4,0,0,0
657,21,222,31,119,0.43,0.74,101,540,44,48,94,8,0.89,0.6,0,0,1
462,37,135,53,46,0.48,0.66,407,60,122,58,30,17,0.54,0.4,3,0,1
475,185,340,40,18,0.03,0.85,720,276,177,74,83,17,0.63,0.9,0,0,0
249,187,269,31,5,0.55,0.78,971,278,292,76,14,12,0.92,1.0,2,1,0
463,383,194,50,77,0.38,0.66,161,69,166,44,96,7,0.3,1.0,0,1,1
533,367,360,71,12,0.18,0.46,824,276,107,66,6,10,0.7,1.0,2,0,1
534,249,429,63,111,0.46,0.99,189,115,47,63,109,10,0.82,0.9,2,0,1
74,400,323,73,19,0.06,0.52,604,44,204,41,19,16,0.82,0.4,10,1,0
213,40,116,36,60,0.85,0.76,351,180,78,53,77,10,0.33,0.4,1,1,0
390,194,229,77,93,0.04,0.37,220,442,223,68,11,20,0.48,0.4,1,0,0
119,80,445,30,30,0.15,0.79,411,393,180,61,69,7,0.41,0.8,3,1,0
555,268,165,63,24,0.03,0.58,556,157,296,73,47,14,0.36,0.9,5,0,0
380,35,234,64,85,0.54,0.87,664,91,248,74,42,3,0.44,1.0,1,1,1
656,32,239,75,62,0.47,0.83,264,317,16,55,39,9,0.8,0.6,3,0,1
582,347,385,76,72,0.02,0.73,464,183,49,40,107,17,0.88,0.8,1,1,1
680,24,339,62,72,0.05,0.55,875,536,53,60,97,21,0.69,0.9,2,0,0
348,120,254,32,26,0.43,0.64,342,481,101,77,45,15,0.35,0.9,0,0,0
320,81,100,30,75,0.01,0.6,421,495,51,35,76,20,0.38,0.4,1,0,0
612,65,108,77,56,0.66,0.97,387,250,177,57,66,9,0.84,0.6,2,1,1
333,249,137,69,101,0.93,0.66,882,237,206,67,45,10,0.81,0.4,0,1,0
656,293,103,71,119,0.81,0.62,308,555,121,51,25,2,0.88,0.6,0,1,1
102,240,120,45,104,0.4,0.72,540,507,93,60,27,17,0.45,0.8,0,0,0
203,336,134,36,20,0.41,0.43,742,376,227,47,14,19,0.31,1.0,10,1,0
157,393,381,71,98,0.59,0.75,941,488,289,56,116,9,0.38,0.8,10,0,0
86,287,80,48,45,0.96,0.33,427,492,171,46,117,5,0.47,0.8,10,1,0
468,118,330,72,42,0.01,0.45,939,257,95,78,35,11,0.58,0.4,1,0,0
518,77,188,66,92,0.08,0.32,677,587,183,30,2,1,0.89,0.4,0,0,0
277,120,427,48,111,0.66,0.43,490,295,72,50,114,9,0.39,0.8,1,1,1
257,257,453,67,21,0.06,0.77,197,360,167,52,58,25,0.4,0.6,0,0,1
739,88,262,34,76,0.65,0.5,434,251,52,48,83,23,0.83,0.9,1,1,1
581,212,73,53,34,0.76,0.75,205,427,64,32,27,0,0.82,1.0,3,0,1
453,307,154,55,28,0.07,0.87,280,484,28,32,81,9,0.94,1.0,0,1,1
526,356,206,33,15,0.22,0.37,537,586,11,31,56,19,0.42,0.8,0,1,1
601,146,69,49,29,0.22,0.5,806,393,224,77,28,9,0.66,1.0,10,0,0
277,311,46,33,6,0.57,0.82,157,589,82,38,102,7,0.65,0.9,1,0,0
397,134,454,80,115,0.26,0.98,725,40,46,31,11,22,0.67,0.4,2,0,1
371,372,234,58,45,0.27,0.57,568,494,19,80,64,5,0.36,0.6,5,0,0
550,259,318,45,63,0.45,0.39,749,409,27,53,34,24,0.81,1.0,5,0,0
228,119,240,47,114,0.42,0.59,716,271,184,61,109,12,0.52,0.6,2,0,0
52,66,440,76,46,0.8,0.39,254,429,102,61,79,23,0.38,0.6,3,0,0
716,298,366,49,116,0.41,0.32,221,510,148,63,66,9,0.31,0.6,3,0,1
486,358,338,46,95,0.25,0.99,861,142,290,63,74,6,0.71,0.4,10,0,0
204,393,324,52,102,0.58,0.93,490,585,18,68,80,21,0.54,0.4,0,0,0
501,221,392,68,23,0.42,0.83,369,131,114,45,95,22,0.81,0.9,0,0,1
98,146,480,53,92,0.04,0.37,294,289,131,75,77,16,0.36,0.6,10,1,0
454,144,107,52,18,0.49,0.84,542,543,33,56,110,11,0.57,0.6,0,1,0
647,150,352,36,107,0.97,0.64,505,370,65,51,12,0,0.56,1.0,3,0,1
697,260,313,70,105,0.24,0.78,749,197,60,51,14,0,0.58,0.8,3,1,1
797,333,399,47,87,0.88,0.48,371,383,224,54,37,16,0.87,0.6,0,0,1
62,227,77,77,15,0.55,0.42,124,300,84,56,35,17,1.0,0.8,2,0,0
158,176,77,64,70,0.14,0.91,239,163,33,55,1,22,0.59,0.8,3,0,0
79,234,381,38,21,0.55,0.81,244,394,124,30,28,1,0.88,0.9,5,1,0
675,169,237,47,98,0.32,0.5,463,234,143,80,96,14,0.31,0.4,10,0,0
591,93,462,52,54,0.57,0.94,911,458,129,50,54,1,0.95,1.0,3,0,1
627,68,256,39,64,0.07,0.41,798,123,171,54,85,12,0.41,0.6,0,1,1
514,298,116,75,103,0.77,0.65,907,290,151,64,84,18,0.49,0.4,5,1,0
706,260,285,54,85,0.6,0.36,636,211,205,76,92,11,0.52,0.8,0,0,1
565,31,96,47,43,0.66,0.41,486,145,223,64,13,18,0.44,0.9,5,0,0
384,398,181,66,85,0.17,0.83,518,428,24,42,86,15,0.92,0.9,2,1,1
610,264,369,39,120,0.7,0.33,122,411,219,39,105,4,0.91,0.9,2,0,1
181,218,207,65,51,0.87,0.58,859,462,294,70,113,4,0.32,0.8,3,0,0
429,81,452,80,73,0.13,0.88,267,302,54,44,46,18,0.43,1.0,3,1,1
131,247,167,34,85,0.66,0.75,659,117,266,80,41,23,0.95,1.0,10,0,0
608,275,48,42,46,0.09,0.64,928,375,218,79,13,20,0.32,0.8,2,0,0
186,119,181,57,26,0.82,0.68,199,50,56,78,118,11,0.4,0.6,3,0,1
445,107,401,45,9,0.97,0.55,192,173,72,67,0,13,0.38,0.9,1,0,1
136,29,72,76,85,0.42,0.58,596,182,139,64,37,19,0.44,1.0,10,0,0
779,300,207,39,98,0.62,0.57,203,447,115,60,108,16,0.5,0.6,0,0,1
560,155,190,56,90,0.46,0.47,915,326,255,31,78,1,0.94,0.6,5,0,0
436,121,237,53,18,0.24,0.71,108,345,229,41,3,21,0.71,0.4,0,0,1
703,270,474,47,57,0.55,0.94,793,399,276,54,12,10,0.31,0.4,1,0,1
218,183,480,80,104,0.67,0.36,199,143,23,60,109,2,0.83,0.8,1,0,1
524,292,119,34,49,0.72,0.64,904,126,47,72,15,16,0.96,0.6,0,0,0
264,214,495,47,35,0.79,0.48,330,504,57,68,32,25,0.36,0.4,1,0,1
126,284,422,45,45,0.35,0.37,329,480,110,52,78,2,0.91,0.6,3,1,0
333,27,491,49,75,0.01,0.48,175,495,199,44,34,17,0.36,0.8,1,1,1
558,162,43,47,37,0.26,0.56,251,339,99,51,80,10,0.55,0.9,10,0,0
482,125,84,73,74,0.33,0.59,874,119,114,53,80,7,0.55,0.9,10,0,0
59,165,314,35,119,0.79,0.78,823,284,187,62,83,19,0.43,0.4,1,1,0
125,279,77,32,23,0.67,0.67,995,498,32,56,114,3,0.75,0.4,0,0,0
117,284,427,71,51,0.77,0.46,520,476,271,34,111,5,0.81,0.8,3,0,0
428,245,230,52,90,0.08,0.88,594,154,131,61,33,21,0.49,0.9,3,1,1
691,347,403,68,119,0.39,0.88,860,213,269,31,31,4,0.59,0.9,3,0,1
345,269,162,49,22,0.02,0.63,150,327,131,35,48,6,0.93,0.6,0,1,1
276,74,314,57,74,0.97,0.43,702,465,21,33,92,24,0.69,0.9,1,0,0
475,49,229,78,99,0.69,0.58,593,173,18,52,36,25,0.71,0.9,0,0,1
53,374,332,32,43,0.88,0.55,399,94,222,76,22,2,0.43,1.0,0,0,1
323,51,216,62,80,0.44,0.43,236,270,55,40,65,0,0.76,0.4,3,1,1
449,379,370,61,63,0.04,0.75,500,399,151,40,35,15,0.42,0.9,1,0,1
489,357,173,51,29,0.44,0.99,754,94,102,51,92,1,0.98,0.6,10,0,0
319,142,458,41,93,0.74,0.48,256,222,242,40,53,18,0.5,0.9,0,0,1
706,381,395,50,29,0.7,0.71,774,65,250,41,86,14,0.95,1.0,0,0,1
497,146,70,69,38,0.47,0.7,657,330,41,32,102,18,0.53,0.6,1,1,1
512,311,314,76,29,0.26,0.7,142,389,121,48,106,5,0.79,0.9,5,0,1
460,306,489,56,29,0.81,0.52,107,305,86,80,22,8,0.33,1.0,1,1,1
708,240,408,36,108,0.14,0.38,946,295,82,63,49,0,0.9,0.9,10,1,0
432,70,314,34,95,0.1,0.63,636,516,17,31,12,5,0.69,1.0,1,0,1
538,262,313,70,98,0.95,0.34,188,318,299,67,85,15,0.82,0.6,0,0,1
57,72,146,45,105,0.95,0.64,270,293,92,55,57,8,0.83,0.8,5,1,0
441,252,210,58,111,0.75,0.51,391,241,52,36,29,22,0.36,0.8,3,0,1
98,75,390,47,88,0.8,0.41,702,496,224,53,46,0,0.45,1.0,2,0,0
388,118,427,77,10,0.53,0.87,170,593,289,74,86,8,0.56,0.8,3,0,1
701,83,297,68,113,0.29,0.83,543,583,75,61,64,25,1.0,0.8,0,1,1
431,218,308,33,63,0.05,0.55,851,462,185,40,118,11,0.85,0.6,10,1,0
80,324,380,32,104,0.14,0.54,428,423,243,39,61,15,0.94,0.6,1,0,0
472,152,281,38,10,0.61,0.92,735,92,205,38,19,7,0.84,0.4,10,1,0
579,395,194,33,28,0.33,0.38,350,138,145,37,98,22,0.56,0.9,0,1,1
123,59,207,43,111,0.91,0.4,176,119,238,44,72,15,0.35,1.0,0,1,1
386,285,238,33,89,0.28,0.58,796,69,95,72,56,12,0.74,0.6,1,1,0
324,187,436,66,106,0.47,0.74,578,206,71,67,34,3,0.31,0.6,0,0,1
173,378,244,54,6,0.26,0.66,113,493,67,38,25,13,0.84,0.8,0,0,1
99,302,147,77,34,0.95,0.83,509,118,283,47,71,23,1.0,0.6,5,0,0
57,342,107,34,7,0.1,0.59,394,491,273,52,110,8,0.87,0.4,0,0,0
616,329,407,42,28,0.08,0.64,785,423,25,67,90,9,0.56,0.4,3,0,0
603,395,250,51,74,0.45,0.79,312,296,31,34,1,17,0.54,0.4,0,0,1
531,188,91,53,93,0.51,0.79,330,394,117,46,79,13,0.97,0.4,1,0,1
268,123,76,71,61,0.6,0.89,766,506,32,38,62,18,0.74,0.8,5,1,0
265,299,315,76,56,0.59,0.54,366,254,16,80,118,17,0.53,1.0,2,0,1
796,368,304,65,28,0.1,0.67,954,62,250,46,74,7,0.73,0.6,2,0,1
718,386,451,70,21,0.46,0.57,904,435,270,80,42,13,0.69,0.4,1,0,0
771,167,56,61,71,0.55,0.72,696,551,213,65,69,9,0.66,0.9,1,0,1
396,203,475,45,92,0.73,0.92,664,74,11,44,4,16,0.31,0.9,0,0,1
120,371,243,57,55,0.07,0.86,396,534,158,53,60,18,0.65,0.4,5,1,0
69,108,158,44,83,0.77,0.46,739,308,59,34,110,12,0.68,0.9,0,0,0
606,340,118,61,66,0.32,0.72,377,347,209,70,52,9,0.32,0.8,2,1,1
510,28,370,36,119,0.49,0.42,209,354,187,78,30,15,0.66,1.0,0,1,1
359,368,63,39,89,0.91,0.75,793,126,226,43,60,3,0.72,0.8,10,0,0
464,199,434,38,44,0.03,0.92,345,142,212,37,112,4,0.77,1.0,0,0,1
455,216,404,54,54,0.34,0.31,771,534,104,50,2,7,0.66,0.4,0,0,0
709,227,87,44,63,0.89,0.68,475,450,300,71,28,2,0.63,0.9,5,0,0
84,276,333,44,65,0.52,0.86,791,316,225,44,69,21,0.8,1.0,1,0,0
612,386,270,62,120,0.06,0.88,985,543,242,76,53,18,0.87,0.8,3,0,0
484,348,184,47,26,0.59,0.39,565,172,123,66,99,6,0.49,1.0,0,0,1
141,240,443,47,78,0.26,0.81,532,322,262,47,73,3,0.85,0.4,0,1,0
412,318,270,41,88,0.65,0.94,116,393,71,63,108,8,0.95,0.8,0,0,1
779,207,196,41,24,0.74,0.72,864,184,81,70,52,2,0.41,0.6,3,0,0
302,261,430,60,58,0.17,0.86,798,471,26,33,92,3,0.51,1.0,3,0,1
114,200,209,63,56,0.24,0.93,404,129,227,30,117,21,0.33,0.4,2,0,1
787,198,215,38,92,0.18,0.89,956,166,295,43,105,15,0.93,0.6,1,1,1
558,341,378,47,99,0.03,0.88,192,69,183,30,23,11,0.51,0.6,0,0,1
326,261,108,78,43,0.51,0.55,516,302,33,62,99,23,0.67,0.8,2,1,0
355,202,436,77,75,0.6,0.95,651,332,215,59,53,1,0.72,0.4,0,0,1
261,390,236,30,90,0.43,0.88,229,420,45,45,34,8,0.32,0.9,3,0,1
537,199,122,66,99,0.29,0.56,435,376,179,43,71,6,0.33,0.8,10,0,0
541,228,384,45,28,0.44,0.47,433,274,65,40,35,12,0.54,0.9,1,0,1
728,331,123,47,34,0.44,0.78,856,68,131,33,79,15,0.49,0.8,2,0,1
190,319,58,52,84,0.15,0.54,421,513,278,39,71,4,0.47,0.6,2,0,0
361,382,297,68,74,0.1,0.63,990,132,149,37,26,24,0.48,1.0,1,0,1
299,362,256,61,75,0.9,0.72,107,485,20,63,102,7,0.74,0.6,0,0,1
579,372,396,68,51,0.83,0.63,795,566,84,30,6,5,0.91,0.6,10,0,0
386,152,312,37,91,0.64,0.36,306,378,143,53,105,14,0.72,0.8,1,0,0
176,133,355,36,104,0.62,0.55,574,82,224,50,119,6,0.86,0.8,0,1,1
395,213,289,49,69,0.74,0.4,190,253,83,62,103,15,0.44,1.0,2,0,1
162,40,77,58,28,0.86,0.49,356,128,68,72,113,14,0.83,0.8,1,0,0
341,336,77,51,46,0.45,0.84,832,129,89,80,78,22,0.81,0.6,0,1,0
707,367,178,36,84,0.65,0.32,823,193,148,36,84,14,0.93,1.0,10,1,0
282,182,189,45,54,0.31,0.44,829,417,154,50,42,23,0.74,0.4,5,0,0
113,357,64,55,7,0.66,0.72,958,361,142,43,55,18,0.73,0.8,2,0,0
657,368,101,65,44,0.96,0.57,811,254,106,46,119,17,0.7,0.4,3,0,0
746,142,175,66,100,0.94,0.6,737,516,50,46,63,24,0.67,0.9,3,0,1
460,364,417,46,45,0.16,0.38,479,101,297,33,50,21,0.39,0.9,0,0,1
640,367,427,71,58,0.95,0.47,222,258,66,67,14,10,0.47,0.6,2,0,1
760,39,288,78,86,0.83,0.86,907,304,193,80,115,2,1.0,1.0,0,1,1
485,83,202,56,114,0.32,0.8,518,330,113,65,14,23,0.92,0.4,1,0,0
429,83,318,63,62,0.29,0.39,323,101,256,47,54,10,0.58,0.4,0,0,1
688,14,146,71,56,0.34,0.79,133,91,134,39,75,20,0.3,0.8,3,0,1
763,56,165,33,63,0.79,0.62,921,243,224,71,15,16,0.58,0.9,0,0,0
242,21,485,78,34,0.43,0.51,844,517,79,75,114,15,0.46,1.0,0,0,0
147,133,489,47,43,0.64,0.41,117,570,252,71,97,18,0.81,1.0,2,0,0
67,331,381,67,29,0.11,0.55,804,535,12,78,41,20,0.95,0.9,1,1,0
423,342,306,56,70,0.26,0.8,244,312,13,50,18,13,0.76,1.0,10,0,0
447,289,456,65,55,0.01,0.42,907,479,58,65,112,23,0.45,0.8,1,0,0
575,265,269,57,45,0.97,0.95,135,107,166,54,64,24,0.98,1.0,0,1,1
159,215,282,80,86,0.36,0.98,792,49,292,43,96,23,0.43,0.6,0,0,1
478,97,237,74,66,0.41,0.58,403,183,89,46,75,20,0.53,0.6,5,0,1
336,218,474,56,30,0.01,0.96,909,131,266,60,9,18,0.85,0.9,2,0,1
477,236,118,72,42,0.82,0.47,349,152,51,34,51,12,0.54,0.9,0,0,1
301,44,489,45,32,0.76,0.86,678,516,115,38,84,19,0.38,0.4,10,0,0
604,15,157,41,30,0.33,0.84,225,183,215,63,62,3,0.67,0.9,10,0,0
235,156,213,53,28,0.95,0.55,825,424,105,31,36,11,0.64,0.4,10,0,0
57,372,265,75,92,0.88,0.62,588,462,273,35,106,10,0.67,0.9,0,0,1
640,160,128,63,44,0.64,0.85,807,485,272,38,11,24,0.38,0.6,0,0,1
432,385,397,55,108,0.15,0.9,242,293,241,59,103,25,0.61,0.8,0,0,1
301,111,262,41,16,0.28,0.45,744,108,16,75,104,1,0.64,1.0,3,1,0
575,45,35,32,45,0.64,0.96,108,441,297,77,35,18,0.51,0.6,2,1,0
789,368,189,60,2,0.33,0.43,935,599,157,43,118,0,0.79,0.4,2,0,0
788,173,459,66,27,0.59,0.73,217,446,45,76,2,18,0.87,1.0,10,0,1
102,61,136,60,97,0.09,0.55,685,43,300,78,54,1,0.96,0.9,0,0,0
337,351,167,39,61,0.14,0.5,165,560,294,75,15,14,0.97,1.0,0,0,0
468,160,252,55,43,0.83,0.43,369,345,182,53,64,18,0.79,1.0,2,0,1
201,244,244,67,92,0.44,0.45,618,581,66,79,15,18,0.66,0.4,10,0,0
485,268,246,47,32,0.81,0.78,348,295,53,75,66,5,0.92,0.8,1,0,0
418,270,73,69,97,0.02,0.89,309,187,149,48,4,12,0.9,0.6,5,0,0
513,85,145,79,29,0.19,0.86,421,322,248,59,7,5,0.56,0.9,10,0,0
553,378,203,61,22,0.73,0.68,613,193,140,45,91,20,0.8,0.9,1,1,1
282,228,225,35,95,0.62,0.9,849,572,268,47,61,1,0.9,1.0,1,1,0
161,370,459,60,110,0.2,0.35,894,365,97,46,97,5,0.31,0.8,0,0,1
403,347,485,75,81,0.19,0.58,699,219,97,34,30,20,0.41,0.9,2,1,1
193,248,420,71,52,0.42,0.75,320,211,202,68,33,17,0.79,0.8,2,1,1
674,144,231,52,85,0.49,0.32,897,108,160,75,16,17,0.69,0.8,2,0,0
574,241,302,61,66,0.67,0.96,323,197,115,63,4,15,0.38,0.8,5,0,1
58,340,245,47,92,0.83,0.74,866,407,206,38,3,2,0.59,0.4,0,0,0
492,132,424,38,5,0.76,0.74,327,300,211,71,72,4,0.94,1.0,0,0,1
752,299,66,48,46,0.49,0.59,784,153,212,34,86,18,0.55,0.4,0,1,0
164,363,410,48,51,0.26,0.41,724,149,242,55,113,8,0.82,0.6,0,0,0
724,266,377,36,120,0.3,0.86,348,433,39,38,51,18,0.74,0.8,2,0,1
405,161,474,34,90,0.62,0.39,876,231,263,42,44,16,0.67,0.4,0,0,0
316,148,212,54,23,0.67,0.52,266,143,19,41,93,18,0.65,0.4,0,0,1
211,298,496,80,90,0.34,0.36,994,433,281,79,83,10,0.46,0.4,1,0,0
100,398,219,71,95,0.73,0.65,666,98,237,37,85,17,0.96,0.9,0,0,1
648,25,133,51,98,0.59,0.33,530,289,187,70,13,13,0.5,0.8,0,0,0
420,56,95,54,98,0.02,0.44,598,187,178,49,79,7,0.93,1.0,10,0,0
395,358,278,37,117,0.14,0.74,404,361,285,55,48,3,0.37,0.8,0,1,1
519,103,459,69,41,0.94,0.72,311,506,258,56,98,10,0.54,0.9,1,1,1
734,241,128,74,57,0.12,0.67,696,467,266,40,37,19,0.49,1.0,1,1,1
564,203,270,30,112,0.62,0.77,353,402,40,33,7,6,0.81,0.4,1,0,1
557,175,71,34,37,0.86,0.54,686,461,212,47,109,1,0.5,0.9,0,0,0
679,102,257,46,69,0.51,0.96,163,56,121,45,64,18,0.4,0.8,10,0,1
67,92,31,73,68,0.57,0.37,554,449,215,59,8,11,0.9,0.6,3,0,0
218,347,322,63,31,0.82,0.63,666,82,223,62,60,9,0.96,0.9,10,1,0
649,182,216,73,77,0.82,0.93,185,369,15,38,81,19,0.43,0.6,1,1,1
567,321,459,69,77,0.5,0.86,222,234,227,77,60,21,0.6,0.9,0,1,1
672,152,159,61,43,0.58,0.57,741,262,289,70,34,9,0.89,0.6,0,0,0
203,154,51,46,56,1.0,0.82,726,340,235,45,20,6,0.45,0.4,0,0,0
713,96,268,65,77,0.08,0.5,536,554,41,63,43,6,0.84,0.6,5,0,0
544,12,161,78,28,0.89,0.67,359,532,220,47,80,0,0.97,0.9,0,1,1
482,126,134,50,93,0.56,0.5,191,361,85,75,64,12,0.77,0.6,0,1,1
83,202,455,48,84,0.05,0.9,592,576,131,57,67,5,0.4,0.9,0,1,1
337,136,41,78,57,0.58,0.91,102,185,224,49,5,11,0.82,0.9,2,1,1
216,32,467,43,42,0.68,0.75,723,112,178,60,17,5,0.44,0.6,10,0,0
163,263,266,37,1,0.52,0.59,298,292,299,33,19,18,0.65,0.8,0,0,1
171,383,120,50,83,0.67,0.78,853,279,156,51,74,17,0.81,1.0,0,0,0
137,74,92,33,16,0.45,0.9,429,366,54,67,116,1,0.73,0.8,1,0,0
459,159,299,66,100,0.1,0.86,539,205,40,60,60,16,0.57,0.8,10,1,0
477,284,326,51,37,0.61,0.95,941,329,92,72,99,25,0.56,0.8,0,0,1
796,137,54,32,35,0.57,0.75,343,54,142,55,29,11,0.62,0.4,5,1,0
603,179,263,62,44,0.47,0.77,865,80,89,74,44,3,0.32,0.8,3,0,1
798,34,342,58,103,0.71,0.54,168,391,68,77,107,25,0.37,0.4,1,0,1
86,31,176,58,16,0.37,0.44,627,228,170,75,25,12,0.67,0.6,1,0,0
294,251,158,50,8,0.92,0.42,388,415,210,78,37,6,0.49,0.6,3,0,0
634,131,103,38,112,0.2,0.53,796,123,47,53,117,8,1.0,0.6,2,0,0
191,337,109,67,59,0.68,0.79,399,285,118,70,52,7,0.9,0.8,1,0,1
638,82,208,63,40,0.94,0.71,867,67,126,40,16,7,0.69,0.6,0,0,1
200,50,276,77,92,0.79,0.93,792,324,86,38,104,9,0.81,0.4,3,0,0
230,220,265,67,69,0.82,0.65,288,180,239,37,79,25,0.98,1.0,5,1,1
240,27,196,52,100,0.15,0.63,360,284,115,78,118,1,0.51,0.6,0,1,0
608,171,170,36,24,0.2,0.75,150,506,193,61,74,16,0.92,0.9,5,1,0
330,107,130,77,83,0.33,0.98,928,147,129,58,25,2,0.85,0.8,10,0,0
111,332,367,41,83,0.45,0.88,238,119,69,36,66,6,0.63,0.4,5,0,1
237,94,397,38,82,0.47,0.94,859,197,145,65,66,24,0.79,0.4,2,1,0
334,107,174,43,6,0.52,0.38,973,367,35,61,112,3,0.47,0.6,0,1,0
759,260,326,41,119,0.28,0.87,281,85,223,79,12,25,0.57,1.0,1,0,1
472,191,258,74,114,0.48,0.93,952,347,200,34,88,16,0.48,0.8,3,0,1
677,103,56,56,78,0.5,0.47,635,246,42,55,60,21,0.93,0.6,1,0,0
217,389,338,39,99,0.92,0.65,312,314,38,68,8,8,0.46,1.0,2,0,1
742,53,425,37,6,0.54,0.45,707,349,246,80,120,4,0.93,0.8,0,0,0
268,14,39,64,79,0.92,0.47,569,391,219,52,68,23,0.65,0.8,0,0,0
228,167,352,73,112,0.63,0.79,262,69,144,39,3,25,0.43,0.4,3,0,1
401,63,444,65,64,0.98,0.68,841,557,79,59,28,11,0.98,0.6,10,0,0
105,12,472,51,7,0.07,0.65,536,222,280,63,119,19,0.88,0.4,5,1,0
605,141,391,30,116,0.33,0.34,456,370,270,33,55,20,0.99,0.4,0,1,0
167,60,219,65,73,0.35,0.3,764,163,216,67,73,10,0.52,0.6,5,0,0
461,242,389,38,81,0.69,0.84,407,102,39,61,14,16,0.51,0.8,0,0,1
484,394,148,71,60,0.99,0.77,511,328,215,48,3,14,0.75,0.4,5,0,0
467,354,317,48,77,0.68,1.0,344,287,167,66,69,0,0.66,0.9,0,1,1
107,224,272,31,44,0.56,0.4,627,330,229,61,43,16,0.94,1.0,0,0,0
51,258,323,62,4,0.01,0.94,544,265,293,30,55,25,0.66,0.4,5,1,0
747,295,177,63,113,0.32,0.39,656,149,254,46,116,11,0.91,0.9,10,0,0
223,338,337,54,69,0.28,0.37,889,138,16,60,3,17,0.6,0.8,5,0,0
689,307,40,50,102,0.52,0.64,949,337,218,58,115,7,0.49,0.4,3,1,0
284,255,297,37,47,0.26,0.37,885,253,149,52,57,21,0.5,0.4,0,1,0
215,215,191,54,111,0.36,0.45,688,240,129,42,5,18,0.85,0.4,0,0,0
364,33,90,67,111,0.08,0.77,566,368,94,53,15,4,0.63,0.6,0,0,0
734,232,231,55,55,0.61,0.8,241,548,224,62,24,21,0.76,0.9,0,1,1
221,280,412,68,47,0.79,0.39,971,289,232,69,78,16,0.64,0.6,0,1,0
107,390,481,36,95,0.22,0.31,106,427,174,31,71,21,0.39,1.0,2,0,1
297,215,316,75,24,0.86,0.76,971,322,25,77,89,25,0.5,0.4,3,1,0
203,373,389,73,81,0.63,0.3,761,578,206,31,92,2,0.78,1.0,2,0,0
637,89,241,48,81,0.43,0.45,999,558,209,62,93,11,0.31,0.9,5,1,0
601,157,461,61,7,0.36,0.98,278,71,84,74,95,20,0.7,0.6,0,0,1
537,106,333,41,59,0.55,0.44,268,375,261,62,35,15,0.41,0.9,10,1,0
446,159,447,54,66,0.75,0.68,481,489,76,36,21,14,0.75,0.9,0,0,1
510,133,117,60,14,0.13,0.48,367,60,294,51,95,15,0.38,0.4,3,0,1
210,348,487,45,15,0.63,0.81,236,548,159,54,15,0,0.76,1.0,2,1,1
555,204,179,47,10,0.18,0.79,939,262,266,56,81,6,0.64,0.8,5,1,0
120,39,456,47,30,0.11,0.52,144,96,126,76,86,2,0.74,0.9,0,0,1
478,346,125,59,35,0.34,0.84,805,320,87,78,18,6,0.92,0.4,2,0,0
253,350,483,46,19,0.67,0.93,752,404,254,52,60,6,0.78,0.4,2,0,0
468,256,337,31,69,0.2,0.42,279,556,287,68,25,2,0.52,0.6,0,0,0
388,337,204,34,102,0.8,0.78,871,355,248,67,80,2,0.59,0.8,0,0,0
251,59,43,49,19,0.88,0.71,277,42,115,79,114,8,0.95,0.9,2,0,0
121,34,487,61,73,0.51,0.65,543,235,282,74,91,25,0.62,0.9,0,1,0
706,232,369,69,98,0.87,0.83,946,275,147,41,23,6,0.73,0.8,0,0,1
571,113,66,58,22,0.5,0.69,952,99,281,46,37,4,0.64,0.8,10,0,0
798,170,107,72,75,0.37,0.9,967,395,150,37,36,1,0.95,1.0,0,0,1
332,313,129,49,27,0.03,0.53,878,546,10,79,49,0,0.92,1.0,0,0,0
651,238,172,39,104,0.94,0.59,533,438,151,60,9,0,0.51,1.0,0,1,1
425,394,166,76,1,0.71,0.45,945,270,101,74,73,8,0.85,0.8,3,0,0
470,359,418,50,54,0.24,0.47,758,221,292,79,24,2,0.33,0.8,2,0,1
500,232,137,45,19,0.27,0.38,567,397,70,47,96,8,0.54,0.9,1,1,0
328,308,497,58,78,0.23,0.72,959,525,201,45,22,16,0.61,0.8,0,0,1
636,80,86,30,72,0.42,0.37,240,228,78,68,17,16,0.54,0.6,0,0,0
592,43,148,51,21,0.14,0.73,536,271,241,72,16,15,0.48,0.8,10,0,0
711,308,191,41,78,0.76,0.95,261,167,222,36,19,17,0.56,1.0,2,0,1
366,10,444,44,57,0.2,0.47,395,560,89,76,7,24,0.73,0.4,5,0,0
703,136,141,33,110,0.99,0.47,938,298,106,45,17,25,0.81,0.4,5,0,0
750,198,94,41,67,0.34,0.34,569,49,108,47,108,19,0.43,1.0,10,0,0
735,180,343,74,33,0.98,0.84,502,496,196,33,102,10,0.31,0.8,0,1,1
554,165,160,38,119,0.09,0.46,935,102,57,50,117,0,0.78,0.6,1,1,0
205,388,150,50,53,0.44,0.95,318,140,281,58,93,16,0.96,1.0,5,0,0
601,395,395,57,1,0.37,0.36,435,437,82,61,11,3,0.5,0.8,0,0,1
674,344,220,64,62,0.03,0.6,664,258,256,54,112,24,0.32,0.9,2,1,1
387,221,311,68,105,0.75,0.48,694,134,291,52,117,5,0.72,0.8,0,0,1
674,263,448,48,37,0.48,0.74,928,403,294,43,59,10,0.93,0.6,1,0,1
464,91,204,35,25,0.43,0.76,127,487,95,33,101,14,0.46,0.4,1,0,1
272,52,207,56,65,0.21,0.76,736,82,224,59,68,25,0.35,0.6,0,0,1
524,343,416,73,95,0.36,0.78,995,425,283,61,33,3,0.68,0.6,10,0,0
682,387,360,70,4,0.27,0.99,503,60,249,55,72,19,0.56,0.4,0,0,1
69,220,51,48,44,0.5,0.94,296,392,127,33,38,5,0.32,0.6,0,0,1
657,310,274,53,50,0.92,0.3,425,162,50,65,31,21,0.92,0.9,2,0,1
621,398,44,56,96,0.29,0.53,290,568,55,65,18,18,0.94,0.6,0,1,0
435,200,218,77,95,0.87,0.3,927,102,12,32,15,21,0.81,1.0,0,0,1
488,64,69,33,73,0.99,0.93,358,557,253,72,91,18,0.56,0.8,0,1,0
407,365,161,65,19,0.64,0.92,255,234,53,68,101,7,0.8,0.6,5,0,0
432,158,142,31,66,0.01,0.31,993,387,160,43,27,0,0.43,0.6,5,0,0
571,17,124,30,103,0.6,0.63,402,139,267,45,64,17,0.61,0.4,5,1,0
614,345,194,73,32,0.17,0.38,468,354,107,44,36,5,0.52,0.8,5,0,0
521,48,486,54,31,0.47,0.97,747,359,86,55,1,17,0.8,0.4,0,0,1
276,333,260,75,51,0.66,0.53,498,80,188,72,88,7,0.62,0.9,3,0,1
346,213,363,65,76,0.19,0.83,789,43,113,51,56,18,0.58,0.6,3,1,1
202,163,433,71,10,0.4,0.97,486,185,252,30,1,21,0.84,0.4,0,0,1
56,273,246,43,42,0.63,0.32,981,373,247,35,118,18,0.34,0.4,5,0,0
91,51,258,57,67,0.73,0.9,235,94,23,66,32,4,0.72,0.4,0,0,1
294,265,174,36,17,0.14,0.56,506,194,175,53,76,21,0.8,0.4,0,1,0
699,177,281,42,97,0.9,0.63,360,264,289,58,33,25,0.37,0.6,0,1,1
737,19,135,56,4,0.47,1.0,688,343,123,77,86,21,0.98,0.6,0,0,0
551,335,73,66,35,0.66,0.48,383,466,222,37,0,0,0.53,0.6,2,1,1
494,227,319,39,17,0.27,0.97,824,233,67,55,94,4,0.46,0.9,2,0,1
287,329,293,59,46,0.47,0.6,443,414,183,56,1,24,0.56,0.4,10,0,0
721,21,205,46,119,0.88,0.79,112,413,243,50,69,19,0.39,1.0,3,0,1
293,155,86,51,58,0.68,0.61,430,108,146,71,74,7,0.64,0.6,3,0,0
642,119,440,65,78,0.17,0.35,131,220,282,50,98,15,0.76,0.9,2,0,1
554,154,47,77,74,0.34,0.35,555,495,270,45,13,12,0.74,0.4,2,0,0
428,282,224,49,55,0.35,0.51,378,124,92,45,115,20,0.98,0.8,3,0,1
784,148,344,72,91,0.08,0.63,396,448,254,38,7,9,0.74,0.4,10,0,0
214,278,61,74,111,0.93,0.46,451,468,145,47,118,22,0.71,0.4,5,0,0
731,87,65,48,59,0.09,0.9,575,307,211,54,7,24,0.37,0.4,1,0,0
646,54,116,66,45,0.22,0.44,180,312,276,33,17,4,0.41,1.0,10,0,1
388,361,321,68,84,0.84,0.42,670,198,21,54,2,23,0.69,1.0,5,1,1
713,365,491,70,75,0.47,0.82,380,258,264,71,29,18,0.88,0.6,2,0,1
215,330,208,42,33,0.81,0.91,609,476,73,73,73,17,0.94,0.4,0,0,0
179,33,494,43,81,0.15,0.43,580,163,137,69,16,5,0.55,0.8,0,1,1
296,242,162,71,104,0.14,0.76,302,364,113,47,67,15,0.88,1.0,10,0,0
577,118,202,67,104,0.76,0.47,874,313,173,53,13,15,0.58,0.4,0,0,1
191,329,448,73,63,0.81,0.61,828,576,257,68,72,6,0.53,0.8,1,0,0
173,387,95,53,27,0.3,0.87,304,537,167,42,21,24,0.7,0.6,0,0,0
522,357,257,68,112,0.58,0.33,685,572,93,40,55,23,0.98,1.0,0,0,1
480,321,289,30,74,0.47,0.42,990,423,112,50,90,10,0.32,1.0,3,0,0
732,340,251,51,3,0.12,0.34,257,334,34,38,26,22,0.87,0.4,5,1,0
547,390,353,78,89,0.88,0.57,276,57,106,65,43,15,0.65,0.9,10,1,1
467,364,336,44,68,0.3,0.54,383,328,42,66,38,7,0.38,0.8,2,0,1
551,56,238,60,104,0.74,0.38,277,349,57,56,83,20,0.55,0.6,10,1,0
506,366,334,57,57,0.21,0.4,502,524,287,71,103,21,0.56,0.9,10,0,0
527,96,332,62,0,0.81,0.39,693,50,74,68,90,15,0.53,0.8,10,1,0
70,117,139,58,87,0.5,0.57,876,414,251,61,78,11,0.8,0.8,0,1,0
131,130,148,39,3,0.8,0.31,495,451,50,34,42,14,0.85,0.8,1,1,0
659,262,170,30,105,0.93,0.71,187,261,142,67,77,1,0.63,0.8,3,0,1
453,141,357,32,109,0.8,0.55,420,292,17,51,57,4,0.67,0.8,3,0,1
510,174,397,65,50,0.5,0.31,911,113,259,37,90,2,0.32,0.9,0,0,1
195,113,113,76,59,0.09,0.76,878,555,76,41,83,19,0.84,1.0,1,0,0
674,31,60,39,109,0.95,0.4,620,336,84,47,84,5,0.52,1.0,0,0,0
602,292,152,31,96,0.38,0.98,556,287,82,70,91,20,0.96,0.4,2,0,0
708,56,101,57,45,0.32,0.46,789,391,10,36,81,12,0.56,1.0,10,0,0
514,181,278,52,85,0.77,0.99,485,313,136,75,1,24,0.94,0.8,5,0,0
448,202,81,66,99,0.62,0.58,442,40,58,61,114,20,0.64,0.9,1,0,1
499,363,339,34,65,0.08,0.5,899,391,95,34,87,18,0.32,0.4,3,1,0
756,275,58,71,113,0.56,0.53,498,519,118,68,87,2,0.37,0.4,3,0,0
92,20,154,41,100,0.53,0.92,900,411,42,67,55,22,0.95,1.0,0,0,0
447,170,462,41,2,1.0,0.65,857,203,188,34,104,14,0.3,0.6,10,0,0
575,28,98,54,104,0.22,0.66,218,361,199,69,56,16,0.89,0.8,2,0,0
430,325,334,30,56,0.41,0.84,852,377,37,59,36,23,0.71,0.4,3,0,0
293,29,403,51,61,0.36,0.82,208,438,125,42,71,20,0.39,1.0,0,0,1
322,281,389,75,66,0.87,0.7,936,306,156,73,50,1,0.57,1.0,3,1,1
775,209,440,59,45,0.65,0.51,973,62,55,69,46,17,0.89,1.0,1,0,1
350,214,120,55,49,0.71,0.3,878,236,136,80,95,9,0.91,0.4,5,0,0
105,129,391,57,103,0.4,0.43,172,479,187,78,109,9,0.6,0.6,10,0,0
80,308,268,49,58,0.84,0.8,585,534,232,53,33,13,0.87,0.4,10,0,0
240,254,463,37,21,0.6,0.41,995,437,234,36,81,20,0.54,0.9,5,0,0
512,220,431,74,78,0.14,0.69,336,476,154,64,43,23,0.72,1.0,5,1,1
272,47,43,44,120,0.91,0.83,962,80,161,61,21,19,0.4,0.9,0,0,0
706,85,183,79,80,0.99,0.54,681,441,28,69,10,17,0.98,0.9,0,1,1
192,22,499,55,58,0.48,0.56,865,548,141,40,46,16,0.63,0.6,5,0,0
307,184,339,55,61,0.23,0.38,677,395,297,49,65,10,0.37,0.6,1,0,0
52,163,75,61,92,0.72,0.89,882,66,43,54,48,0,0.72,0.6,1,1,0
236,173,183,41,59,0.54,0.81,318,446,141,41,45,24,0.96,0.9,3,0,0
407,46,344,71,4,0.84,0.47,488,524,154,76,57,20,0.93,0.8,3,0,0
570,359,399,39,94,0.04,0.88,806,475,239,50,46,9,0.6,0.8,1,0,1
190,293,111,46,46,0.11,0.87,615,341,118,45,85,25,0.82,0.4,0,0,0
639,68,182,48,31,0.85,0.69,166,42,18,43,87,20,0.38,1.0,2,1,1
592,129,444,78,68,0.36,0.93,399,100,222,70,49,16,0.3,0.4,5,0,1
715,256,55,42,17,0.22,0.89,985,169,241,76,32,4,0.47,0.8,1,1,0
621,309,323,36,99,0.58,0.41,917,471,38,30,89,18,0.76,0.8,2,0,1
438,32,170,78,60,0.7,0.87,177,61,183,35,70,21,0.43,1.0,5,1,1
511,243,171,40,19,0.34,0.53,288,121,103,46,53,3,0.63,1.0,0,0,1
529,118,417,80,32,0.75,0.66,651,403,212,69,113,5,0.47,0.8,2,0,1
346,66,405,70,79,0.59,0.84,200,153,201,72,65,18,0.35,1.0,0,0,1
557,164,128,33,56,0.61,0.97,181,416,129,30,43,2,0.85,1.0,10,0,1
659,368,472,39,24,0.39,0.46,429,112,178,47,6,4,0.61,0.4,5,0,1
281,17,244,49,59,0.04,0.92,351,178,116,59,45,4,0.31,0.4,1,0,1
450,226,103,46,103,0.16,0.84,593,425,123,47,69,21,0.54,0.9,5,0,0
793,144,490,67,35,0.61,0.97,701,87,158,37,32,4,0.98,0.8,10,0,1
248,25,213,77,105,0.59,0.46,398,198,67,69,73,24,0.72,0.6,5,1,0
470,157,455,49,106,0.03,0.35,397,345,29,58,56,24,0.67,0.4,0,0,0
731,278,357,30,106,0.81,0.65,122,279,188,52,25,6,0.71,0.4,0,0,1
269,186,325,41,76,0.54,0.7,507,44,57,72,49,4,0.32,0.9,0,0,1
390,260,470,79,29,0.82,0.88,934,386,121,48,64,16,0.39,0.9,2,1,1
373,189,146,40,62,0.33,0.64,678,170,190,61,3,20,0.4,0.6,0,0,1
529,377,75,62,95,0.03,0.55,523,57,259,34,104,6,0.42,0.6,0,0,1
271,221,302,42,109,0.78,0.89,554,122,187,51,41,24,0.6,1.0,10,0,0
700,129,403,34,70,0.72,0.58,673,586,251,37,41,19,0.6,0.9,3,1,1
617,321,457,49,86,0.9,0.55,433,183,54,58,100,2,0.54,0.8,0,0,1
218,54,413,49,3,0.12,0.55,612,45,86,51,96,7,0.66,0.8,0,1,1
398,207,243,41,74,0.78,0.53,819,253,72,35,36,19,0.57,0.4,10,0,0
173,102,371,55,95,0.03,0.87,209,592,197,30,54,22,0.53,0.6,0,0,1
106,92,30,34,73,0.36,0.64,258,489,22,74,102,12,0.37,0.6,0,0,0
750,153,411,63,39,0.29,0.77,708,271,171,31,28,23,0.93,0.4,0,0,1
156,26,275,50,78,0.32,0.42,105,454,220,35,74,5,0.61,0.4,0,1,1
547,332,416,51,68,0.26,0.93,362,346,28,53,92,18,0.56,0.9,0,1,1
309,330,353,52,17,0.33,0.71,869,72,51,79,103,4,0.31,0.8,10,1,0
409,235,236,67,114,0.95,0.64,416,328,268,66,7,22,0.56,1.0,1,0,1
61,88,188,79,77,0.8,0.86,818,583,176,79,102,1,0.91,0.4,5,1,0
72,235,104,63,81,0.0,0.55,220,253,255,62,11,20,0.72,0.4,3,0,0
336,251,53,30,84,0.63,0.53,353,561,22,42,14,2,0.84,0.6,3,1,0
586,330,457,70,25,0.72,0.68,962,415,179,56,33,22,0.74,0.9,1,1,1
777,356,263,43,45,0.11,0.84,229,227,290,50,15,19,0.74,0.4,2,0,1
186,337,294,67,13,0.37,0.72,210,341,281,32,51,12,0.42,0.6,5,1,1
564,372,221,32,27,0.53,0.42,442,281,28,57,44,25,0.51,0.6,3,1,0
557,65,186,71,81,0.33,0.79,297,586,154,36,3,11,0.87,0.6,5,1,1
81,156,481,56,72,0.48,0.67,337,53,67,40,80,5,0.38,1.0,1,0,1
393,381,406,73,105,0.4,0.31,417,165,289,41,116,14,0.86,0.6,5,1,0
429,98,224,36,100,0.16,0.45,441,176,271,62,114,15,0.82,0.9,1,0,0
82,25,413,74,57,0.03,0.93,484,267,201,40,61,8,0.55,1.0,0,0,1
550,142,416,42,114,0.41,0.39,551,86,158,36,100,7,0.61,0.8,0,0,1
93,287,205,79,73,0.38,0.71,518,74,280,51,100,19,0.88,1.0,0,0,1
741,261,484,64,88,0.82,0.99,912,572,147,56,34,10,0.72,0.6,1,0,1
745,13,396,53,0,0.51,0.34,723,308,180,69,106,1,0.33,1.0,5,0,0
269,67,94,50,36,0.6,0.9,422,474,244,64,62,12,0.4,0.8,0,0,0
224,53,253,76,30,0.28,0.55,472,525,162,42,34,23,0.9,1.0,0,0,1
221,305,434,51,46,0.64,0.52,818,170,299,67,101,19,0.94,1.0,2,1,0
792,253,172,67,105,0.65,0.39,547,242,165,55,9,0,0.67,0.9,1,0,1
761,147,140,48,13,0.31,0.53,234,182,257,61,41,20,0.85,1.0,5,1,0
527,364,173,62,89,0.81,0.95,544,556,62,44,59,12,0.43,0.4,3,0,1
596,139,62,71,110,0.12,0.83,619,259,288,35,63,22,0.66,0.8,3,1,1
110,328,214,54,2,0.01,0.64,640,314,297,70,106,5,0.39,0.6,1,0,0
642,185,421,34,101,0.81,0.64,533,423,73,70,75,24,0.85,0.4,0,0,0
354,305,112,62,54,0.98,0.62,253,576,117,45,4,1,0.75,1.0,10,0,0
622,298,64,53,94,0.85,0.65,385,216,210,48,81,16,0.45,0.4,3,0,1
609,178,339,79,3,0.06,0.47,894,568,111,34,68,20,0.85,0.6,5,0,0
565,371,276,78,105,0.66,0.46,114,281,249,37,80,4,0.36,0.8,0,1,1
189,82,431,66,107,0.17,0.56,260,486,199,39,72,8,0.6,1.0,10,0,0
211,371,339,39,46,0.22,0.46,831,589,219,62,92,22,0.39,1.0,5,0,0
116,344,254,56,93,0.63,0.95,822,354,45,58,16,22,0.73,0.9,0,0,0
499,84,102,31,73,0.11,0.5,280,158,132,80,99,20,0.49,0.8,10,0,0
643,200,479,43,53,0.19,0.31,510,303,280,33,3,12,0.44,0.6,0,0,1
633,307,409,56,50,0.21,0.46,347,488,35,65,39,1,0.83,0.8,2,0,1
273,173,128,34,88,0.61,0.81,789,73,223,62,24,24,0.56,0.6,2,1,0
666,227,377,64,38,0.39,0.6,925,128,220,44,83,3,0.53,0.8,10,0,0
453,250,260,36,74,0.67,0.72,146,164,271,52,58,3,0.66,1.0,5,0,1
572,384,380,51,47,0.18,0.61,159,417,211,48,115,6,0.91,0.9,0,0,1
649,141,425,32,81,0.97,0.96,361,419,298,48,19,12,0.62,0.9,2,1,1
235,380,141,38,3,0.47,0.31,344,63,45,39,40,7,0.86,0.9,0,0,1
341,350,484,46,97,0.59,0.87,516,383,141,41,99,3,0.89,0.6,1,0,1
688,78,134,39,2,0.31,0.89,366,283,25,77,28,8,0.54,0.4,10,0,0
551,156,118,37,8,0.57,0.83,825,153,187,42,60,4,0.73,0.9,0,0,1
516,398,158,65,100,0.04,1.0,778,506,225,55,85,25,0.96,0.8,10,0,0
346,24,410,47,40,0.66,0.67,186,461,252,38,71,6,0.6,0.8,5,0,1
72,172,98,80,10,0.37,0.44,418,173,197,73,103,11,0.9,1.0,3,0,0
445,279,49,59,112,0.51,0.64,520,270,44,32,5,15,0.56,1.0,3,0,1
422,97,340,39,23,0.27,0.84,753,500,95,58,25,7,0.43,1.0,3,1,0
641,282,88,39,5,0.06,0.68,215,594,291,78,10,9,0.68,0.8,10,1,0
185,385,427,63,46,0.45,0.55,307,430,291,80,47,3,0.34,0.9,0,0,1
419,271,32,38,66,0.32,0.86,732,275,48,79,19,24,0.82,1.0,3,1,0
672,329,141,65,120,0.14,0.94,694,591,188,33,41,20,0.57,0.4,10,1,0
506,382,455,38,93,0.74,0.35,441,413,248,54,110,21,0.44,1.0,0,0,1
201,388,136,43,73,0.6,0.34,737,59,146,32,14,16,0.77,0.9,3,0,0
395,361,105,61,95,0.41,0.44,809,64,295,48,67,0,0.61,0.4,1,1,1
558,70,363,47,115,0.37,0.77,772,454,198,48,83,0,0.72,0.9,0,0,1
567,353,256,65,36,0.71,0.5,184,70,15,71,105,21,0.32,1.0,2,0,1
333,234,91,62,111,0.02,0.88,993,135,108,32,52,2,0.39,0.8,1,0,1
188,14,98,67,89,0.93,0.71,544,500,227,56,58,7,0.73,0.6,3,0,0
352,273,500,69,97,0.34,0.38,321,598,268,75,43,14,0.39,0.9,10,0,0
203,245,56,69,117,0.44,0.48,841,334,265,51,115,8,0.9,0.6,0,0,0
386,327,162,62,79,0.39,0.58,107,191,160,65,94,15,0.37,0.8,1,0,1
591,70,134,44,3,0.27,0.71,439,466,54,50,103,6,0.87,0.6,0,0,0
90,133,388,63,15,0.68,0.61,651,275,226,31,82,9,0.99,0.6,0,0,0
531,97,49,46,77,0.31,0.3,123,194,204,38,64,18,0.88,0.6,10,0,0
401,185,459,50,62,0.63,0.33,414,412,83,44,46,24,0.82,0.8,3,1,1
746,70,387,37,27,0.44,0.63,164,141,180,55,16,19,0.37,1.0,1,0,1
741,217,43,63,53,0.17,0.46,767,515,149,40,94,2,0.79,0.9,0,0,0
706,260,209,51,37,0.56,0.33,251,323,201,67,34,15,0.34,0.6,1,0,1
465,295,306,35,74,0.66,0.65,126,505,63,52,27,1,0.85,0.6,3,1,1
460,231,90,52,28,0.99,0.71,489,148,36,60,2,8,0.31,0.9,10,1,0
665,112,403,53,51,0.32,0.91,668,67,50,61,62,18,0.65,1.0,1,0,1
709,148,63,51,116,0.6,0.71,291,437,147,69,108,2,0.97,0.6,3,1,0
734,76,151,56,71,0.06,0.43,707,88,86,49,99,2,0.72,0.4,2,0,0
242,73,453,50,21,0.33,0.86,422,454,258,30,98,12,0.58,0.4,0,0,1
729,207,87,49,68,0.67,0.97,920,208,13,73,5,18,0.73,0.8,10,0,0
633,76,488,67,84,0.73,0.93,971,593,273,42,8,20,0.38,0.9,0,0,1
168,257,234,62,93,0.28,0.99,715,283,176,75,86,8,0.41,0.9,0,0,1
199,51,270,36,108,0.73,0.56,948,548,26,31,63,12,0.97,0.6,10,0,0
671,136,180,71,36,0.82,0.85,177,356,104,51,96,15,0.87,0.4,5,0,1
130,278,396,63,43,0.22,0.69,411,532,138,74,103,2,0.42,0.8,3,0,0
331,236,102,76,11,0.44,0.7,566,340,182,49,78,18,0.46,0.8,0,1,1
321,268,251,51,10,0.58,0.89,963,418,179,62,98,24,0.81,0.8,5,0,0
312,310,140,60,17,0.5,0.54,163,414,181,31,78,24,0.31,0.6,2,1,1
171,183,228,76,10,0.23,0.64,396,379,65,50,64,19,0.73,1.0,0,0,1
402,125,84,63,52,0.35,0.32,597,583,182,53,113,24,0.63,1.0,2,0,0
274,290,224,33,44,0.41,0.8,730,212,149,46,111,11,0.97,0.8,3,0,0
581,24,336,42,81,0.52,0.56,235,577,181,57,22,3,0.39,0.9,0,1,1
648,144,201,76,58,0.51,0.4,754,180,156,50,54,15,0.75,0.9,0,1,1
287,319,141,32,19,0.23,0.53,859,107,72,72,7,24,0.58,1.0,2,0,0
364,16,375,39,49,0.37,0.66,731,255,26,64,30,18,0.74,0.8,0,0,1
300,349,411,59,113,0.17,0.7,366,69,211,30,71,1,0.52,1.0,0,0,1
677,85,89,53,55,0.13,0.83,894,504,291,78,19,23,0.72,0.6,5,0,0
745,325,441,41,59,0.06,0.93,391,224,23,42,11,21,0.34,0.6,10,1,1
148,56,186,44,6,0.59,0.93,284,585,148,53,83,7,0.94,0.6,0,0,0
467,127,435,56,33,0.04,0.79,631,442,255,36,102,23,0.8,0.4,3,1,0
623,378,69,42,10,0.58,0.59,899,573,19,42,21,15,0.88,0.8,5,0,0
354,165,253,54,7,0.6,0.96,120,399,225,36,83,2,0.35,0.8,5,1,1
107,381,59,42,109,0.28,0.37,805,69,134,48,15,3,0.86,0.8,5,1,0
585,173,389,74,114,0.59,0.7,501,491,247,77,25,1,0.82,0.8,10,0,0
63,199,318,67,58,0.74,0.75,832,533,262,70,58,4,0.96,0.4,2,0,0
617,96,301,46,101,0.86,1.0,179,124,157,56,95,6,0.58,1.0,0,0,1
733,271,162,42,24,0.51,0.77,677,303,81,45,47,2,0.36,0.8,3,0,1
780,180,249,39,20,0.67,1.0,350,290,149,68,3,5,0.3,0.6,0,0,1
447,337,33,46,82,0.49,0.7,103,130,213,59,107,18,0.54,0.6,1,1,0
208,315,236,63,39,0.51,0.41,603,137,244,76,115,21,0.78,0.4,5,1,0
426,114,306,41,88,0.75,0.84,953,99,187,71,107,15,0.6,1.0,3,0,1
277,396,178,33,25,0.49,0.7,837,135,172,41,84,12,0.78,0.8,5,1,0
466,139,381,35,78,0.06,0.37,968,383,39,35,3,8,0.69,0.8,1,1,0
251,146,152,49,73,0.7,0.82,403,184,34,65,73,17,0.31,0.9,5,0,0
476,62,430,79,112,0.41,0.6,819,512,196,74,22,3,0.5,0.6,10,1,0
176,124,160,35,55,0.54,0.46,817,406,13,65,58,5,0.81,0.4,5,0,0
577,58,494,48,31,0.16,0.48,339,585,97,51,56,5,0.61,0.9,10,1,0
129,25,359,46,4,0.43,0.97,199,200,240,43,23,14,0.93,0.8,2,0,1
746,369,68,41,58,0.71,0.69,741,476,233,66,116,1,0.43,0.9,1,1,0
272,14,265,44,58,0.49,0.92,738,576,111,49,34,14,0.65,1.0,1,1,1
720,81,72,54,75,0.85,0.36,287,115,11,62,93,24,0.67,0.8,0,0,1
102,313,57,65,75,0.01,0.39,859,259,112,62,43,21,0.41,0.6,0,0,0
504,213,238,74,15,0.34,0.72,203,496,140,60,112,9,0.47,0.6,3,0,1
653,306,285,63,61,0.88,0.52,931,200,102,63,24,4,0.6,0.9,10,0,0
633,234,498,34,101,0.4,0.53,531,562,124,45,69,13,0.71,0.6,5,0,0
753,244,98,71,74,0.87,0.92,695,564,244,61,78,5,0.3,0.8,3,0,1
466,159,488,76,3,0.53,0.8,626,355,261,53,117,3,0.52,0.9,0,0,1
344,300,122,45,63,0.03,0.51,118,214,136,79,109,21,0.45,0.8,0,0,0
788,103,452,35,33,0.84,0.43,718,585,106,63,62,13,0.7,0.9,10,0,0
698,384,139,33,19,0.38,0.59,526,425,37,66,96,24,0.43,0.6,5,1,0
139,159,144,76,6,0.25,0.89,335,289,171,41,32,3,0.78,0.4,2,1,0
326,31,173,65,6,0.98,0.91,409,510,114,54,20,18,0.62,0.6,0,0,1
243,204,317,33,95,0.21,0.94,158,435,200,70,65,25,0.6,1.0,5,0,0
204,327,275,30,29,0.63,0.44,573,341,112,72,116,6,0.5,0.8,0,1,0
401,258,91,72,43,0.57,0.33,805,593,253,35,8,16,0.85,0.9,0,0,0
531,212,270,30,77,0.28,0.36,471,228,10,51,110,2,0.48,1.0,0,0,1
238,289,41,31,2,0.83,0.6,551,210,109,46,78,21,0.87,0.4,0,0,0
794,242,185,66,9,0.48,0.94,473,190,152,60,99,24,0.46,1.0,0,0,1
294,291,66,67,52,0.13,0.8,306,93,94,69,75,1,0.8,0.6,5,1,0
603,246,41,72,8,0.89,0.39,232,529,53,73,97,14,0.44,1.0,0,1,0
744,243,468,55,48,0.65,0.81,194,479,141,69,117,22,0.41,0.9,3,0,1
586,190,408,45,39,0.45,0.97,459,105,137,56,81,6,0.5,0.8,2,1,1
291,347,111,34,93,0.69,0.86,876,485,203,76,6,15,0.75,0.8,5,1,0
644,23,442,57,1,0.99,0.97,415,224,96,59,75,3,0.58,1.0,1,0,1
583,21,97,38,117,0.42,0.45,372,73,168,41,34,20,0.39,1.0,3,1,1
573,381,242,72,107,0.52,0.44,878,301,204,77,49,19,0.46,0.9,3,0,1
135,29,172,49,18,0.46,0.95,884,115,140,73,110,6,0.4,0.9,2,1,0
540,324,399,76,69,0.04,0.81,303,310,245,76,31,0,0.59,1.0,0,0,1
223,149,279,54,111,0.12,0.87,742,252,75,52,62,11,0.34,0.9,10,0,0
573,195,292,37,86,0.53,0.87,848,203,166,48,62,8,0.62,0.8,1,1,1
542,276,495,46,78,0.05,0.93,366,257,292,59,30,8,0.63,0.4,0,0,1
178,165,415,77,98,0.26,0.48,217,478,67,66,120,4,0.46,0.6,2,0,1
182,124,34,61,99,0.88,1.0,390,369,58,63,69,25,0.36,0.4,1,1,0
334,276,41,55,55,0.41,0.53,159,507,22,55,22,2,0.85,0.4,10,0,0
79,350,133,32,104,0.99,0.64,469,131,138,39,90,22,0.76,0.9,2,1,0
660,294,66,54,81,0.19,0.45,379,494,274,68,114,6,0.75,0.4,1,0,0
540,320,97,56,103,0.25,0.4,780,60,27,56,58,8,0.33,0.8,3,1,1
637,252,88,60,92,0.26,0.72,538,551,65,47,88,6,0.63,0.8,0,0,1
605,40,308,80,100,0.41,0.98,903,531,171,41,57,13,0.88,0.4,0,1,1
790,326,353,40,116,0.11,0.36,468,374,268,74,24,1,0.63,0.6,0,0,0
176,299,216,35,65,0.14,0.62,984,435,264,59,6,13,0.43,0.6,5,0,0
188,334,224,45,85,0.9,0.88,572,254,12,79,81,16,0.67,0.6,0,1,1
663,391,228,56,96,0.82,0.86,656,459,19,79,56,25,0.43,0.6,1,0,1
335,167,172,63,106,0.13,0.53,197,519,115,30,63,18,0.96,0.4,5,1,0
533,120,481,78,119,0.29,0.69,388,110,143,54,93,4,0.42,0.6,0,0,1
567,94,480,42,101,0.89,0.8,159,511,126,34,26,5,0.91,0.6,0,1,1
778,364,267,56,42,0.11,0.77,398,543,125,73,46,25,0.77,0.8,0,0,0
261,118,391,67,86,0.77,0.5,442,457,184,69,104,22,0.82,0.4,0,0,0
608,149,194,71,19,0.93,0.39,472,530,257,41,98,9,0.59,0.8,0,1,1
616,236,175,53,31,0.4,0.85,718,327,224,52,63,3,0.69,0.8,0,0,1
305,299,301,76,94,0.99,0.67,932,337,252,31,31,2,0.41,0.8,5,0,1
792,262,389,66,87,0.02,0.46,147,253,271,61,44,23,0.94,0.8,0,0,1
195,301,375,61,19,0.8,0.62,661,165,190,63,54,0,0.51,0.6,10,0,0
69,42,102,50,11,0.74,0.84,281,379,199,42,43,2,0.47,1.0,1,0,0
586,241,113,77,12,0.49,0.55,429,597,78,67,46,0,0.87,0.6,1,1,0
417,10,427,41,105,0.77,0.35,625,340,200,63,2,9,0.51,0.6,0,0,1
695,16,133,67,31,0.5,0.43,957,167,120,77,19,2,0.52,0.8,0,0,1
356,365,326,30,28,0.9,0.57,212,573,40,66,45,25,0.72,0.6,0,0,0
771,193,78,80,57,0.43,0.83,756,405,263,58,58,19,0.57,0.8,3,0,0
79,246,145,77,100,0.26,0.31,661,97,263,30,102,8,1.0,0.8,1,0,0
772,146,454,57,85,0.98,0.45,829,282,102,33,15,22,0.61,0.4,2,0,1
315,208,85,75,40,0.23,0.8,704,443,68,64,107,10,0.58,0.6,0,1,0
535,193,296,49,21,0.71,0.88,168,186,18,50,75,20,0.89,0.6,2,0,1
176,379,244,72,25,0.55,0.41,894,554,55,53,6,6,0.77,0.6,2,0,0
187,84,305,55,72,0.97,0.96,829,414,176,37,104,11,0.88,0.9,3,0,0
767,309,296,49,3,0.77,0.81,856,415,158,40,76,9,0.94,1.0,3,1,1
224,126,241,64,110,0.48,0.53,436,175,113,39,106,11,0.74,0.9,0,1,1
50,306,83,59,50,0.07,0.53,540,531,92,70,43,18,0.48,0.9,2,1,0
169,315,122,80,40,0.89,0.63,135,404,127,48,97,16,0.46,1.0,0,0,1
535,117,83,72,44,0.95,0.64,775,144,222,53,65,10,0.63,1.0,0,0,1
543,68,251,77,49,0.98,0.55,834,351,123,80,110,25,0.8,0.6,0,1,0
114,125,416,64,68,0.31,0.87,496,402,183,56,100,19,0.72,0.9,3,0,0
162,196,335,74,36,0.8,0.99,151,415,94,33,54,9,0.71,0.4,10,0,0
105,368,475,76,69,0.77,0.3,760,47,153,45,2,11,0.54,0.8,0,0,1
630,252,271,43,51,0.12,0.49,792,174,178,40,69,22,0.9,0.8,5,0,0
83,182,93,79,106,0.3,0.59,275,368,94,45,10,6,0.89,0.9,10,0,0
502,363,376,34,111,0.59,0.61,813,207,283,62,0,0,0.9,1.0,10,0,0
778,130,275,80,36,0.4,0.31,776,575,123,57,90,25,0.64,0.4,5,0,0
422,344,250,56,36,0.62,0.98,248,65,177,32,30,17,0.45,0.8,0,0,1
536,178,328,68,109,0.91,0.74,463,480,123,43,52,5,0.42,0.4,1,0,1
158,314,221,42,6,0.54,0.97,169,64,23,60,83,25,0.95,0.8,5,1,1
460,312,365,58,100,0.59,0.99,169,497,153,65,30,24,0.91,0.8,0,0,1
347,175,99,42,120,0.71,0.98,646,271,234,32,50,21,0.9,0.6,5,1,0
203,118,223,40,58,0.62,0.74,620,85,145,60,30,24,0.47,0.9,2,1,1
632,259,395,35,68,0.71,0.77,182,488,159,45,112,17,0.97,0.6,5,0,0
294,103,430,53,38,0.8,0.67,158,442,192,80,2,6,0.96,1.0,2,0,1
632,346,164,56,67,0.55,0.7,894,578,212,69,111,0,0.65,0.4,3,0,0
435,169,219,68,23,0.89,0.86,916,531,278,55,79,2,0.69,0.8,10,0,0
130,45,226,65,26,0.64,0.45,594,471,244,59,96,4,0.75,0.8,2,1,0
792,57,150,52,42,0.58,0.73,206,494,141,60,13,10,0.97,0.6,0,0,1
719,25,357,54,52,0.25,0.96,683,435,46,53,96,9,0.89,0.4,0,0,1
332,317,316,71,71,0.15,0.37,831,584,284,30,75,17,0.83,1.0,0,0,1
611,325,152,67,7,0.9,0.92,663,395,149,80,112,24,0.41,0.4,0,0,0
557,306,345,39,1,0.57,0.96,725,530,257,30,32,20,0.43,0.8,10,0,0
156,41,139,40,86,0.8,0.34,236,138,208,46,35,2,0.97,1.0,10,0,0
644,106,110,42,55,0.34,0.81,106,517,111,72,61,7,0.75,0.9,0,1,0
226,270,338,53,111,0.45,0.65,697,142,191,74,45,12,0.48,1.0,3,0,1
225,136,119,65,66,0.56,1.0,196,358,18,79,105,14,0.9,0.9,1,1,0
198,29,176,67,79,0.61,0.64,150,187,203,41,21,17,0.86,0.4,3,1,1
581,178,205,50,114,0.44,0.44,547,351,191,30,40,13,0.86,0.8,3,0,1
169,163,41,49,43,0.8,0.48,136,557,252,46,84,13,0.57,0.8,10,0,0
468,27,394,35,61,0.36,0.43,148,136,97,66,82,9,0.57,0.8,0,0,1
683,248,423,48,91,0.08,0.37,987,151,213,79,94,25,0.87,1.0,10,1,0
415,239,279,80,4,0.22,0.84,189,183,116,49,93,19,0.38,0.6,0,0,1
736,274,292,78,74,0.34,0.91,970,238,142,79,91,10,0.69,0.8,0,1,1
616,326,128,37,115,0.52,0.86,487,482,178,43,90,5,0.43,0.8,10,0,0
163,98,49,63,48,0.91,0.98,437,177,24,75,85,16,0.47,1.0,0,1,0
233,394,72,78,111,0.53,0.92,926,439,249,72,69,21,0.65,0.9,0,0,0
776,115,489,54,9,0.87,0.66,626,374,258,48,56,15,0.96,0.4,10,0,0
623,60,218,41,40,0.85,0.65,420,60,102,71,113,15,0.38,1.0,1,0,1
310,363,488,40,85,0.84,0.71,218,352,246,66,94,2,0.55,1.0,2,0,1
328,320,437,45,95,0.19,0.96,567,232,295,64,45,7,0.94,0.8,3,0,0
595,287,489,42,108,1.0,0.5,195,244,192,80,107,19,0.83,0.4,5,0,0
600,78,286,56,98,0.0,0.65,822,186,280,31,29,7,0.96,1.0,3,0,1
542,45,432,61,94,0.64,0.31,949,216,273,78,109,9,0.36,0.8,10,1,0
756,397,228,48,58,0.89,1.0,423,264,225,78,67,11,0.77,0.4,5,0,0
149,380,132,76,110,0.11,0.87,705,598,280,54,37,13,0.8,0.8,2,1,0
68,37,33,76,77,0.97,0.32,550,392,266,50,113,18,0.86,0.8,0,0,0
589,222,83,52,63,0.77,0.74,491,325,52,66,81,2,0.41,0.9,2,1,1
731,310,168,78,39,0.52,0.54,584,83,197,75,22,25,0.74,1.0,1,1,1
215,345,109,30,97,0.11,0.98,234,45,102,58,99,11,0.48,0.8,3,0,1
677,400,158,38,88,0.13,0.85,830,549,210,33,96,9,0.66,1.0,3,0,0
233,391,185,44,29,0.64,0.41,113,408,131,50,88,1,0.42,0.9,0,0,1
723,352,225,35,113,0.46,0.91,674,178,131,69,9,2,0.44,0.8,0,1,1
800,213,243,41,16,0.45,0.32,272,422,47,31,94,12,0.32,0.8,1,0,1
220,370,35,78,17,0.55,0.43,102,120,226,49,52,19,0.88,0.6,2,0,1
381,261,413,77,35,0.32,0.33,977,492,114,51,112,21,0.94,0.6,0,0,0
635,304,352,41,80,0.86,0.5,815,596,272,44,31,18,0.74,0.8,0,1,1
574,240,191,53,108,0.42,0.76,328,461,95,75,82,3,0.52,0.4,3,1,1
377,251,93,50,15,0.43,0.91,951,77,175,65,82,10,0.85,0.4,2,1,0
288,228,388,47,67,0.03,0.44,840,169,186,60,119,8,0.8,1.0,10,1,0
275,116,140,72,89,0.93,0.89,710,346,116,75,99,18,0.88,0.6,5,0,0
791,333,46,53,91,0.36,0.48,680,559,60,41,105,0,0.32,1.0,0,0,1
787,214,170,65,12,0.01,0.79,686,270,186,43,81,18,0.72,0.8,10,0,0
520,204,409,62,40,0.96,0.76,154,165,185,32,2,23,0.79,1.0,0,1,1
233,87,334,78,2,0.41,0.47,884,456,187,48,70,23,0.38,1.0,2,0,0
739,263,379,73,19,0.48,0.63,708,490,96,41,45,8,0.75,0.8,5,1,1
373,247,123,73,78,0.5,0.47,633,204,83,80,39,12,0.74,0.6,2,1,0
437,395,171,45,29,0.07,0.51,526,338,18,55,45,3,0.81,1.0,10,0,0
798,213,190,75,48,0.78,0.67,866,453,225,53,100,11,0.61,0.8,0,1,1
657,298,47,39,47,0.88,0.43,146,585,204,77,96,24,0.39,0.8,1,1,0
456,22,141,43,2,0.7,0.89,540,292,92,78,51,3,0.83,0.4,0,1,0
782,37,494,58,78,0.49,0.42,327,409,139,64,17,16,0.8,0.8,0,1,1
638,304,167,54,38,0.27,0.5,854,167,68,63,56,22,0.48,0.8,10,0,0
75,295,312,52,1,0.98,0.88,236,544,90,36,38,16,0.81,0.6,3,0,0
369,64,115,61,5,0.37,0.65,274,553,202,70,59,12,0.7,1.0,2,0,0
57,362,57,46,5,0.13,0.82,613,408,52,36,2,14,0.34,0.6,0,0,0
354,54,198,30,120,0.49,0.81,223,54,26,56,105,1,0.38,0.8,3,0,1
557,37,41,76,112,0.25,0.53,399,548,292,70,96,10,0.54,0.4,5,1,0
434,41,370,65,14,0.63,0.47,801,149,246,59,103,9,0.99,0.4,5,0,0
499,318,338,60,51,0.24,0.87,266,485,95,74,69,5,0.32,0.4,0,0,1
667,152,320,58,27,0.06,0.85,866,469,27,58,37,14,0.96,1.0,10,0,0
221,291,310,76,29,0.79,0.88,899,242,229,73,50,8,0.82,1.0,0,0,1
544,216,380,72,46,0.48,0.95,723,367,105,35,24,2,0.87,0.9,1,0,1
156,55,88,72,67,0.22,0.94,826,196,81,35,72,21,0.51,1.0,0,0,1
184,249,130,30,22,0.46,0.46,605,73,41,59,92,8,0.77,0.9,0,0,0
390,210,88,35,68,0.81,0.76,437,552,65,50,64,6,0.96,0.4,0,0,0
585,135,226,45,62,0.04,0.69,794,238,119,79,46,6,0.65,0.8,0,0,0
632,246,68,74,72,0.73,0.63,167,505,135,47,63,7,0.31,0.4,10,0,0
152,249,159,71,8,0.22,0.46,165,144,48,63,109,14,0.99,0.6,0,1,1
581,109,119,62,81,0.89,0.6,770,404,266,31,79,21,0.98,0.9,0,1,1
175,181,472,57,57,0.47,0.61,351,471,210,64,86,7,0.66,0.4,3,0,0
601,305,170,54,119,0.79,0.7,935,176,94,75,56,3,0.41,1.0,0,0,1
627,43,313,68,34,0.01,0.59,589,156,59,78,83,19,1.0,1.0,2,0,1
317,249,489,30,68,0.82,0.3,208,595,201,76,63,1,0.39,1.0,0,0,1
141,288,144,40,78,0.64,0.64,777,393,246,64,26,11,0.31,0.6,0,0,0
405,73,373,38,19,0.97,0.96,602,250,271,44,8,15,0.99,0.6,0,0,1
357,191,299,59,45,0.63,0.96,444,170,165,31,116,0,0.72,0.4,10,1,0
742,177,256,69,65,0.49,0.65,257,388,181,30,15,2,0.67,0.6,0,0,1
206,158,322,31,31,0.74,0.85,296,203,253,30,12,20,0.87,0.8,0,1,1
147,218,474,41,42,0.73,0.76,793,434,61,37,16,18,0.92,1.0,0,0,1
607,136,235,78,50,0.71,0.85,593,86,220,78,87,12,0.6,1.0,3,0,1
434,323,454,37,86,0.72,0.83,746,520,239,71,106,12,0.66,0.4,5,1,0
244,221,81,36,32,0.82,0.63,915,261,254,77,22,6,0.64,0.8,3,0,0
546,381,422,69,63,0.54,0.46,279,452,22,58,93,0,0.75,0.9,3,0,1
611,358,248,33,10,0.51,0.94,811,217,232,77,18,23,0.7,1.0,2,0,0
291,186,213,32,38,0.5,0.71,929,220,132,36,103,15,0.45,0.9,0,0,1
638,42,44,64,9,0.68,0.62,988,119,181,76,101,8,0.5,1.0,0,0,0
70,49,90,61,77,0.13,0.38,725,522,263,56,29,24,0.85,0.9,10,0,0
228,396,235,70,63,0.47,0.97,915,93,273,65,54,21,0.92,0.6,0,1,1
392,347,448,70,69,0.33,0.63,733,107,99,34,30,24,0.61,0.8,0,0,1
638,337,47,35,49,0.67,0.94,616,57,159,46,49,19,0.94,0.9,1,1,0
117,162,177,72,28,0.3,0.56,932,332,43,60,90,23,0.7,0.4,10,1,0
172,210,109,40,58,0.36,0.34,382,251,174,41,19,4,0.67,0.6,5,0,0
247,90,404,72,60,0.18,0.34,657,537,103,58,102,5,0.88,0.8,2,1,0
134,17,222,78,35,0.06,0.98,925,356,161,65,35,21,0.52,0.9,1,0,0
471,99,301,74,40,0.73,0.54,545,68,186,43,13,0,0.91,1.0,2,1,1
585,310,268,62,114,0.69,0.75,742,378,159,76,63,18,0.58,0.4,2,0,0
83,373,203,76,31,0.19,0.86,124,348,80,39,26,4,0.67,0.4,10,0,0
118,286,405,61,109,0.03,0.35,688,492,45,76,74,24,0.73,0.8,0,0,0
543,267,250,63,9,0.35,0.49,833,499,207,51,78,1,0.34,0.4,5,0,0
579,210,163,54,62,0.27,0.62,777,569,279,64,101,1,0.68,0.6,0,0,0
651,129,500,33,66,0.59,0.76,456,264,174,43,38,24,0.9,1.0,3,1,1
498,105,464,36,98,0.84,0.66,563,342,100,60,60,15,0.71,0.9,10,1,0
117,319,335,31,26,0.91,0.41,222,561,84,50,107,6,0.64,1.0,1,0,0
138,172,482,48,12,0.63,0.33,621,193,17,37,33,11,0.78,0.9,2,1,1
117,92,56,59,48,0.45,0.61,995,254,108,45,28,12,0.8,0.6,10,0,0
75,285,217,69,77,0.33,0.35,532,316,105,55,113,3,0.39,0.8,5,1,0
466,208,122,36,18,0.82,0.66,921,446,293,38,40,7,0.83,0.8,2,0,0
649,116,95,52,17,0.83,0.47,252,88,52,73,116,18,0.62,0.8,0,0,1
425,25,295,52,52,0.37,0.85,357,305,196,76,56,22,0.72,0.6,5,0,0
739,204,323,33,11,0.77,0.57,571,156,111,34,120,23,0.97,0.4,2,1,1
694,97,278,77,13,0.11,0.84,780,401,62,77,41,0,0.63,0.8,10,0,0
527,22,489,52,102,0.53,0.79,930,232,227,32,47,22,0.68,0.6,1,1,1
159,330,172,36,86,0.56,0.44,479,76,137,54,17,19,0.5,0.6,3,0,0
447,280,200,60,67,0.53,0.98,372,263,246,59,102,4,0.39,0.8,0,0,1
326,299,342,45,71,0.97,0.61,744,499,90,47,103,20,0.67,0.4,1,0,0
403,325,375,45,82,0.33,0.41,696,266,271,37,28,8,0.63,1.0,0,0,1
722,112,94,63,47,0.3,0.77,972,262,266,77,110,8,0.58,0.6,0,0,0
131,37,421,70,76,0.88,0.57,978,571,187,37,95,9,0.82,0.6,0,0,0
780,177,346,77,30,0.98,0.87,329,568,220,72,21,17,0.9,0.9,3,0,1
523,161,136,72,120,0.41,0.96,306,474,209,70,106,7,0.5,1.0,1,0,1
572,82,230,40,104,0.24,0.93,1000,335,112,64,96,19,0.88,0.6,0,0,0
691,111,382,37,43,0.93,0.96,127,524,232,35,61,17,0.96,0.6,0,0,1
690,190,378,39,110,0.98,0.94,469,374,64,74,89,4,0.8,0.4,0,1,1
147,202,82,63,3,0.63,0.59,407,578,146,49,100,10,0.97,0.6,5,0,0
356,211,182,55,101,0.44,0.45,309,104,63,54,72,10,0.34,0.8,0,0,1
312,308,245,56,65,0.16,0.4,286,509,171,65,45,20,0.7,0.9,0,0,0
776,230,169,72,11,0.36,0.52,879,123,164,41,60,13,0.6,1.0,0,0,1
380,88,221,57,34,0.41,0.68,667,59,233,32,23,0,0.8,0.6,5,1,1
207,112,142,80,103,0.5,0.89,713,295,165,77,1,16,0.8,0.9,0,0,0
347,368,233,36,105,0.32,0.31,379,222,46,55,109,20,0.77,0.8,0,1,0
120,228,443,31,28,0.76,0.64,684,497,247,63,118,7,0.9,0.9,1,1,0
554,162,147,64,74,0.21,0.55,235,566,42,32,119,24,0.88,0.4,0,0,1
733,284,499,58,61,0.54,0.76,650,372,223,47,61,11,0.46,1.0,0,1,1
361,80,58,34,20,0.87,0.92,282,289,268,47,15,9,0.36,0.9,5,1,0
155,287,344,73,17,0.04,0.41,301,425,111,38,64,23,0.86,1.0,5,0,0
56,366,376,59,91,0.99,0.52,984,536,180,71,60,15,0.72,0.8,0,0,0
447,186,148,45,23,0.4,0.96,182,144,13,32,17,24,0.99,1.0,0,0,1
661,94,396,66,20,0.62,0.49,925,545,65,79,67,23,0.65,0.8,2,0,0
95,400,443,38,102,0.17,0.98,204,381,216,56,72,14,0.54,0.6,2,0,1
664,131,431,80,114,0.82,0.33,166,433,266,77,46,22,0.85,0.6,1,1,1
477,213,396,51,114,0.14,0.84,613,170,157,38,62,13,0.51,0.8,2,1,1
230,163,417,49,84,0.75,0.67,741,590,161,60,35,21,0.69,0.6,3,1,0
313,113,429,47,32,0.69,0.4,522,340,110,72,21,14,0.52,0.4,10,0,0
401,83,57,57,64,0.09,0.84,560,52,200,44,102,19,0.62,1.0,0,0,1
463,68,440,63,109,0.11,0.33,441,223,39,38,73,18,0.67,1.0,0,1,1
326,308,69,74,29,0.29,0.86,501,410,35,38,66,22,0.85,1.0,0,0,1
312,104,206,58,29,0.99,0.98,924,511,125,63,40,9,0.65,1.0,0,0,0
215,185,175,68,106,0.88,0.42,418,541,288,32,93,18,0.65,0.6,5,0,0
105,262,489,59,82,0.5,0.92,684,273,279,78,97,2,0.53,0.8,1,0,1
231,393,90,36,56,0.19,0.5,304,236,87,57,74,0,0.5,0.9,10,0,0
502,296,137,57,5,0.6,0.43,610,473,261,47,92,21,0.94,0.6,5,0,0
209,300,45,63,102,0.19,0.38,840,395,117,64,74,5,0.37,0.4,2,0,0
678,248,251,53,83,0.56,0.67,488,253,286,76,117,6,0.49,0.4,3,0,0
585,275,81,34,3,0.58,0.52,917,87,118,45,116,9,0.33,0.4,0,1,0
409,56,434,31,24,0.39,0.51,714,530,69,56,23,14,0.45,1.0,10,1,0
182,212,93,65,104,0.15,0.36,863,549,184,80,13,21,0.78,0.8,0,0,0
495,192,376,49,31,0.08,0.92,269,166,83,61,28,7,0.86,0.4,10,0,0
165,24,441,30,6,0.69,0.93,791,207,129,79,28,6,0.38,1.0,3,0,0
667,149,125,59,96,0.47,0.94,415,63,32,72,51,10,0.76,0.6,10,0,0
397,86,132,39,109,0.13,0.45,482,406,186,58,25,5,0.74,0.4,0,0,0
306,19,183,62,87,0.65,0.45,203,65,157,42,35,1,0.37,0.8,0,0,1
343,32,282,37,72,0.03,0.77,235,152,98,69,34,12,0.8,0.8,5,1,0
335,301,46,68,68,0.94,0.7,445,313,16,76,17,14,0.49,0.8,0,0,1
512,327,448,31,87,0.29,0.59,524,501,89,39,65,11,0.8,0.4,5,1,0
383,31,399,80,63,0.29,0.72,458,548,260,60,17,21,0.74,0.8,5,0,0
117,305,110,77,66,0.77,0.96,839,366,122,36,115,5,0.56,1.0,0,1,1
256,249,405,51,88,0.56,0.87,948,426,202,62,83,12,0.71,1.0,5,0,0
491,366,298,54,55,0.92,0.89,791,277,162,63,2,24,0.3,1.0,5,0,1
403,21,468,55,102,0.9,0.51,151,298,143,49,69,13,0.83,0.9,10,0,1
234,257,158,41,74,0.61,0.75,659,120,83,43,43,18,0.82,0.4,0,1,1
343,11,55,64,6,0.3,0.4,576,340,55,39,117,10,0.68,0.8,3,0,0
520,359,211,56,64,0.44,0.43,115,205,149,48,113,1,0.82,1.0,10,1,1
778,377,70,67,103,0.54,0.86,746,150,171,75,19,4,0.71,0.8,0,1,1
368,163,82,35,64,0.39,0.81,331,59,70,30,90,6,0.73,0.4,1,0,1
743,39,90,74,56,0.03,0.86,765,448,142,74,15,9,0.85,0.9,0,0,0
271,35,97,56,73,0.48,0.57,141,356,236,80,71,25,0.98,0.9,1,1,0
696,84,351,33,11,0.71,0.93,554,322,258,47,97,13,0.31,0.6,1,1,1
57,377,106,75,85,0.16,0.94,631,239,74,72,79,18,0.66,1.0,5,1,0
790,173,456,78,30,0.61,0.43,538,581,263,63,47,15,0.37,0.8,2,0,1
723,308,418,33,66,0.48,0.44,663,244,54,51,74,7,0.37,0.8,2,0,1
683,50,302,40,101,0.44,0.38,955,340,93,30,38,13,0.55,0.6,2,1,1
153,236,250,45,23,0.87,0.86,359,503,56,54,56,21,0.55,0.6,2,1,0
595,189,276,58,68,0.67,0.49,407,320,143,59,97,15,0.68,0.9,5,1,0
447,119,369,48,41,0.64,0.69,489,569,88,68,13,24,0.35,1.0,1,0,1
341,350,327,80,67,0.38,0.73,467,513,246,54,52,1,0.7,0.8,0,0,1
718,235,153,33,18,0.12,0.7,992,293,237,59,40,7,0.43,0.4,2,1,0
536,216,265,41,49,0.67,0.86,815,409,122,75,91,12,0.5,0.6,3,1,0
349,68,393,37,85,0.74,0.45,601,313,143,58,28,5,0.46,0.4,3,0,0
419,222,170,71,92,0.7,0.37,666,182,16,38,2,17,0.75,0.4,0,1,1
190,363,111,80,23,0.45,0.7,594,573,292,79,111,8,0.41,0.8,0,0,0
650,322,83,41,5,0.42,0.72,910,445,176,46,119,16,0.53,0.6,10,1,0
607,318,102,60,1,0.23,0.32,124,190,230,70,47,21,0.62,1.0,0,0,1
640,276,172,42,48,0.69,0.56,770,103,138,78,69,19,0.79,1.0,5,0,0
594,374,232,66,18,0.42,0.85,640,557,138,35,60,20,0.93,1.0,3,0,1
670,11,455,30,109,0.0,0.85,568,183,54,42,35,19,0.82,0.9,1,1,1
318,35,89,72,97,0.71,0.42,893,144,198,36,75,7,0.62,0.6,3,1,0
699,29,147,66,118,0.98,0.41,113,169,70,70,25,18,0.77,0.8,0,0,1
230,175,419,30,78,0.51,0.97,715,193,173,70,9,13,0.88,0.9,10,0,0
539,27,62,60,27,0.4,0.6,897,111,166,76,44,23,0.62,0.6,0,0,0
772,125,103,47,55,0.79,0.68,195,236,106,31,55,2,0.59,0.8,10,1,1
307,394,230,52,76,0.5,0.47,814,358,192,34,14,4,0.33,1.0,2,1,1
200,286,52,35,2,0.88,0.96,803,189,72,43,68,25,0.58,0.6,3,1,0
115,63,365,46,52,0.41,0.37,817,456,45,47,53,11,0.68,0.4,0,0,0
123,64,239,47,41,0.36,0.63,563,388,295,40,108,15,0.7,0.9,1,0,0
515,375,169,45,10,0.45,0.57,885,45,271,54,89,3,0.39,0.4,0,1,1
363,310,185,43,10,0.93,0.33,278,159,83,80,102,25,0.89,0.6,0,1,0
424,308,33,34,20,0.03,0.41,961,199,42,55,24,13,0.85,0.8,1,1,0
337,72,298,57,2,0.29,0.59,576,378,176,53,22,25,0.96,0.6,0,1,0
508,314,123,73,28,0.54,0.84,289,104,133,43,91,22,0.56,1.0,0,0,1
754,299,270,37,0,0.12,0.92,223,155,278,33,26,12,0.45,0.9,5,1,1
227,187,80,54,69,0.16,0.6,930,551,168,65,29,14,0.81,1.0,0,1,0
702,246,319,34,8,0.8,0.99,849,453,119,75,87,1,0.67,0.8,2,0,0
326,191,376,60,94,0.49,0.85,681,136,224,36,83,14,0.76,0.8,0,0,1
494,83,55,70,110,0.38,0.69,304,90,278,37,45,12,0.41,1.0,0,0,1
346,396,338,57,26,0.98,0.86,823,413,280,72,38,24,0.4,0.8,10,0,0
391,41,420,38,104,0.14,0.97,433,211,176,59,10,3,0.46,0.8,3,0,1
194,191,178,49,89,0.49,0.61,718,453,184,32,109,23,0.63,0.6,10,1,0
568,190,200,39,120,0.21,0.43,638,256,47,51,98,19,0.91,0.8,2,0,0
281,330,168,40,46,0.8,0.82,368,459,171,41,103,14,0.32,0.4,5,0,0
271,253,107,61,120,0.93,0.52,274,340,247,77,100,4,0.43,0.9,0,0,1
84,122,258,31,67,0.71,0.52,877,520,89,36,25,5,0.97,1.0,10,1,0
386,153,342,36,80,0.77,0.78,757,269,177,75,99,0,0.48,0.4,0,1,0
458,158,91,53,70,0.95,0.31,900,520,274,40,34,0,0.6,1.0,0,0,0
175,168,140,51,64,0.05,0.57,658,369,246,34,83,12,0.35,1.0,2,1,0
334,345,199,45,60,0.0,0.6,665,174,292,38,15,6,0.33,0.6,0,0,1
412,113,318,31,19,0.97,0.77,464,235,172,72,49,25,0.36,1.0,10,0,0
508,359,355,30,101,0.35,0.99,459,217,293,71,47,18,0.48,0.8,0,0,1
622,360,128,52,33,0.02,0.41,348,339,156,71,78,17,0.74,0.9,0,0,0
644,101,58,75,78,0.92,0.57,777,160,226,32,18,9,0.73,1.0,0,1,1
609,105,314,66,59,0.12,0.97,655,503,267,46,109,9,0.39,0.9,0,0,1
709,312,419,43,119,0.94,0.94,765,357,53,51,119,0,0.78,1.0,5,0,1
103,249,53,55,36,0.2,0.83,578,487,104,46,110,14,0.38,0.9,2,0,0
61,170,455,63,33,0.91,0.94,370,183,211,79,22,21,0.85,1.0,0,1,1
594,331,258,77,85,0.17,0.33,342,196,85,46,11,8,0.37,0.9,1,0,1
678,301,481,42,23,0.73,0.65,160,137,24,46,22,13,0.81,0.6,0,0,1
776,124,406,50,5,0.93,0.33,916,221,224,48,108,1,0.62,0.4,1,0,1
97,76,222,33,111,0.78,0.47,666,331,171,67,28,6,0.89,0.6,0,0,0
172,201,166,55,33,0.68,0.42,929,233,178,34,40,16,0.57,0.9,0,0,0
688,228,177,47,86,0.74,0.8,394,424,47,79,19,1,0.86,0.4,2,0,0
94,336,314,57,12,0.47,0.45,444,295,204,65,85,1,0.81,1.0,0,0,0
194,342,189,39,76,0.09,0.8,134,70,141,80,10,0,0.63,0.6,3,1,1
788,147,84,74,101,0.96,0.36,1000,398,216,43,93,21,0.86,0.6,2,0,0
670,172,419,48,112,0.39,0.81,830,447,234,57,81,22,0.68,0.4,10,0,0
153,392,413,62,120,0.83,0.76,458,209,31,51,75,11,0.82,0.6,2,1,1
132,79,111,50,67,0.53,0.96,983,205,115,32,78,14,0.91,0.9,5,0,0
464,250,95,55,78,0.96,0.89,816,423,160,48,25,17,0.98,0.4,0,0,0
193,32,495,48,83,0.66,0.69,786,273,227,70,77,17,0.95,0.9,2,1,0
178,30,104,53,35,0.07,0.61,650,116,238,62,28,2,0.8,0.6,10,0,0
61,112,383,35,116,0.1,0.63,286,174,177,46,19,25,0.53,0.6,2,0,0
785,268,164,70,98,0.23,0.78,617,331,66,42,47,14,0.57,1.0,0,1,1
242,374,314,62,119,0.62,0.99,764,370,141,78,51,5,0.71,0.6,5,1,0
236,377,287,31,32,0.8,0.84,947,244,250,64,19,24,0.37,0.4,2,0,0
185,119,165,65,110,0.17,0.74,551,79,188,32,110,20,0.85,0.4,0,0,1
378,353,95,46,105,0.22,0.88,865,199,63,66,4,3,0.52,0.4,3,1,0
359,37,481,60,49,0.27,0.79,252,293,217,80,2,12,0.33,1.0,1,0,1
94,161,66,54,65,0.94,0.67,998,373,114,70,81,1,0.8,0.4,5,1,0
426,283,471,50,40,0.57,0.54,927,492,98,75,24,14,0.68,0.6,0,1,0
175,204,119,72,118,0.55,0.72,466,126,97,61,115,15,0.53,0.9,5,0,0
262,185,158,80,114,0.29,0.53,678,393,152,37,21,20,0.87,0.4,10,0,0
548,325,402,30,98,0.1,0.44,247,235,224,58,98,9,0.38,1.0,2,1,1
769,386,439,61,37,0.6,0.67,119,400,168,46,91,3,0.94,0.9,2,1,1
643,65,219,53,83,0.15,0.57,243,502,185,46,39,21,0.71,1.0,0,0,1
643,230,141,79,102,0.96,0.54,465,85,155,73,12,7,0.83,0.4,5,0,0
341,313,92,47,99,0.04,0.85,580,267,137,55,63,8,0.55,0.4,0,0,0
445,172,118,60,66,0.95,0.52,942,187,289,35,7,6,0.63,0.9,0,0,1
139,77,165,48,56,0.5,0.65,812,599,205,45,82,17,0.49,0.6,0,0,0
112,362,323,56,59,0.98,0.73,731,555,108,74,9,14,0.86,0.4,10,1,0
740,312,378,78,64,0.55,0.75,853,398,250,80,17,24,0.39,0.6,5,1,1
335,62,481,58,103,0.01,0.95,612,270,31,41,114,2,1.0,0.6,5,0,0
266,19,189,46,115,0.59,0.93,635,366,56,59,85,2,0.89,1.0,0,0,1
413,104,53,42,13,0.75,0.65,631,88,264,47,67,8,0.45,1.0,3,1,0
190,362,107,59,78,0.94,0.99,149,300,30,35,15,24,0.88,1.0,3,1,1
134,27,243,32,10,0.05,0.39,333,178,237,49,111,16,0.84,0.8,0,1,0
605,324,198,45,92,0.53,0.75,678,220,298,45,9,18,0.45,0.6,5,0,0
293,180,209,59,107,0.71,0.8,626,148,292,71,111,3,0.88,0.9,10,1,0
485,302,472,76,63,0.36,0.61,931,559,80,30,33,19,0.59,1.0,5,0,1
104,25,95,70,84,0.07,0.9,275,446,13,53,84,1,0.74,0.4,3,0,0
152,299,122,33,97,0.8,0.95,694,279,33,71,90,9,0.34,1.0,0,0,0
759,205,94,75,44,0.64,0.74,181,490,174,43,105,14,0.68,0.4,0,1,1
333,297,181,62,18,0.29,0.71,600,156,256,33,55,23,0.6,0.8,2,1,1
350,27,420,30,47,0.81,0.8,199,423,177,56,78,24,0.47,0.4,0,1,1
629,380,131,58,17,0.46,0.76,551,264,118,34,63,8,0.78,1.0,10,0,0
378,249,73,39,120,0.07,0.56,452,96,121,60,120,8,0.74,0.6,2,0,0
171,73,165,43,120,0.72,0.51,587,255,295,43,49,18,0.9,0.9,0,0,0
251,400,303,76,57,0.1,0.37,194,377,48,68,3,13,0.46,0.8,0,0,1
395,15,401,68,48,0.09,0.72,421,409,40,69,120,19,0.88,0.8,2,0,1
437,349,352,75,15,0.67,0.42,806,411,300,77,90,7,0.77,0.9,3,0,0
212,73,331,60,47,0.18,0.43,477,496,209,34,107,23,0.63,0.9,0,0,1
796,125,250,44,32,0.97,0.43,221,177,64,78,65,7,0.93,0.4,1,0,1
349,96,359,58,75,0.21,0.97,931,464,84,73,114,25,0.97,0.8,0,1,0
86,360,277,37,109,0.39,0.47,750,171,157,47,76,17,0.96,0.9,5,0,0
278,394,276,69,106,0.55,0.86,468,309,111,78,76,0,0.55,0.4,0,1,1
418,304,291,39,102,0.93,0.87,166,117,164,31,119,20,0.35,0.6,0,0,1
659,224,111,41,43,0.42,0.7,356,446,242,63,88,0,0.36,1.0,2,0,0
713,113,273,36,53,0.82,0.7,699,56,115,61,49,21,0.54,0.8,0,1,1
658,374,484,77,81,0.88,0.49,334,120,70,64,60,20,0.4,0.8,0,0,1
182,208,163,69,75,0.23,0.72,421,333,80,51,1,5,0.34,0.4,2,0,0
615,64,34,39,103,0.72,0.57,465,350,169,31,31,11,0.39,1.0,1,0,1
375,201,130,72,100,0.68,0.85,208,415,232,60,38,0,0.71,0.9,2,0,1
398,331,44,40,54,0.82,0.44,738,256,242,69,98,10,0.88,0.8,10,0,0
200,146,63,67,8,0.81,0.56,136,122,275,30,40,13,0.52,0.9,0,0,1
559,227,121,37,64,0.73,0.75,895,57,289,44,63,21,0.82,0.6,0,1,1
397,109,137,38,60,0.99,0.93,277,574,160,55,114,11,0.39,0.6,10,1,0
293,73,466,43,17,0.75,0.54,212,361,298,31,10,19,0.88,0.9,2,0,1
735,247,369,39,2,0.12,0.61,635,416,110,76,107,7,0.32,1.0,5,0,0
123,57,246,73,113,0.18,0.66,694,535,40,70,78,3,0.97,1.0,0,1,0
465,233,461,56,44,0.59,1.0,261,302,26,65,59,21,0.83,0.4,0,1,1
619,398,341,66,85,0.76,0.53,239,208,283,57,46,16,0.87,0.9,5,0,1
660,363,442,47,98,0.25,0.76,499,168,184,41,106,16,0.63,1.0,5,0,1
418,366,45,74,90,0.85,0.52,777,598,300,46,48,10,0.98,0.6,5,1,0
709,175,348,62,101,0.71,0.88,579,539,77,60,117,21,0.55,0.8,2,0,1
186,263,434,43,5,0.81,0.32,312,297,105,75,22,5,0.35,1.0,3,1,1
204,244,161,71,2,0.68,0.65,545,510,177,65,4,25,0.42,0.9,3,0,0
253,146,149,39,27,1.0,0.89,348,328,82,33,7,0,0.42,0.4,0,1,1
675,337,199,37,0,0.37,0.97,249,578,269,71,71,23,0.7,0.6,0,1,0
487,375,265,62,77,0.52,0.57,888,328,166,44,101,17,0.99,0.6,0,0,0
124,208,482,48,72,0.78,0.98,942,105,67,51,110,18,0.53,0.8,3,0,1
447,180,105,64,120,0.88,0.33,329,236,255,42,67,5,0.77,0.9,3,0,1
361,361,108,58,77,0.92,0.72,244,483,218,64,92,23,0.92,0.6,0,1,0
169,180,373,70,45,0.96,0.86,137,69,259,31,14,21,0.9,1.0,0,0,1
791,204,374,32,106,0.34,0.46,604,206,120,53,52,17,0.32,1.0,10,1,0
688,105,202,61,15,0.39,0.87,715,184,296,43,30,14,0.52,0.9,0,0,1
720,296,224,45,55,0.35,0.59,260,392,173,39,48,12,0.81,1.0,0,0,1
495,78,365,60,101,0.23,0.38,234,77,277,78,0,17,0.41,0.4,10,1,0
127,256,337,67,58,0.07,0.58,618,528,154,66,101,23,0.71,0.4,0,0,0
251,98,484,32,97,0.32,0.76,394,378,31,73,89,20,0.79,0.9,1,1,1
99,122,133,38,115,0.3,0.53,999,153,148,62,106,7,0.48,0.4,10,1,0
487,184,456,53,35,0.81,0.61,853,178,197,69,120,1,0.31,0.8,1,0,1
251,34,217,32,41,0.67,0.37,737,410,231,75,5,12,0.72,1.0,0,1,0
316,367,148,54,96,0.87,0.95,729,270,21,53,32,13,0.64,0.9,1,0,1
293,129,197,50,120,0.32,0.36,787,548,66,42,65,3,0.34,0.6,1,0,0
204,273,331,64,78,0.39,0.44,241,113,171,57,3,25,0.3,0.8,0,0,1
695,86,152,62,110,0.28,0.46,770,299,147,50,48,2,0.35,0.4,1,0,0
593,271,145,40,74,0.82,0.7,320,40,70,41,120,2,0.91,0.6,2,1,1
89,124,161,38,71,0.02,0.87,626,88,190,71,86,17,0.33,0.8,0,0,0
432,259,279,40,88,0.36,0.33,294,510,13,39,4,17,0.64,1.0,10,1,0
459,59,462,51,64,0.49,0.84,554,109,202,35,108,22,0.46,0.6,0,0,1
137,78,348,80,52,0.06,0.34,313,491,259,58,34,20,0.5,0.6,0,1,0
386,167,189,41,56,0.77,0.96,715,592,283,65,31,2,0.78,0.4,2,0,0
58,53,327,37,2,0.88,0.65,618,500,218,61,73,0,0.93,1.0,0,0,0
327,204,415,77,40,0.59,0.54,292,333,91,60,81,6,0.55,1.0,5,0,1
373,153,445,39,99,0.95,0.51,827,126,187,41,25,1,0.73,0.9,5,1,1
766,29,338,32,27,0.52,0.84,731,134,97,31,0,2,0.97,0.8,0,0,1
603,275,138,66,28,0.23,0.61,647,87,234,74,102,21,0.49,0.9,0,0,1
289,85,392,46,37,0.79,0.93,687,561,227,59,16,25,0.43,0.6,10,0,0
299,89,473,68,112,0.58,0.72,180,222,124,30,70,14,0.96,0.9,2,0,1
104,301,335,69,64,0.29,0.6,625,425,247,41,25,23,0.8,1.0,2,0,0
194,175,486,64,100,0.86,0.62,396,129,114,80,36,10,0.44,0.4,0,1,1
563,144,425,44,74,0.56,0.39,391,277,89,45,119,22,0.5,0.8,0,0,1
773,34,390,51,74,0.38,0.96,317,242,33,62,66,6,0.82,0.4,0,0,1
296,212,421,80,108,0.93,0.69,596,148,19,72,79,5,0.64,1.0,3,0,1
122,351,468,61,116,0.74,0.33,859,116,277,73,35,16,0.35,0.8,3,0,1
272,144,86,57,28,0.9,0.95,140,507,164,59,60,23,0.38,1.0,0,0,1
300,298,454,48,115,0.41,0.72,673,464,197,79,16,24,0.97,0.8,5,0,0
314,241,306,78,24,0.48,0.7,982,327,123,77,18,16,0.42,0.4,0,0,1
158,50,427,38,28,0.32,0.67,423,592,62,62,21,22,0.99,0.9,1,0,0
445,290,444,42,10,0.87,0.77,916,61,79,35,120,16,0.94,0.6,0,0,1
583,43,52,52,42,0.52,0.71,354,128,167,36,107,0,0.94,0.8,5,0,0
265,333,89,62,8,0.44,0.92,407,221,243,33,52,6,0.69,0.8,0,0,1
538,347,272,62,68,0.83,0.75,944,132,27,67,97,12,0.67,0.9,0,0,1
540,314,446,76,50,0.64,0.54,557,480,67,33,46,9,0.47,0.4,5,0,1
265,228,68,51,25,0.99,0.64,906,72,119,32,4,11,0.59,1.0,1,0,1
356,82,462,41,57,0.3,0.66,309,142,64,66,48,5,0.74,0.9,0,0,1
395,48,206,68,8,0.63,0.95,806,126,161,56,64,10,0.76,0.8,5,0,0
749,165,144,45,45,0.74,0.82,179,548,156,44,44,20,0.37,1.0,2,0,1
125,335,473,43,110,0.23,1.0,350,88,82,44,100,1,0.43,0.9,5,0,1
656,106,373,75,89,0.77,0.67,513,333,163,59,79,21,0.88,0.8,0,0,1
590,19,102,57,11,0.46,0.79,590,92,77,55,39,7,0.68,0.4,2,1,1
489,257,328,44,88,0.15,0.66,930,125,35,71,55,9,0.9,0.9,0,0,1
563,80,337,80,81,0.34,1.0,568,552,176,31,2,14,0.42,0.8,2,1,1
207,17,396,43,19,0.98,0.92,356,150,150,59,95,25,0.78,0.4,3,0,0
130,330,242,48,58,0.33,0.4,764,208,268,79,45,12,0.91,0.4,2,1,0
324,294,92,72,4,0.79,0.82,718,394,123,68,0,21,0.9,1.0,3,0,0
596,193,330,74,28,0.98,0.67,104,207,109,49,7,22,0.78,0.8,0,0,1
601,218,282,60,94,0.97,0.83,207,294,126,75,103,23,0.44,0.4,5,0,1
492,128,258,67,90,0.17,0.54,137,422,240,70,51,13,0.38,0.8,2,0,1
694,33,479,49,98,0.52,0.63,611,550,164,33,17,16,0.36,0.8,5,0,1
342,366,53,75,33,1.0,0.66,192,167,166,31,54,8,0.96,0.4,1,0,1
217,90,314,52,60,0.43,0.72,866,226,82,32,114,2,0.5,0.6,2,0,1
247,61,308,73,16,0.26,0.8,261,245,155,78,90,3,0.8,0.4,2,0,0
78,334,47,44,56,0.74,0.85,533,426,54,48,77,0,0.93,0.8,1,0,0
304,309,395,41,22,0.01,0.91,381,409,100,46,110,4,0.38,1.0,10,0,0
262,243,479,80,43,0.07,0.73,266,521,138,70,103,8,0.59,0.6,10,0,0
508,313,267,36,112,0.51,0.73,212,474,24,75,17,11,0.45,0.4,0,1,1
503,15,155,50,108,0.75,0.95,782,544,126,55,120,6,0.85,0.4,0,0,0
397,53,252,80,89,0.64,0.95,128,47,257,51,29,3,0.75,1.0,0,0,1
107,106,463,54,78,0.31,0.72,705,132,113,78,31,10,0.5,1.0,0,0,1
267,64,474,50,92,0.5,0.83,941,48,110,32,4,7,0.91,0.6,3,0,1
636,16,63,58,2,0.55,0.66,960,94,164,42,76,12,0.73,1.0,0,0,1
407,38,107,33,39,0.81,0.72,738,262,35,55,98,17,0.6,1.0,1,0,0
341,171,191,48,32,0.39,0.65,121,188,204,58,32,15,0.75,1.0,5,0,1
224,174,394,32,64,0.18,0.91,131,125,298,34,117,17,0.99,0.4,0,1,1
725,324,33,58,50,0.1,0.55,791,281,25,51,10,9,0.5,0.4,0,0,0
486,361,153,64,65,0.34,0.51,569,259,99,30,42,10,0.38,0.4,10,0,0
143,76,341,74,21,0.68,0.74,281,386,220,59,65,19,0.76,1.0,1,1,1
551,99,159,37,111,0.28,0.72,113,490,200,64,7,11,0.82,0.4,0,1,0
212,82,483,76,68,0.3,0.6,144,203,213,53,16,2,0.8,0.4,10,0,0
696,152,104,75,115,0.26,0.61,420,429,231,63,86,11,0.46,0.6,0,1,1
754,34,449,67,32,0.39,0.42,900,152,29,78,41,21,0.61,1.0,0,0,1
383,171,173,75,77,0.73,0.46,983,136,138,76,111,9,0.37,0.9,0,0,1
463,296,207,36,52,0.32,0.65,965,544,129,58,120,23,0.73,0.6,5,0,0
238,290,199,72,69,0.46,0.41,952,450,159,47,42,22,0.86,0.9,3,0,0
457,199,83,44,6,0.38,0.67,123,594,145,68,48,4,0.51,0.9,5,1,0
135,214,212,51,21,0.79,0.49,760,485,165,73,18,2,0.31,0.8,0,1,0
506,233,313,65,99,0.11,0.9,343,427,78,59,90,6,0.45,0.8,0,1,1
630,103,174,35,59,0.36,0.64,460,262,41,77,119,4,0.65,0.9,3,1,0
336,319,413,74,91,0.26,0.7,372,94,271,45,88,24,0.9,0.4,0,0,1
678,64,418,54,66,0.58,0.66,457,523,99,50,28,8,0.98,0.9,1,0,1
405,13,94,38,103,0.06,0.45,109,40,260,59,52,16,0.62,0.6,0,0,1
442,46,32,30,55,0.96,0.77,663,483,119,51,62,0,0.84,1.0,0,1,0
480,223,223,75,16,0.24,0.72,891,103,272,61,61,8,0.68,0.8,3,0,1
555,249,370,59,92,0.67,0.75,222,203,298,49,12,0,0.59,0.4,3,1,1
660,173,115,48,96,0.37,0.46,875,285,218,79,93,3,0.37,0.4,0,1,0
77,284,428,71,45,0.94,0.43,888,303,213,54,27,2,0.62,0.4,3,1,0
397,101,496,77,28,0.26,0.8,165,546,48,62,85,6,0.82,0.6,0,0,1
72,54,419,70,7,0.77,0.88,439,366,47,77,78,20,0.51,0.9,0,0,0
617,357,458,65,19,0.17,0.83,232,43,75,54,13,7,0.84,1.0,10,0,1
749,154,173,76,78,0.95,0.92,356,216,30,77,60,24,0.87,0.6,0,0,1
660,81,61,57,85,0.31,0.77,313,433,275,40,103,2,0.32,0.8,0,1,1
266,320,500,40,92,0.74,1.0,233,552,173,51,16,5,0.37,1.0,5,1,1
753,35,346,30,17,0.73,0.39,903,101,204,76,71,0,0.63,0.9,5,0,0
326,370,258,66,13,0.28,0.9,566,557,105,33,68,7,0.93,1.0,5,1,1
436,121,345,51,51,0.05,0.7,678,106,135,80,43,25,0.36,0.4,0,0,1
70,193,104,75,33,0.09,0.6,904,328,152,55,20,11,0.49,0.9,2,1,0
728,201,86,79,112,0.74,0.82,761,40,274,35,64,14,0.75,1.0,5,1,1
564,205,282,30,68,0.89,0.56,888,332,294,42,19,4,0.78,0.9,0,0,1
145,118,336,68,117,0.68,0.52,990,526,279,31,76,9,0.95,0.4,1,0,0
490,170,455,35,1,0.07,0.84,511,363,97,39,37,15,0.82,0.8,10,0,0
471,262,187,53,76,0.32,0.42,391,546,165,70,119,0,0.89,0.8,0,0,0
308,118,313,69,19,0.25,0.77,428,220,289,70,78,13,0.68,0.6,0,1,1
595,92,100,40,74,0.47,0.85,994,534,89,75,67,20,0.36,0.6,2,1,0
135,99,368,62,8,0.21,0.68,372,478,118,33,52,9,0.79,0.9,0,0,1
57,116,40,56,34,0.65,0.63,385,599,220,71,119,7,0.37,1.0,10,0,0
62,187,54,51,11,0.83,0.94,372,566,113,69,85,1,0.78,0.4,10,0,0
599,260,362,45,23,0.73,0.91,995,488,242,49,95,0,0.66,0.4,0,1,1
372,34,188,54,61,0.03,0.44,651,513,150,36,31,20,0.37,1.0,10,0,0
784,375,481,36,2,0.92,0.76,391,392,292,32,38,24,0.93,0.8,0,0,1
325,283,119,64,56,0.73,0.95,274,449,170,38,60,24,0.74,0.9,0,1,1
475,25,425,65,14,0.51,0.7,955,313,131,46,117,16,0.33,0.8,0,0,1
655,363,65,44,49,0.62,0.86,238,494,254,35,98,10,0.51,0.6,0,0,1
88,112,331,57,116,0.61,0.61,604,128,48,72,41,21,0.56,0.4,5,0,0
289,117,251,56,6,0.35,0.62,505,398,271,71,115,12,0.86,0.8,0,1,0
589,345,248,61,45,0.6,0.95,586,105,286,70,103,18,0.75,0.8,1,0,1
764,235,473,72,12,0.99,0.99,933,205,106,71,87,14,0.68,0.4,0,0,1
332,86,399,62,4,0.27,0.69,716,554,226,32,117,24,0.61,0.9,1,1,1
340,129,255,66,78,0.53,0.92,729,310,289,44,33,18,0.63,1.0,2,0,1
85,131,57,78,57,0.23,0.95,203,310,46,38,35,14,0.94,0.6,0,0,1
482,51,67,66,9,0.75,0.97,997,72,253,46,42,18,0.39,0.8,2,1,1
306,54,256,73,57,0.45,0.99,419,171,104,34,36,1,0.32,0.6,3,1,1
655,390,82,37,26,0.61,0.8,260,219,243,44,59,4,0.8,0.8,10,0,0
452,23,152,34,62,0.2,0.82,250,295,120,38,7,13,0.97,0.9,0,1,1
500,142,446,46,60,0.97,0.31,309,207,193,64,15,2,0.85,0.4,5,0,0
690,293,461,60,41,0.47,0.45,237,590,23,39,18,18,0.94,1.0,0,1,1
574,307,239,75,89,0.83,0.49,605,462,154,41,48,3,0.52,0.8,0,0,1
374,117,90,36,17,0.84,0.31,768,239,292,78,50,8,0.39,1.0,1,0,0
385,66,417,33,85,0.37,0.88,284,85,51,67,120,6,0.47,0.9,3,1,1
82,366,464,64,25,0.83,0.49,667,116,139,48,69,11,0.35,0.9,2,1,1
661,84,223,76,46,0.02,0.68,760,402,215,66,73,16,0.53,1.0,1,0,1
686,197,372,47,24,0.82,0.32,830,478,192,51,8,0,0.58,0.8,0,0,1
707,359,59,67,10,0.07,0.88,754,303,126,35,40,2,0.45,0.8,10,0,0
188,189,346,79,10,0.08,0.51,649,196,194,33,119,5,0.31,1.0,2,1,1
196,287,342,58,54,0.41,0.83,993,341,251,74,77,3,0.67,1.0,5,1,0
156,303,352,55,17,0.4,0.39,823,544,33,76,9,5,0.87,0.9,3,1,0
648,74,234,54,8,0.76,0.93,172,516,85,60,61,9,0.44,1.0,0,0,1
241,336,31,35,30,0.99,0.64,935,456,99,66,56,8,0.79,0.6,0,1,0
635,170,147,64,110,0.97,0.48,754,311,58,37,91,16,0.47,1.0,0,0,1
326,76,43,48,33,0.95,0.53,939,530,242,78,74,21,0.3,0.8,0,0,0
297,49,214,68,36,0.47,0.48,899,434,139,54,97,6,0.46,0.6,0,0,0
295,120,187,64,33,0.87,0.44,602,389,246,49,55,17,0.92,0.8,10,0,0
395,308,421,41,62,0.96,0.84,692,527,235,42,71,13,0.57,1.0,1,0,1
661,135,499,40,57,0.5,0.31,783,74,45,53,1,1,0.79,0.6,0,0,1
527,151,132,39,73,0.54,0.89,148,402,122,67,36,2,0.35,0.8,0,0,1
382,107,126,36,54,0.04,0.61,628,476,70,59,86,15,0.68,1.0,0,0,0
522,136,110,76,29,0.23,0.74,183,544,65,30,107,20,0.53,0.4,10,0,0
416,14,47,66,102,0.62,0.31,462,355,123,71,1,3,0.78,0.6,0,0,0
703,346,170,56,50,0.46,0.78,277,252,271,36,17,16,0.56,0.4,5,1,1
518,139,167,51,81,0.26,0.89,159,573,148,56,101,0,0.89,0.9,0,0,1
706,211,32,47,61,0.51,0.35,741,331,66,47,12,9,0.47,0.9,3,0,0
244,309,75,36,56,0.8,0.93,491,551,161,60,70,15,0.61,0.6,10,1,0
738,375,342,61,92,0.56,0.85,261,93,74,43,114,9,0.98,0.8,3,0,1
284,396,143,71,101,0.94,0.79,427,566,80,62,81,13,0.35,0.4,3,0,0
217,267,84,80,52,0.75,0.58,889,356,42,63,80,2,0.77,1.0,3,0,0
576,302,141,40,109,0.95,0.32,334,283,242,30,110,7,0.47,0.4,1,1,1
365,378,196,47,27,0.41,0.31,341,336,209,65,94,7,0.61,0.9,1,0,0
214,319,101,63,8,0.32,0.38,890,552,59,76,23,8,0.42,0.6,0,0,0
358,237,261,73,111,0.8,0.32,886,99,200,66,36,22,0.37,1.0,10,0,0
379,337,448,77,82,0.26,0.77,732,189,296,69,81,23,0.69,0.8,0,1,1
283,353,81,76,92,0.64,0.63,557,497,26,62,12,21,0.5,0.9,0,0,1
342,264,140,59,55,0.75,0.32,279,112,175,57,18,5,0.64,0.9,10,0,0
260,255,121,58,31,0.12,0.78,962,597,282,56,37,1,0.98,0.6,0,1,0
297,75,229,46,103,0.1,0.94,802,106,238,71,102,5,0.66,0.8,3,0,0
790,376,70,30,49,0.65,0.56,692,218,35,66,5,4,0.58,0.4,0,1,0
537,253,418,38,119,0.99,0.56,556,82,265,41,98,11,0.68,0.8,0,0,1
323,117,332,65,10,0.28,0.8,218,292,79,42,35,4,0.42,0.8,0,0,1
718,288,264,30,4,0.99,0.52,257,548,88,73,87,7,0.45,0.4,1,0,0
610,266,321,54,21,0.56,0.98,959,353,89,54,44,15,0.78,1.0,2,1,1
268,296,163,37,62,0.05,0.47,209,234,275,37,65,14,0.88,0.8,1,0,0
633,316,474,48,65,0.19,0.76,193,529,298,56,110,14,0.7,0.9,0,0,1
771,93,93,57,25,0.43,0.67,377,421,211,70,53,25,0.97,0.6,5,0,0
377,145,33,37,19,0.48,0.31,350,262,148,52,69,23,0.74,0.9,0,1,0
553,244,431,63,79,0.47,0.93,708,527,81,44,92,10,0.88,0.4,5,0,0
643,380,80,79,67,0.36,0.76,882,456,91,51,86,21,0.67,0.4,0,0,0
743,123,300,66,97,0.93,0.72,102,537,130,34,77,22,0.96,0.8,0,0,1
459,293,405,38,85,0.91,0.94,571,381,57,66,61,12,0.77,0.4,0,1,1
132,307,220,39,64,0.02,0.63,337,451,168,57,41,25,0.82,0.4,3,1,0
646,98,497,44,34,0.31,0.49,791,108,295,39,84,9,0.44,0.9,0,1,1
556,341,123,80,70,0.59,0.53,190,508,248,67,31,24,0.8,0.4,0,0,1
709,307,129,65,84,0.77,0.91,318,100,176,58,11,11,0.63,0.8,0,0,1
711,12,361,50,45,0.1,0.74,811,540,17,43,78,20,0.36,0.4,0,0,1
406,117,476,59,79,0.32,0.74,381,584,219,37,112,5,0.41,0.4,10,1,0
106,283,287,34,93,0.69,0.72,336,533,217,77,39,16,0.69,0.9,2,0,0
390,351,318,46,117,0.07,0.88,470,53,125,54,79,5,0.71,0.8,0,0,1
624,241,384,60,59,0.37,0.69,835,559,174,42,43,14,0.67,0.4,0,0,1
497,99,193,62,23,0.87,0.31,765,168,58,31,72,9,0.84,0.4,10,0,0
712,22,57,64,95,0.71,0.48,306,452,169,31,50,6,0.82,0.6,3,1,1
501,137,343,50,20,0.83,0.95,366,127,213,63,42,24,0.62,0.9,2,1,1
607,336,261,43,90,0.79,0.55,146,309,269,31,93,14,0.85,0.4,5,1,1
736,352,213,31,2,0.98,0.47,784,192,161,53,56,20,0.58,0.6,5,0,0
709,359,132,45,45,0.4,0.96,267,354,82,56,89,4,0.56,0.8,1,1,1
204,55,72,41,92,0.76,0.98,205,165,48,43,73,11,0.96,1.0,0,0,1
701,62,64,75,75,0.57,0.52,547,364,17,75,2,24,0.7,0.6,3,0,0
691,309,206,46,2,0.48,0.3,783,197,56,49,56,1,0.93,1.0,0,1,1
370,385,402,39,112,0.64,0.63,422,151,272,56,106,12,0.49,1.0,0,1,1
326,249,176,53,76,0.85,0.54,691,206,85,50,59,22,0.75,1.0,3,0,0
750,265,56,53,81,0.2,0.75,876,55,117,79,3,20,0.52,0.6,2,1,0
507,213,41,79,18,0.06,0.59,840,333,299,62,93,6,0.62,0.6,0,0,0
524,247,308,50,109,0.56,0.5,758,487,195,70,57,9,0.57,0.9,3,0,0
64,280,93,60,31,0.6,0.88,614,57,286,50,13,6,0.82,1.0,0,0,1
369,117,186,39,93,0.71,0.43,546,60,286,61,96,7,0.53,0.4,0,1,0
504,359,148,44,36,0.95,0.77,257,102,96,70,52,19,0.72,0.4,0,0,1
240,146,491,59,51,0.11,0.41,944,575,72,42,50,11,0.88,0.9,3,0,0
193,81,133,79,105,0.86,0.82,134,103,247,54,95,21,0.89,0.9,0,0,1
281,242,89,62,52,0.74,0.95,901,580,67,66,61,12,0.67,0.8,2,1,0
572,23,359,49,57,0.06,0.83,127,251,93,40,1,1,0.83,1.0,0,1,1
386,305,328,32,101,0.29,0.5,127,87,12,43,110,16,0.3,0.8,10,0,1
472,201,174,70,103,0.45,0.84,839,570,253,31,105,2,0.34,1.0,3,0,1
395,59,374,70,104,0.14,0.85,540,347,226,68,101,24,0.88,1.0,0,0,1
751,41,170,38,115,0.3,0.8,455,557,270,34,62,17,0.86,1.0,0,0,1
381,13,66,67,97,0.2,0.91,783,258,60,45,39,10,0.64,0.4,1,0,0
779,266,435,44,80,0.17,0.73,600,556,30,33,44,2,0.51,1.0,0,0,1
419,270,268,48,32,0.85,0.72,814,188,173,63,37,16,0.95,0.6,2,0,0
385,241,388,78,26,0.57,0.72,278,320,297,70,12,4,0.68,0.4,2,1,1
645,253,103,79,91,0.6,0.34,163,357,284,71,74,6,0.7,0.9,0,0,1
626,274,264,41,106,0.73,0.83,907,558,13,41,25,11,0.72,0.6,1,1,1
50,291,431,31,39,0.61,0.34,349,126,192,73,80,5,0.4,1.0,0,1,1
103,38,107,44,112,0.15,0.47,797,356,292,45,47,21,0.7,0.6,10,0,0
180,101,35,66,87,0.04,0.74,422,294,174,64,82,22,0.74,0.8,1,1,0
768,383,328,63,65,0.4,0.9,190,492,186,77,101,7,0.5,0.9,5,1,1
145,352,333,50,106,0.97,0.68,252,536,108,63,69,7,0.59,1.0,5,0,0
325,276,310,38,30,0.56,0.35,875,154,127,54,60,24,0.43,0.6,2,0,0
214,110,283,69,5,0.1,0.45,176,291,109,58,39,24,0.41,1.0,5,0,0
641,259,41,77,112,0.63,0.48,374,112,234,78,104,6,0.9,0.8,0,0,1
165,105,81,68,1,0.41,0.39,604,454,140,35,114,1,0.4,0.4,10,0,0
469,347,112,40,39,0.54,0.77,302,363,277,79,109,22,0.34,0.9,0,0,0
153,361,471,77,5,0.59,0.69,591,290,60,64,94,16,0.85,0.4,10,0,0
191,198,289,31,81,0.33,0.67,674,577,181,60,109,5,0.31,1.0,5,0,0
617,273,88,73,91,0.39,0.88,300,187,74,63,80,11,0.46,0.6,3,0,1
127,310,492,38,93,0.99,0.49,219,550,102,41,82,23,0.98,0.4,10,0,0
55,75,157,46,36,0.6,0.42,719,285,243,34,100,10,0.44,0.6,0,1,0
135,245,347,35,53,0.63,0.97,210,475,209,57,92,17,0.39,0.8,2,1,1
549,200,165,45,77,0.9,0.52,350,282,33,76,80,2,0.38,0.6,3,0,0
162,85,364,58,11,0.73,0.71,841,237,82,69,2,0,0.83,0.6,0,0,0
137,159,442,73,39,0.15,0.7,153,557,28,46,13,20,0.42,0.6,0,1,1
403,152,70,68,66,0.16,0.73,475,66,115,78,104,15,0.55,0.4,5,1,0
519,310,436,70,24,0.15,0.71,187,165,206,45,112,4,1.0,1.0,1,0,1
330,163,257,63,44,0.46,0.46,635,97,166,34,36,12,0.5,1.0,0,1,1
718,63,120,69,38,0.68,0.94,827,118,133,67,31,20,0.92,0.4,2,0,1
478,151,444,59,61,0.7,0.95,489,528,54,74,40,2,0.86,0.9,2,0,1
230,131,313,51,29,0.49,0.83,321,586,284,46,85,2,0.56,0.8,0,0,1
430,146,111,74,69,0.66,0.47,330,149,23,60,57,25,0.9,0.6,0,1,1
188,323,242,80,20,0.9,0.5,782,492,141,57,110,1,0.56,0.8,2,1,0
456,238,374,36,114,0.83,0.86,757,532,96,61,35,19,0.4,0.6,0,0,1
769,81,159,54,75,0.39,0.73,471,56,24,47,114,19,0.43,1.0,10,0,1
539,92,146,75,85,0.58,0.93,554,51,176,79,13,20,0.5,0.8,0,0,1
190,185,420,66,46,0.63,0.31,192,63,134,62,86,11,0.83,0.8,10,1,0
578,248,238,34,112,0.35,0.41,748,388,64,61,5,23,0.57,0.9,0,0,0
567,236,195,30,10,0.79,0.4,379,485,144,77,3,22,0.77,0.6,5,0,0
367,200,68,35,107,0.88,0.62,523,567,253,72,0,19,0.92,0.4,2,0,0
391,253,374,46,96,0.57,0.61,247,141,282,38,72,20,0.42,1.0,1,1,1
345,400,436,70,116,0.81,0.46,961,533,280,56,26,0,0.58,0.6,2,1,1
745,220,482,76,30,0.02,0.73,835,452,34,43,81,2,0.76,0.6,0,0,1
480,17,303,54,76,0.29,0.85,888,170,78,55,7,12,0.76,0.6,3,1,1
158,356,70,52,53,0.85,0.61,466,226,181,73,76,13,0.86,0.8,1,0,0
660,102,65,62,60,0.25,0.78,106,70,74,49,84,17,0.34,0.9,10,1,1
181,323,234,50,27,0.6,0.65,760,287,247,63,13,3,0.97,0.4,0,0,0
637,99,150,55,14,0.08,0.74,864,134,241,53,36,18,0.34,0.6,3,1,1
492,63,286,80,105,0.36,0.97,931,345,282,35,68,12,0.43,0.6,0,0,1
511,352,174,69,69,0.22,0.44,341,245,110,54,80,15,0.76,0.8,0,0,1
788,121,408,72,24,0.88,0.75,968,191,91,40,3,20,0.88,0.8,10,0,1
524,61,216,62,71,0.94,0.59,897,143,131,79,93,16,0.8,1.0,0,0,1
712,180,194,42,80,0.53,0.77,975,120,284,68,43,6,0.93,0.4,10,0,0
372,20,265,60,107,0.27,0.75,525,245,24,80,82,11,0.58,0.9,0,1,1
408,175,288,49,100,0.69,0.3,441,512,64,39,6,2,0.9,1.0,3,1,1
347,346,110,50,98,0.17,0.34,483,535,74,69,37,10,0.99,0.9,2,1,0
311,400,408,77,120,0.3,0.51,996,365,119,61,69,1,0.5,0.9,0,1,1
53,301,486,40,77,0.68,0.89,652,565,294,33,94,16,0.73,0.6,10,0,0
281,57,355,80,59,0.16,0.72,153,500,82,62,93,3,0.39,1.0,10,1,1
162,266,146,79,42,0.58,0.31,942,106,136,52,112,0,0.53,0.9,0,1,1
451,359,317,60,12,0.66,0.37,832,331,85,56,3,4,0.59,0.6,2,1,1
506,19,284,32,111,0.34,0.79,335,330,65,69,41,19,0.9,0.6,0,1,0
647,298,421,51,57,0.47,0.77,238,132,96,51,74,2,0.89,0.9,0,0,1
287,74,86,39,0,0.69,0.84,681,353,71,79,105,11,0.52,0.6,10,0,0
106,112,58,65,17,0.86,0.45,302,457,60,70,83,16,0.5,0.6,0,1,0
386,309,71,69,21,0.98,0.75,139,242,228,73,111,13,0.52,0.8,0,1,1
389,47,392,38,78,0.86,0.68,652,508,85,55,109,10,0.31,0.9,2,1,1
642,139,94,51,103,0.52,0.75,974,119,83,50,99,1,0.65,0.8,0,0,1
555,293,482,33,89,0.32,0.82,925,125,216,76,22,0,0.9,0.4,3,0,0
742,298,373,57,114,0.6,0.55,193,284,219,80,81,12,0.95,0.8,10,0,0
379,306,94,31,43,0.65,0.47,111,554,62,55,62,13,0.6,1.0,10,0,0
291,127,75,37,96,0.82,0.58,132,125,253,75,108,17,0.98,0.6,5,0,0
210,102,292,76,7,0.77,0.81,454,514,113,49,105,12,0.37,0.6,0,1,1
209,84,92,78,97,0.78,0.39,364,427,298,45,98,11,0.54,0.8,0,1,0
533,136,472,47,77,0.25,0.33,106,229,50,80,57,10,0.75,1.0,10,0,0
307,222,103,40,20,0.89,0.47,637,291,92,47,53,4,0.59,0.9,0,0,0
511,338,43,70,24,0.88,0.83,504,93,235,78,88,12,0.64,1.0,3,0,0
705,314,36,46,17,0.08,0.55,655,520,254,74,61,4,0.48,0.8,5,0,0
60,40,281,30,114,0.46,0.4,417,571,220,40,75,22,0.96,0.9,5,1,0
768,96,476,61,53,0.73,0.77,277,599,229,52,115,4,0.42,0.8,0,0,1
151,72,303,31,61,0.55,0.82,277,160,266,33,71,21,0.88,0.6,0,1,1
774,71,407,76,46,0.48,0.58,553,271,68,80,90,24,0.34,0.8,0,0,1
145,289,135,79,42,0.41,0.8,624,450,40,49,28,14,0.84,0.4,0,1,0
292,93,204,61,89,0.42,0.87,949,148,191,54,66,0,0.8,0.9,0,1,1
495,171,135,74,83,0.41,0.82,778,290,218,51,77,22,0.39,0.4,0,0,1
748,75,196,52,120,0.44,0.53,270,454,179,64,63,2,0.57,0.9,0,0,1
258,271,94,79,69,0.37,0.56,695,334,196,68,4,8,0.82,0.4,5,1,0
240,116,229,73,14,0.55,0.39,165,340,263,45,80,4,0.84,0.8,0,0,1
145,18,269,46,12,0.61,0.3,381,546,12,73,63,2,0.83,0.8,10,0,0
554,191,344,48,36,0.01,0.94,376,75,110,31,96,19,0.77,0.8,0,0,1
725,132,483,67,88,0.72,0.55,716,322,257,52,8,14,0.71,1.0,1,0,1
50,92,358,34,94,0.95,0.73,882,389,143,46,9,25,0.8,0.4,1,1,0
325,61,283,59,24,0.06,0.95,498,588,79,69,19,5,0.82,1.0,0,1,0
270,82,415,69,41,0.92,0.96,464,82,214,56,77,2,0.73,0.6,2,0,1
499,238,73,62,8,0.88,0.72,505,217,31,71,4,10,0.33,0.9,3,0,1
204,144,111,73,74,0.79,0.89,968,426,194,33,106,19,0.52,0.9,2,0,0
565,238,356,62,95,0.57,0.99,624,544,186,47,7,22,0.55,0.6,0,1,1
513,21,71,33,69,0.81,0.9,476,437,67,67,71,2,0.87,0.9,2,1,0
750,91,307,57,66,0.95,0.74,757,463,100,33,24,22,0.39,0.4,3,1,1
299,283,84,32,15,0.14,0.44,133,169,124,35,72,4,0.78,0.8,5,1,0
269,90,493,67,43,0.65,0.74,519,224,106,77,57,0,0.36,0.9,5,0,1
777,115,408,34,43,0.81,0.48,325,416,247,69,11,5,0.89,1.0,0,1,1
760,281,372,63,7,0.43,0.8,738,275,235,78,97,22,0.31,0.9,2,0,1
445,225,340,34,34,0.64,0.8,237,576,261,76,28,5,0.46,0.8,0,0,1
696,59,479,77,120,0.18,0.77,494,186,47,69,21,24,0.64,0.9,0,1,1
659,120,90,36,37,0.82,0.66,679,187,47,60,76,14,0.75,0.9,10,0,0
278,307,31,78,28,0.21,0.95,522,503,206,52,34,13,0.91,0.4,5,0,0
373,272,78,60,1,0.99,0.31,856,442,117,71,118,8,0.39,0.6,10,0,0
446,389,460,70,75,0.88,0.96,523,212,249,54,38,19,0.93,0.4,2,0,1
161,202,318,72,93,0.43,0.69,757,354,83,33,104,7,0.86,0.4,5,1,0
726,309,407,32,38,0.32,0.97,280,383,127,46,63,15,0.43,1.0,2,1,1
379,262,441,75,7,0.23,0.3,777,575,30,36,0,0,0.35,0.6,2,0,1
406,321,68,41,4,0.41,0.45,620,532,53,44,11,12,0.98,0.4,1,0,0
501,284,306,30,117,0.07,0.8,527,381,269,78,45,14,0.93,0.9,5,1,0
725,233,424,62,70,0.88,0.78,310,64,165,55,80,6,0.45,1.0,0,0,1
196,232,475,68,46,0.61,0.86,595,227,70,50,45,23,0.67,0.9,0,1,1
608,208,396,33,92,0.24,0.61,220,361,235,60,106,4,0.53,0.8,5,1,0
381,223,40,41,27,0.31,0.31,159,256,237,62,82,21,0.46,0.9,0,0,0
183,185,400,51,44,0.47,0.34,711,100,260,67,61,10,0.58,0.8,2,0,0
475,169,71,50,38,0.74,0.82,672,419,188,35,87,21,0.57,0.8,0,0,0
244,393,291,67,14,0.53,0.68,171,465,206,51,15,9,0.4,0.4,5,0,0
605,22,271,65,61,0.55,0.39,254,77,11,68,73,9,0.41,1.0,3,0,1
718,167,256,37,116,0.98,0.32,305,166,298,73,48,21,0.61,1.0,2,1,1
494,381,265,77,107,0.87,0.75,283,54,178,79,104,25,0.56,0.8,0,0,1
322,271,301,72,54,0.12,0.49,696,471,87,66,85,21,0.89,0.6,1,0,0
56,336,329,65,106,0.96,0.38,933,564,213,66,44,4,0.85,1.0,5,0,0
75,226,53,57,31,0.49,0.48,748,496,16,45,30,1,0.39,1.0,0,0,0
55,171,423,64,50,0.48,0.78,151,368,285,64,12,6,0.76,0.8,3,0,1
616,264,209,51,66,0.63,0.82,816,108,223,66,33,1,0.61,0.6,0,0,1
439,112,385,78,42,0.56,0.38,597,113,208,60,75,11,0.88,0.9,1,1,1
397,305,432,73,59,0.59,0.38,348,41,250,33,19,17,0.62,0.8,5,1,1
134,133,140,71,51,0.67,0.58,207,597,208,35,15,16,0.67,0.8,0,0,1
615,234,135,43,34,0.16,0.74,647,367,63,31,86,25,0.61,1.0,3,0,1
718,189,151,64,18,0.17,0.5,973,263,270,66,48,1,0.37,1.0,0,0,1
391,16,76,36,103,0.24,0.35,724,213,107,59,77,14,0.97,0.8,0,0,0
675,191,267,64,12,0.75,0.92,722,551,74,32,79,17,0.82,1.0,10,0,0
766,268,490,40,107,0.04,0.43,240,578,206,55,60,4,0.92,0.8,5,0,0
414,344,38,64,39,0.99,0.72,433,259,236,70,37,7,0.97,0.9,3,0,0
682,115,469,31,43,0.73,0.61,508,259,107,34,41,14,0.59,0.6,3,1,1
142,141,58,77,102,0.22,0.4,540,256,224,41,21,8,0.73,0.9,0,1,0
669,119,280,48,52,0.83,0.94,479,351,86,51,51,21,0.46,0.8,5,1,1
183,72,223,34,27,0.25,0.84,362,287,289,72,87,16,0.44,1.0,1,0,0
610,338,458,73,104,0.98,0.32,315,466,225,59,43,23,0.56,0.6,3,0,1
581,341,387,35,35,0.84,0.37,387,217,218,72,50,2,0.44,0.6,10,1,0
249,22,121,54,4,0.11,0.57,427,297,201,31,48,6,0.73,0.8,2,1,1
290,104,74,37,18,0.14,0.74,945,334,268,42,108,25,0.92,0.8,0,0,0
404,106,474,30,81,0.23,0.53,640,45,227,38,31,11,0.89,0.8,2,0,1
780,207,423,57,72,0.91,0.8,949,481,62,37,73,1,0.45,0.8,0,1,1
55,131,39,52,38,0.28,0.82,918,326,191,80,91,15,0.48,0.8,10,0,0
710,259,413,50,61,0.85,0.77,247,355,139,72,89,0,0.44,0.8,3,0,1
375,69,139,47,103,0.88,0.68,368,470,230,43,8,10,0.45,0.8,10,1,0
325,192,316,46,79,0.52,0.44,354,221,49,47,54,4,0.73,0.4,1,0,1
715,44,116,67,20,0.75,0.55,660,504,199,31,47,4,0.36,1.0,0,1,1
577,374,382,76,83,0.44,0.99,317,306,134,73,96,9,0.37,0.8,5,0,1
764,206,95,59,5,0.92,0.51,390,267,188,75,17,22,0.57,0.4,3,0,0
599,216,359,47,35,0.37,0.41,456,280,245,52,74,15,0.68,0.8,2,0,1
617,228,217,43,104,0.46,0.92,639,185,300,33,16,22,0.31,0.4,0,0,1
339,55,371,43,17,0.38,0.69,551,597,153,39,64,22,0.6,0.4,1,1,0
746,320,62,37,120,0.68,0.74,186,310,135,49,39,22,0.33,0.8,0,0,1
257,363,106,65,60,0.66,0.63,380,527,230,70,115,20,0.9,0.6,10,0,0
634,142,492,61,32,0.03,0.51,228,103,48,78,34,15,0.71,0.9,10,1,1
180,236,209,45,54,0.46,0.82,134,485,50,69,9,15,0.67,0.8,5,0,0
614,34,278,40,61,0.63,0.56,522,167,106,67,94,7,0.85,0.6,3,0,0
267,72,425,31,91,0.48,0.31,978,413,104,35,3,18,0.42,0.4,3,1,0
716,158,394,49,108,0.73,0.3,942,268,123,70,57,20,0.6,1.0,0,1,1
51,177,362,64,52,0.81,0.96,827,383,149,34,39,5,0.66,0.6,3,1,0
642,179,125,77,118,0.68,0.85,681,86,146,48,91,5,0.82,0.9,0,1,1
439,201,330,45,100,0.15,0.72,817,138,209,32,39,25,0.86,0.6,5,0,0
382,57,32,79,109,0.14,0.79,966,228,75,72,62,17,0.53,0.9,1,1,0
90,269,466,69,81,0.06,0.83,499,197,157,40,37,1,0.34,0.9,2,1,1
205,96,101,43,10,0.91,0.33,369,185,182,74,43,14,0.36,0.4,3,0,0
583,237,358,33,59,0.13,0.6,116,180,173,46,15,10,0.4,0.9,0,1,1
422,74,449,30,69,0.39,0.51,293,304,220,71,112,17,0.48,0.8,3,1,0
733,63,375,39,61,0.89,0.43,606,430,143,77,53,7,0.63,0.8,0,1,1
746,238,218,32,117,0.47,0.62,461,91,291,40,76,2,0.97,0.8,0,0,1
454,340,455,45,75,0.58,0.68,188,54,23,43,66,19,0.92,0.4,1,1,1
246,308,155,34,81,0.73,0.62,784,236,153,45,12,22,0.6,1.0,3,0,0
399,311,490,77,10,0.19,0.35,754,256,44,37,5,11,0.72,0.6,0,0,1
569,318,44,38,99,0.41,0.72,201,473,173,79,119,24,0.97,0.9,1,1,0
370,213,43,75,20,0.83,0.56,960,217,185,30,44,23,0.35,0.8,0,0,1
601,150,451,55,110,0.69,0.62,173,277,40,56,120,13,0.4,1.0,10,1,1
241,64,462,53,7,0.81,1.0,143,460,157,64,110,21,0.68,1.0,10,0,0
426,169,104,50,84,0.91,0.96,309,172,289,50,34,10,0.6,1.0,0,1,1
604,177,427,77,91,0.89,0.59,563,225,92,37,62,14,0.49,0.4,2,0,1
180,49,195,74,27,0.31,0.71,218,325,126,68,69,2,0.47,0.6,3,0,0
754,31,277,75,5,0.19,0.86,262,532,213,60,2,22,0.61,0.9,5,1,1
217,232,194,32,37,0.72,0.8,107,341,18,58,52,11,0.75,0.6,1,0,0
458,166,487,41,85,0.64,0.92,533,242,292,76,0,7,0.99,0.4,5,0,0
731,14,163,73,65,0.94,0.61,669,348,181,69,12,21,0.84,0.4,1,0,0
530,280,55,62,71,0.56,0.65,680,517,236,34,66,8,0.44,0.6,0,0,1
797,146,88,74,35,0.47,0.69,931,395,213,53,11,9,0.49,1.0,10,0,0
331,209,212,57,87,0.67,0.61,361,562,205,52,115,8,0.46,0.9,0,0,1
102,230,286,60,36,0.87,0.66,986,119,74,65,1,13,0.82,0.8,1,0,0
471,107,388,75,119,0.22,0.41,848,98,268,66,114,23,0.82,0.9,2,1,1
193,382,163,38,119,0.37,0.84,765,414,217,56,87,12,0.5,0.4,0,0,0
568,59,102,58,85,0.58,0.64,765,187,292,46,90,20,0.36,1.0,0,0,1
740,71,239,35,45,0.48,0.85,165,347,122,48,104,14,0.43,1.0,5,1,1
127,373,367,59,77,0.33,0.64,366,377,92,75,86,11,0.61,0.8,5,1,0
709,363,142,30,118,0.49,0.41,399,496,160,50,21,7,0.63,1.0,3,1,0
594,45,40,60,56,0.87,0.31,170,549,157,58,83,23,0.91,1.0,5,0,0
338,113,401,65,100,0.76,0.48,825,326,11,63,40,16,0.41,0.9,10,0,0
449,221,82,47,23,0.97,0.62,847,442,263,31,3,15,0.93,1.0,0,0,1
386,334,319,44,85,0.64,0.87,913,320,60,79,34,6,0.41,1.0,5,0,0
169,163,476,45,108,0.36,0.86,581,288,27,45,20,18,0.99,0.6,10,0,0
196,78,432,68,70,0.13,0.66,970,56,208,65,66,11,0.61,0.4,1,0,0
631,263,233,51,76,0.46,0.63,847,374,85,61,19,4,0.72,0.6,0,0,1
723,158,402,58,38,0.95,0.44,398,342,300,59,7,9,0.56,1.0,0,0,1
193,361,125,55,78,0.82,0.71,871,222,209,38,55,17,0.8,1.0,3,0,0
564,124,238,48,112,0.8,0.79,224,466,70,58,119,7,0.76,1.0,0,0,1
281,224,99,62,120,0.23,0.77,477,161,49,72,77,23,0.71,0.8,3,0,0
533,246,67,50,93,0.57,0.68,881,181,269,50,92,19,0.47,0.9,10,0,0
413,379,394,40,72,0.88,0.8,748,480,37,46,45,22,0.78,0.8,5,1,0
639,341,283,56,6,0.06,0.73,393,407,74,50,45,23,0.8,0.6,5,0,0
545,19,228,39,32,0.03,0.92,512,246,287,42,51,16,0.92,0.9,0,0,1
85,78,464,74,28,0.88,0.52,678,531,265,70,6,11,0.84,0.8,0,1,0
713,200,166,58,98,0.18,0.63,246,547,226,56,119,20,0.4,1.0,0,0,1
683,399,34,37,106,0.14,0.73,323,359,95,76,63,0,0.5,1.0,5,0,0
731,163,377,75,68,0.28,0.84,389,210,279,63,85,1,0.78,0.9,3,1,1
392,196,129,34,27,0.71,0.86,124,214,57,32,87,13,0.93,0.9,0,0,1
96,32,281,34,56,0.06,0.9,673,532,78,32,40,8,0.73,0.4,10,0,0
747,23,433,41,37,0.45,0.62,138,540,12,67,103,2,0.88,0.8,2,0,1
230,128,275,49,21,0.8,0.74,145,410,89,37,63,4,0.38,1.0,3,0,1
346,24,434,62,119,0.9,0.8,350,381,71,31,102,2,0.94,0.6,3,1,1
581,46,489,53,37,0.09,0.94,751,320,92,67,105,7,0.62,0.8,3,0,1
226,362,244,54,87,0.3,0.86,806,464,124,60,68,0,0.86,0.6,0,0,0
363,355,397,58,26,0.81,0.65,331,414,201,55,106,4,0.38,0.6,2,1,1
732,305,301,46,24,0.34,0.53,444,462,229,58,61,0,0.94,0.8,0,0,0
748,159,126,47,24,0.7,0.31,148,409,190,41,28,0,0.51,0.6,0,0,1
90,376,276,50,88,0.59,0.61,429,547,260,45,61,17,0.45,0.9,0,0,1
752,181,228,48,61,0.58,0.51,150,143,185,35,120,9,0.34,0.9,3,1,1
525,251,70,43,14,0.84,0.82,140,163,236,32,54,0,0.98,0.4,0,1,1
604,391,240,42,88,0.49,0.48,634,503,49,78,93,18,0.61,0.6,3,0,0
364,324,424,45,1,0.47,0.83,738,566,220,46,105,7,0.67,0.4,1,1,0
690,390,192,67,33,0.83,0.42,316,90,173,40,30,11,0.99,0.4,2,1,1
207,58,454,55,16,0.95,0.56,513,145,297,39,7,18,0.47,1.0,3,0,1
145,397,320,79,40,0.45,0.41,669,372,73,39,98,6,0.44,0.4,3,0,0
782,113,432,80,41,0.09,0.36,253,362,98,44,65,16,0.95,0.6,0,0,1
310,272,256,80,84,0.33,0.76,507,107,91,70,20,25,0.81,0.4,0,0,1
64,38,159,71,30,0.87,0.6,421,451,262,79,74,15,0.6,0.9,0,1,0
615,297,420,51,90,0.91,0.31,732,438,175,64,91,13,0.99,0.4,0,0,0
270,167,239,50,10,0.8,0.59,141,113,85,30,104,5,0.82,0.6,10,1,1
219,146,361,42,55,1.0,0.79,721,143,212,67,29,18,0.41,0.4,0,0,1
538,212,30,66,74,0.69,0.59,843,460,273,44,46,17,0.98,0.4,1,0,0
451,15,437,56,20,0.85,0.38,429,444,241,80,86,20,0.59,0.4,5,0,0
133,287,102,32,104,0.12,0.81,431,264,272,51,114,0,0.47,1.0,1,0,0
344,307,441,31,54,0.67,0.5,652,561,14,43,25,4,0.64,0.8,0,1,1
95,236,39,63,62,0.48,0.49,959,127,284,45,30,6,0.57,0.9,10,0,0
778,41,388,45,6,0.22,0.86,424,224,169,35,90,10,0.89,0.6,3,0,1
391,330,484,70,2,0.71,0.89,122,574,223,52,90,23,0.81,0.6,5,0,1
753,259,73,30,67,0.06,0.5,573,182,256,78,71,0,0.39,0.8,2,0,0
692,189,212,69,14,0.15,0.68,522,498,172,65,103,15,0.45,0.9,0,1,1
161,223,404,46,0,0.26,0.83,508,302,132,31,97,9,0.73,1.0,0,0,1
295,371,33,38,10,0.4,0.94,941,385,169,35,117,11,0.49,0.9,1,0,0
763,253,34,62,102,0.09,0.57,767,223,164,44,83,17,0.82,0.6,5,0,0
664,365,260,60,33,0.85,0.68,946,397,34,56,90,10,0.51,0.9,1,0,1
97,118,474,60,30,0.03,0.36,829,412,204,68,100,23,0.63,1.0,3,0,0
227,10,253,50,30,0.31,0.49,305,160,123,72,97,25,0.68,0.9,10,1,0
195,112,209,72,26,0.42,0.99,706,468,41,49,55,6,0.61,0.8,0,0,1
199,215,133,41,54,0.41,0.56,834,510,257,50,36,9,0.84,0.4,0,0,0
108,339,93,53,87,0.98,0.44,411,361,180,48,54,8,0.62,1.0,5,0,0
409,54,387,55,78,0.54,0.93,650,61,122,39,65,2,0.82,1.0,0,0,1
62,232,373,77,82,0.36,0.86,486,62,101,72,90,6,0.45,1.0,3,0,1
707,234,295,42,0,0.82,0.84,838,149,170,76,64,13,0.85,0.6,3,1,0
209,146,44,71,53,0.98,0.59,406,519,200,73,97,22,0.35,0.6,5,0,0
184,316,147,68,50,0.01,0.82,639,157,294,71,115,5,0.34,0.6,5,0,0
121,137,37,53,116,0.2,0.59,893,599,282,50,6,8,0.38,0.4,0,1,0
643,327,40,41,63,0.2,0.54,271,139,18,42,93,18,0.98,0.9,5,0,0
390,69,263,76,13,0.57,0.94,289,475,79,45,119,2,0.31,1.0,3,0,1
338,286,227,69,94,0.22,0.76,283,494,22,50,36,11,0.31,0.6,0,0,1
490,95,339,35,29,0.36,0.31,941,509,60,30,52,14,0.76,0.9,0,1,0
286,275,202,58,14,0.88,0.54,976,542,141,59,74,7,0.95,0.8,10,0,0
69,199,448,48,6,0.13,0.61,238,200,291,77,11,8,0.83,0.9,5,0,0
239,348,239,71,39,0.65,0.89,439,215,225,54,46,13,0.7,0.8,3,0,1
228,330,71,56,76,0.93,0.76,675,438,75,73,89,6,0.72,1.0,3,1,0
491,123,42,47,46,0.62,0.63,183,226,116,46,29,23,0.85,0.9,0,0,1
126,113,439,64,118,0.57,0.5,558,369,123,40,92,6,0.7,1.0,0,0,1
234,274,484,32,86,0.94,0.45,144,532,86,73,90,1,0.7,0.8,5,0,0
585,322,62,71,53,0.9,0.4,300,101,229,73,57,12,0.77,0.4,5,0,0
492,341,82,66,57,0.46,0.31,717,316,257,76,79,1,0.42,0.6,5,0,0
167,246,279,47,61,0.14,0.81,980,428,147,33,19,11,0.82,0.4,3,0,0
379,219,207,56,49,0.27,0.54,964,314,118,77,31,5,0.45,0.4,0,0,0
744,289,182,43,95,0.1,0.92,815,326,196,63,48,25,0.35,0.4,2,0,0
149,374,339,42,10,0.96,0.87,262,573,85,54,107,21,0.67,0.6,3,0,0
257,203,66,32,47,0.46,0.61,787,379,235,61,69,5,0.44,0.4,1,0,0
250,295,299,68,49,0.9,0.41,361,140,252,65,42,7,0.82,1.0,3,0,1
464,240,38,61,6,0.37,0.56,171,90,289,68,90,6,0.58,0.4,10,0,0
554,72,270,44,105,0.65,0.55,848,430,88,64,98,4,0.32,0.8,0,0,1
765,144,418,56,2,0.86,0.35,290,192,261,78,79,10,0.67,0.6,0,1,1
498,205,97,67,90,0.71,0.33,713,584,153,45,10,0,0.31,0.9,10,0,0
234,372,294,58,21,0.98,0.68,176,290,249,44,22,18,0.83,0.4,0,0,1
483,158,294,32,56,0.03,0.67,556,550,184,47,62,24,0.88,1.0,0,0,0
233,272,486,73,116,0.97,0.82,520,504,122,34,19,21,0.45,0.4,5,0,1
528,135,473,62,82,0.58,0.77,693,406,204,73,59,11,0.66,0.9,1,0,1
151,97,108,69,58,0.71,0.91,675,571,144,75,90,14,1.0,0.4,1,0,0
649,384,133,56,76,1.0,0.92,798,600,11,75,110,10,0.69,0.6,10,0,0
509,19,102,52,53,0.03,0.61,558,517,102,37,86,20,0.72,0.6,0,0,0
287,347,293,44,108,0.19,0.56,295,493,223,57,34,20,0.97,1.0,2,1,0
552,25,318,54,56,0.48,0.52,508,158,158,59,62,4,0.99,0.6,0,0,1
590,335,469,48,5,0.27,0.71,108,260,251,66,112,19,0.42,0.8,10,0,1
756,68,111,54,97,0.58,0.65,561,411,262,62,33,19,0.5,0.4,2,0,0
759,183,393,45,2,0.51,0.63,323,147,165,42,71,6,0.48,0.6,0,0,1
480,340,177,53,72,0.0,0.39,415,242,298,76,74,7,0.66,1.0,2,0,0
419,19,363,55,12,0.62,0.6,321,577,281,78,27,13,0.6,1.0,2,1,1
537,130,420,61,83,0.96,0.69,170,220,77,57,6,14,0.52,1.0,0,0,1
252,329,59,66,69,0.2,0.95,698,567,135,56,78,23,0.61,0.4,1,0,0
522,358,496,77,85,0.79,0.53,543,264,300,72,54,11,0.57,0.8,3,0,1
716,70,80,44,4,0.13,0.61,146,195,42,41,10,19,0.35,0.9,0,0,1
706,290,377,55,77,0.35,0.39,660,150,65,76,66,25,0.92,0.4,0,0,1
353,239,67,78,10,0.18,0.96,202,244,269,61,16,9,0.4,0.9,0,0,1
462,76,290,48,102,0.47,0.78,743,370,48,30,56,8,0.88,0.4,0,1,1
308,76,310,67,46,0.15,0.52,339,537,224,74,55,22,0.75,0.9,0,1,0
404,389,276,48,21,0.88,0.41,365,308,106,47,0,2,0.66,0.6,3,1,1
785,167,244,77,110,0.99,0.97,954,167,128,75,112,18,0.73,0.4,0,0,1
715,17,152,33,78,0.03,0.67,418,570,116,46,20,10,0.86,0.6,10,0,0
505,19,483,54,108,0.99,0.56,295,595,254,39,17,11,0.75,0.9,0,0,1
238,275,290,35,55,0.42,0.76,156,53,224,32,101,25,0.91,0.8,5,1,1
552,43,288,53,18,0.15,0.76,887,296,244,37,0,15,0.46,1.0,0,0,1
497,392,230,69,24,0.62,0.88,368,46,102,56,74,17,0.37,1.0,0,1,1
641,183,442,46,42,0.71,0.92,366,75,163,74,63,13,0.65,1.0,5,0,1
464,130,236,47,120,0.12,0.44,216,314,116,33,23,25,0.9,1.0,1,0,1
772,26,80,43,68,0.22,0.89,564,349,35,72,73,1,0.37,1.0,1,0,0
235,18,369,80,12,0.74,0.78,117,272,194,49,30,16,0.61,0.9,0,1,1
732,334,403,60,30,0.25,0.87,722,178,157,69,71,15,0.69,0.8,3,0,1
80,270,336,54,9,0.57,0.89,588,208,79,62,91,18,0.47,0.6,3,0,0
333,392,142,59,68,0.8,0.7,755,242,231,62,52,13,0.64,1.0,3,0,0
529,77,336,78,4,0.6,0.69,966,428,116,37,27,6,0.55,0.6,3,0,1
240,400,199,34,68,0.49,0.96,111,517,203,75,64,18,0.72,0.8,0,1,0
590,59,55,46,70,0.15,0.48,681,279,159,33,56,8,0.59,0.9,0,0,0
215,154,185,73,110,0.26,0.44,187,303,134,60,64,24,0.4,0.6,10,0,0
119,267,49,64,116,0.88,0.38,473,280,280,61,87,16,0.66,0.6,3,0,0
207,49,212,35,104,0.98,0.96,329,362,279,62,109,7,0.42,0.6,5,0,0
349,334,452,64,105,0.23,0.5,970,172,126,48,49,16,0.53,0.9,10,0,0
530,208,297,48,17,0.89,0.77,144,232,209,32,85,25,0.64,0.9,0,0,1
513,238,68,39,42,0.52,0.72,321,335,224,59,49,16,0.36,1.0,2,1,0
436,378,267,43,46,0.48,0.98,724,525,156,55,22,8,0.55,0.8,0,0,1
115,205,480,61,106,0.13,0.88,717,313,254,59,50,18,0.67,0.6,2,0,0
156,16,69,32,47,0.98,0.74,902,211,167,66,47,2,0.92,0.8,3,0,0
737,318,476,80,26,0.01,0.6,582,591,170,66,72,17,0.96,0.9,3,0,1
126,342,165,40,25,0.29,0.8,573,209,130,37,58,23,0.93,0.4,3,1,0
463,294,149,49,85,0.44,0.78,676,193,19,77,25,2,0.44,0.6,2,0,1
296,31,183,65,53,0.83,0.41,119,87,86,58,8,14,0.38,0.6,5,0,1
352,395,246,59,67,0.94,0.66,136,70,61,63,72,17,0.79,0.4,0,0,1
614,257,95,54,75,0.23,0.52,156,322,187,67,54,9,0.57,0.8,0,0,1
485,145,312,54,97,0.89,0.88,817,343,144,50,0,21,0.78,0.8,0,1,1
127,203,175,74,73,0.18,0.34,638,117,73,38,114,24,0.94,0.6,5,0,0
175,84,177,69,12,0.07,0.68,576,292,206,59,41,15,1.0,0.4,10,0,0
526,326,252,34,62,0.94,0.52,670,167,199,79,93,25,0.52,0.6,1,0,0
508,269,430,61,26,0.51,0.42,846,77,95,63,15,19,0.83,0.9,2,1,1
292,95,449,58,111,0.57,0.46,267,294,282,74,60,5,0.48,0.9,3,1,1
471,219,310,80,33,0.52,0.99,622,351,113,36,79,22,0.35,0.4,0,0,1
724,186,248,56,16,0.15,0.9,956,226,52,42,54,21,0.43,0.4,0,0,1
299,237,295,30,91,0.88,0.54,713,220,75,36,39,2,0.94,1.0,1,0,1
265,311,261,49,45,0.95,0.78,244,154,63,34,93,20,0.81,1.0,5,1,1
398,38,184,40,71,0.79,0.55,227,233,254,75,80,19,0.84,0.4,10,1,0
469,352,460,71,99,0.2,0.34,294,195,190,53,116,16,0.81,0.8,3,1,1
471,99,389,31,108,0.04,0.92,963,372,199,45,44,17,0.52,1.0,3,1,0
52,118,472,60,102,0.66,0.7,855,600,124,63,44,8,0.86,0.9,1,1,0
94,331,375,33,66,0.74,0.84,196,537,150,57,36,16,0.94,0.6,0,1,0
427,267,194,62,29,0.12,0.71,723,551,119,30,95,24,0.79,1.0,1,0,1
435,141,304,79,96,0.16,0.37,619,155,277,72,120,10,0.77,1.0,3,1,1
472,368,130,69,13,0.63,0.32,103,248,291,39,63,4,0.5,1.0,0,0,1
141,17,222,50,24,0.97,0.56,910,165,293,57,49,2,0.64,0.8,0,0,0
195,223,345,76,27,0.02,0.87,747,558,253,74,30,16,0.86,0.9,0,1,0
679,170,258,61,1,0.78,0.66,313,251,136,72,68,24,0.99,0.9,0,1,1
671,149,86,62,4,0.66,0.48,420,48,278,60,50,17,0.42,0.6,0,0,1
445,170,256,49,45,0.72,0.42,437,389,207,39,84,8,0.5,0.8,0,0,1
668,110,446,79,1,0.02,0.71,975,559,213,42,29,6,0.6,0.4,10,0,0
406,41,217,45,69,0.88,0.41,692,274,289,42,44,21,0.92,0.6,2,0,0
299,132,476,37,68,0.78,0.9,786,349,280,77,97,13,0.74,0.8,3,0,0
356,151,225,78,34,0.36,0.42,818,212,207,55,22,10,0.4,1.0,3,0,1
616,99,148,48,108,0.4,0.79,280,427,144,66,118,8,0.84,0.4,0,1,0
716,19,169,68,117,0.12,0.43,206,470,64,74,85,5,0.83,0.8,3,0,0
124,395,363,66,69,0.44,0.64,852,177,39,80,48,6,0.43,1.0,0,0,1
213,203,238,44,53,0.88,0.5,530,222,83,59,9,5,0.77,1.0,0,1,1
525,281,252,66,11,0.79,0.59,331,365,44,57,84,24,0.87,0.4,0,0,1
664,144,63,46,35,0.02,0.54,665,249,291,45,88,23,0.48,0.9,0,0,0
184,202,447,60,38,0.08,0.42,788,178,225,61,12,14,0.78,0.4,2,1,0
252,361,74,32,115,0.99,0.46,142,368,158,33,75,0,0.94,0.4,5,1,0
561,115,365,64,77,0.99,0.86,661,518,198,69,97,11,0.45,1.0,0,0,1
61,12,118,37,92,0.74,0.41,755,82,151,70,102,21,0.54,0.6,1,0,0
450,157,190,54,1,0.3,0.56,509,136,118,66,64,10,0.46,0.4,5,0,0
188,100,46,36,45,0.91,0.96,884,90,156,75,53,25,0.98,1.0,1,0,0
373,278,81,55,99,0.27,0.83,330,455,86,65,100,9,0.67,0.4,3,1,0
360,57,349,42,10,0.66,0.51,544,426,202,41,38,8,0.32,0.9,10,1,0
287,31,319,48,69,0.1,0.78,948,64,188,53,21,7,0.6,0.4,1,0,1
122,354,440,44,39,0.88,0.8,943,485,82,35,62,9,0.79,0.4,0,1,0
168,228,334,57,94,0.17,0.91,306,451,119,71,35,8,0.42,0.4,0,0,0
62,48,81,51,64,0.08,0.73,903,592,71,66,6,22,0.82,0.4,5,1,0
423,183,159,62,98,0.5,0.92,457,560,135,43,24,17,0.78,0.9,10,1,0
463,166,199,38,39,0.87,0.39,199,570,197,67,77,24,0.66,1.0,3,1,0
481,181,460,56,34,0.24,0.77,216,349,125,63,120,16,0.76,1.0,2,1,1
559,254,156,48,13,0.81,0.33,721,218,239,79,106,15,0.39,0.8,2,1,0
731,184,359,79,11,0.47,0.35,714,92,22,77,55,5,0.56,0.8,2,1,1
387,73,458,58,23,0.54,0.86,189,412,34,71,93,16,0.74,0.9,0,0,1
209,31,379,39,120,1.0,0.55,583,405,265,42,18,7,0.58,0.4,0,0,0
62,92,410,48,85,0.92,0.69,550,369,56,68,84,22,0.72,0.4,0,0,0
393,273,149,65,91,0.36,0.99,304,123,263,80,79,6,0.5,0.6,0,1,1
615,204,114,47,51,0.65,0.81,823,514,83,52,25,0,0.38,0.8,0,1,1
323,333,109,53,39,0.67,0.87,826,435,58,78,10,16,0.77,0.6,0,1,0
111,163,284,35,40,0.82,0.6,848,258,296,52,6,16,0.61,0.4,2,0,0
392,329,462,61,50,0.08,0.58,386,562,49,43,56,22,0.69,0.6,3,0,1
311,228,212,48,33,0.67,0.43,973,92,115,61,4,22,0.47,0.9,3,0,1
103,132,161,36,104,0.67,0.69,448,307,30,43,8,2,0.49,1.0,1,0,1
110,344,409,74,83,0.2,0.4,740,53,136,67,67,19,0.51,1.0,1,0,1
432,46,177,52,11,0.1,0.87,239,261,11,57,101,11,0.75,0.9,1,1,1
539,29,56,77,108,0.32,0.8,233,225,235,61,58,2,0.72,1.0,0,0,1
109,235,72,47,58,0.64,0.43,511,169,193,31,4,17,0.55,0.4,10,0,0
489,377,433,41,33,0.34,0.93,896,129,200,39,55,21,0.58,1.0,3,1,1
517,343,218,80,79,0.99,0.4,729,502,69,36,17,22,0.44,1.0,1,0,1
360,64,325,49,53,0.68,0.82,879,280,198,69,57,24,0.95,0.6,1,1,0
165,187,462,70,79,0.82,0.63,355,584,246,58,90,23,0.76,0.8,0,1,1
257,345,114,59,116,0.57,0.47,263,257,272,58,57,11,0.81,0.8,5,0,0
361,211,55,50,92,0.03,0.71,482,173,13,59,103,16,0.59,0.4,5,0,0
477,244,292,80,25,0.91,0.47,176,543,131,68,58,13,0.78,0.4,0,0,1
401,206,252,67,18,0.24,0.88,747,142,156,78,1,1,0.36,0.9,3,0,1
210,382,199,35,26,0.44,0.84,917,169,118,42,89,2,0.62,1.0,10,0,0
475,44,392,61,21,0.22,0.32,201,499,74,30,77,11,0.65,0.8,1,0,1
473,276,403,68,80,0.93,0.82,926,342,41,34,55,5,0.68,0.9,0,0,1
389,394,480,61,22,0.65,0.7,364,408,166,56,96,18,0.76,0.6,0,0,1
548,308,398,35,54,0.66,0.94,858,158,114,57,56,6,0.44,1.0,0,0,1
682,20,271,34,102,0.71,0.68,117,195,134,62,55,13,0.85,0.8,0,0,1
365,13,51,75,74,0.1,0.51,614,475,11,80,19,12,0.88,1.0,5,0,0
349,79,106,31,103,0.28,0.43,694,192,12,65,63,16,0.76,0.8,10,1,0
182,154,420,66,77,0.55,0.94,446,539,259,40,71,6,0.38,1.0,0,1,1
334,79,328,48,62,0.79,0.98,376,288,44,34,97,12,0.43,1.0,1,0,1
593,261,328,67,115,0.43,0.81,780,122,59,37,92,6,0.65,0.4,2,0,1
422,148,218,34,22,0.21,0.38,453,506,148,79,13,15,0.53,0.8,0,0,0
566,59,222,36,71,0.08,0.97,108,527,151,47,47,16,0.91,0.4,0,0,0
566,380,383,60,6,0.35,0.45,212,302,111,36,20,25,0.92,0.9,3,1,1
244,316,329,35,116,0.19,1.0,914,499,298,58,31,24,0.95,0.9,3,0,0
519,200,318,76,12,0.12,0.61,678,431,104,77,105,22,0.73,0.4,5,1,0
425,21,215,33,33,0.01,0.62,372,517,242,36,43,2,0.66,0.6,2,0,0
687,226,387,60,110,0.0,0.76,878,305,108,45,31,1,0.39,0.6,10,0,0
633,117,336,38,41,0.48,0.98,941,141,203,79,30,18,0.39,1.0,2,1,1
527,102,250,52,84,0.76,0.92,139,40,215,72,62,18,0.42,0.6,0,0,1
707,295,496,71,84,0.91,0.77,657,435,235,41,59,17,0.7,1.0,3,0,1
265,45,483,51,115,0.59,0.9,954,339,281,55,48,23,0.88,0.6,10,1,0
565,170,200,67,60,0.57,0.63,765,244,121,37,108,14,0.39,0.8,1,0,1
675,387,482,75,80,0.15,0.94,251,67,41,35,106,0,0.6,1.0,0,0,1
60,336,427,74,103,0.2,0.91,855,581,258,37,72,24,0.54,0.8,5,1,0
501,284,111,38,81,0.72,0.34,252,362,193,46,41,19,0.7,1.0,0,0,1
573,356,180,36,47,0.39,0.98,239,468,50,47,37,17,0.31,0.6,5,1,1
362,268,233,47,36,0.5,0.86,460,73,134,31,89,16,0.41,0.4,10,0,0
217,385,364,62,40,0.21,0.99,145,237,184,57,95,13,0.95,1.0,5,0,1
673,163,263,51,51,0.9,0.41,682,66,297,56,109,23,0.66,0.4,0,1,1
608,252,477,33,9,0.53,0.43,584,388,281,56,54,1,0.76,0.4,1,0,0
132,132,53,79,37,0.01,0.61,323,68,93,36,102,9,0.52,1.0,3,0,1
52,153,373,69,33,0.99,0.68,429,338,138,54,120,21,0.36,0.8,0,0,1
429,275,468,59,17,0.75,0.45,658,548,212,72,100,19,0.47,0.9,10,1,0
87,268,354,49,113,0.06,0.69,802,124,152,63,1,12,0.67,1.0,0,1,1
58,220,121,58,3,0.66,0.74,465,62,47,77,14,4,0.88,0.8,0,0,0
791,260,416,47,52,0.58,0.73,446,551,15,50,88,21,0.33,0.9,2,0,1
497,14,337,79,105,0.87,0.47,543,587,24,41,55,7,0.81,1.0,5,0,1
488,205,250,40,78,0.68,0.75,953,255,244,54,98,2,0.89,1.0,10,0,0
495,212,115,42,93,0.51,0.74,505,208,152,54,93,9,0.86,0.4,0,0,0
522,61,216,53,106,0.68,0.45,328,135,195,32,106,25,0.38,1.0,5,0,1
258,181,447,39,72,0.69,0.49,929,545,28,75,22,24,0.93,0.4,0,0,0
312,311,88,34,97,0.06,0.7,869,256,23,31,101,11,0.58,0.9,10,1,0
265,292,169,55,23,0.02,0.43,350,460,216,79,46,18,0.34,1.0,1,0,0
207,263,143,69,94,0.72,0.87,787,457,216,46,72,19,0.6,0.8,5,0,0
568,22,117,47,10,0.59,0.94,462,200,285,42,12,21,0.57,0.4,1,1,1
748,189,392,53,59,0.13,0.46,401,544,46,50,48,24,0.71,0.8,0,1,1
126,90,399,59,44,0.5,0.98,554,457,65,70,70,24,0.51,0.9,10,0,0
436,104,429,35,25,0.81,0.45,703,566,147,30,5,6,0.72,0.4,1,1,1
624,50,387,35,112,0.86,0.91,252,381,227,76,2,10,0.54,0.8,0,0,1
176,202,490,40,6,0.55,0.84,688,245,263,31,24,19,0.38,1.0,2,0,1
90,334,449,64,100,0.96,0.62,879,599,168,44,34,0,0.93,0.6,2,1,0
63,362,228,59,25,0.6,0.35,601,306,101,39,119,17,0.39,0.4,1,0,0
231,221,54,47,59,0.73,0.73,741,422,66,74,16,0,0.94,0.8,3,0,0
673,124,63,73,55,0.77,0.85,738,520,110,50,58,18,0.93,0.6,5,0,0
242,152,337,50,81,0.8,0.32,974,508,24,71,37,16,0.54,1.0,0,0,0
279,223,178,37,35,0.26,0.93,948,309,86,52,84,22,0.4,0.6,0,0,0
507,78,355,70,97,0.73,0.38,173,526,86,78,65,9,0.58,1.0,5,0,1
107,189,347,80,111,0.35,0.58,110,414,297,50,16,13,0.65,0.6,5,0,1
568,284,121,41,46,1.0,0.8,307,133,89,44,75,24,0.78,0.6,3,1,1
89,221,406,56,77,0.0,0.42,848,310,112,31,69,24,0.62,0.4,0,0,0
335,356,252,74,6,0.24,0.76,974,438,119,51,100,1,0.63,0.6,3,0,0
206,273,497,68,47,0.24,0.82,555,424,242,58,76,13,0.39,0.4,10,1,0
115,161,63,33,19,0.52,0.32,554,271,139,65,12,5,0.98,1.0,3,0,0
459,233,272,36,41,0.54,0.3,480,411,112,73,82,22,0.95,1.0,10,0,0
146,228,457,51,9,0.19,0.74,428,402,141,34,33,7,0.86,0.6,1,0,1
108,371,201,39,96,0.29,0.36,894,472,266,67,31,5,0.93,0.6,0,1,0
189,104,341,30,53,0.37,0.35,410,556,10,61,47,0,0.73,0.9,1,0,0
195,228,360,30,41,0.47,0.61,604,526,79,55,34,17,0.4,0.6,1,1,0
703,253,350,43,15,0.42,0.45,289,532,99,55,89,14,0.41,0.9,0,0,1
105,80,415,60,15,0.2,0.42,735,580,73,45,20,6,0.45,0.6,5,1,0
643,280,453,73,14,0.7,0.93,317,537,47,71,64,11,0.72,0.6,0,1,1
496,355,400,39,54,0.15,0.44,560,293,261,34,59,4,0.92,0.8,2,0,1
200,89,169,76,1,0.72,0.84,299,569,40,65,6,17,0.98,0.6,2,1,0
521,290,42,64,0,0.04,0.35,388,392,57,59,63,25,0.4,0.8,0,1,0
456,112,358,79,72,0.67,0.43,975,135,111,31,103,24,0.55,0.4,1,1,1
755,396,122,52,56,0.62,0.47,412,98,26,74,7,15,0.36,0.6,1,0,1
797,108,375,72,54,0.04,0.37,138,438,296,41,24,0,0.61,0.6,1,1,1
216,161,283,52,93,0.03,0.79,601,291,68,45,52,1,0.87,1.0,5,1,0
783,237,286,39,109,0.21,0.65,949,297,267,47,78,8,0.82,0.9,1,0,0
544,338,113,30,31,0.76,0.66,507,296,55,65,56,1,0.73,0.9,2,1,0
504,79,68,54,74,0.57,0.33,320,123,281,73,7,15,0.63,0.8,1,1,0
632,46,152,46,81,0.57,0.84,884,582,248,32,23,24,0.83,0.4,0,1,1
155,252,451,50,53,0.66,0.34,687,467,279,41,120,0,0.42,1.0,1,0,0
299,72,334,52,98,0.47,0.75,569,70,160,35,63,3,0.57,1.0,5,0,1
139,193,442,39,98,0.35,0.87,189,296,215,36,40,5,0.45,0.9,0,0,1
563,280,92,48,71,0.55,0.54,892,458,149,53,98,23,0.52,0.8,10,0,0
718,230,59,60,88,0.01,0.42,418,119,128,70,38,11,0.64,1.0,0,0,0
690,336,169,71,85,0.88,0.69,783,598,46,70,25,9,0.75,0.9,0,0,1
63,346,260,60,78,0.65,0.95,209,241,250,68,47,9,0.78,0.9,0,0,1
374,256,147,55,22,0.51,0.92,347,260,255,55,5,5,0.33,0.8,0,0,1
704,230,274,32,87,0.59,0.55,329,592,40,55,42,8,0.77,1.0,0,0,1
134,200,74,32,92,0.77,0.74,438,588,193,68,31,19,0.91,0.8,2,0,0
71,399,107,47,101,0.83,0.8,969,519,265,55,22,17,0.97,0.6,0,0,0
443,71,76,35,4,0.0,0.45,676,494,275,35,35,16,0.33,0.4,3,1,0
138,184,55,41,115,0.55,0.48,293,585,72,39,11,23,0.65,0.8,0,0,0
540,389,468,71,28,0.46,0.6,779,41,110,37,86,12,0.47,0.8,5,0,1
317,344,285,69,67,0.51,0.48,656,410,83,54,114,20,0.84,0.9,0,1,1
356,161,298,67,95,0.35,0.75,125,242,249,54,115,16,0.4,1.0,1,1,1
391,254,399,55,110,0.68,0.78,400,322,220,41,58,15,0.46,0.9,3,1,1
666,344,381,62,27,0.73,0.97,986,97,114,42,59,3,0.61,1.0,1,0,1
344,71,120,35,115,0.81,0.43,543,302,242,58,45,2,0.41,1.0,0,1,0
585,187,213,36,23,0.44,0.92,859,564,134,45,103,14,0.56,1.0,0,1,0
336,231,379,65,49,0.77,0.9,804,301,132,49,105,22,0.49,0.9,0,1,1
270,84,165,61,24,0.83,0.83,904,568,209,73,17,15,0.34,0.4,0,0,0
528,177,85,33,112,0.34,0.91,498,285,234,38,101,24,0.61,0.6,0,0,1
477,205,349,51,16,0.76,0.37,715,120,90,50,80,17,0.82,0.4,2,0,0
756,380,298,48,103,0.69,0.34,417,375,86,44,19,15,0.68,1.0,0,0,1
87,13,339,69,76,0.79,0.82,699,324,21,68,64,4,0.97,0.8,0,0,0
50,101,61,43,120,0.25,0.6,632,591,104,42,45,2,0.38,0.8,0,0,0
256,16,489,35,4,0.64,0.93,881,407,141,33,15,13,0.84,1.0,2,0,0
642,308,454,44,73,0.09,0.7,851,45,265,66,51,23,0.88,0.6,0,1,1
770,300,120,42,59,0.24,0.36,810,377,188,31,67,10,0.46,1.0,0,1,1
599,167,127,58,87,0.68,0.72,783,113,283,67,75,0,0.55,0.9,10,1,0
744,158,356,31,42,0.65,0.94,938,94,81,80,24,5,0.99,1.0,0,1,1
743,44,348,36,23,0.76,0.91,575,412,149,53,92,15,0.99,0.6,2,0,0
112,47,235,38,115,0.08,0.4,292,196,252,66,24,21,0.58,0.9,0,1,0
348,388,401,69,26,0.59,0.52,953,146,152,47,22,2,0.87,0.6,1,1,1
440,268,413,42,90,0.94,0.92,361,481,130,43,0,7,0.52,0.9,3,0,1
233,161,111,73,60,0.22,0.96,165,304,216,67,39,7,0.92,0.9,0,0,1
674,354,352,64,18,0.39,0.7,898,278,176,35,50,0,0.73,1.0,1,0,1
759,72,484,51,108,0.75,0.39,877,499,18,75,50,16,0.6,1.0,0,1,1
236,357,292,47,2,0.94,0.76,757,281,106,52,107,6,0.39,0.4,0,0,1
381,333,346,41,101,0.57,0.31,803,561,84,68,44,21,0.99,1.0,5,0,0
229,334,212,62,59,0.57,0.72,169,243,167,46,114,20,0.42,0.9,3,0,1
497,177,105,30,30,0.13,0.3,797,415,37,53,50,10,0.98,0.4,5,0,0
261,305,426,41,116,0.76,0.95,773,399,15,78,79,12,0.35,0.8,10,0,0
568,253,336,32,116,0.9,0.71,538,381,229,50,68,21,0.86,0.9,0,0,1
686,325,177,65,116,0.07,0.84,432,135,99,57,7,20,0.63,0.6,1,0,1
317,283,120,43,28,0.55,0.8,801,162,215,53,62,18,0.75,1.0,10,0,0
777,139,44,50,97,0.55,0.95,784,90,67,69,32,18,0.95,0.6,0,0,0
414,270,475,59,5,0.1,0.54,325,262,163,34,31,10,0.62,0.9,3,0,1
559,268,295,42,71,0.55,0.84,268,196,81,41,96,16,0.97,0.8,0,1,1
184,251,494,54,87,0.72,0.82,157,82,130,58,109,15,0.72,1.0,1,1,1
581,347,93,51,46,0.04,0.55,516,156,240,73,41,18,0.85,0.8,0,0,0
739,325,266,72,78,0.99,0.8,966,175,207,74,90,16,0.41,0.6,0,0,1
432,156,218,60,0,0.4,0.46,460,504,84,48,75,16,0.74,0.6,0,0,0
229,341,53,30,51,0.98,0.8,232,331,36,33,61,8,0.96,0.6,10,0,0
96,224,148,48,11,0.71,0.36,701,419,48,55,38,18,0.94,0.4,0,0,0
531,225,191,45,18,0.76,0.41,724,115,125,53,105,13,0.33,1.0,0,1,1
169,301,356,69,25,0.32,0.85,977,292,143,78,44,1,0.91,0.4,5,1,0
232,38,364,62,39,0.4,0.67,890,450,37,35,60,15,0.58,0.6,2,1,0
255,227,272,65,1,0.39,0.36,371,101,16,53,1,23,0.62,0.6,10,1,0
188,253,123,34,109,0.54,0.51,380,378,132,74,2,5,0.31,0.4,5,0,0
348,259,300,60,48,0.2,0.57,875,247,147,58,19,14,0.47,1.0,3,1,1
152,15,283,75,26,0.95,0.62,261,328,51,59,5,20,0.58,1.0,2,0,1
459,114,477,60,1,0.24,0.57,431,266,39,37,91,20,0.95,1.0,0,0,1
460,326,259,36,47,0.45,0.75,787,420,137,38,85,15,0.89,0.8,2,0,0
369,196,385,61,78,0.57,0.87,985,168,208,31,7,0,0.85,1.0,5,1,1
222,158,180,58,29,0.39,0.69,406,353,135,50,47,9,0.66,0.4,0,0,0
82,147,368,61,96,0.4,0.61,792,139,16,59,54,2,0.38,0.8,0,1,1
119,246,203,55,31,0.68,0.84,273,217,149,62,41,24,0.34,0.9,0,0,1
585,198,184,65,62,0.2,0.4,606,432,38,65,45,7,0.31,0.6,0,0,1
291,152,127,40,4,0.17,0.34,635,510,227,42,60,5,0.88,1.0,10,1,0
227,155,426,37,28,0.92,0.79,248,366,173,56,84,0,0.83,0.6,3,0,0
255,289,140,55,100,0.21,0.64,246,243,27,61,1,2,0.71,0.8,3,0,0
512,12,360,66,20,0.83,0.72,206,287,17,38,55,19,0.65,0.8,0,0,1
523,160,368,79,80,0.3,0.72,425,224,110,41,95,20,0.69,0.9,0,0,1
285,333,225,31,2,0.67,0.46,178,578,291,80,3,4,0.85,0.4,5,1,0
531,260,82,59,14,0.8,0.72,412,158,69,40,33,17,0.96,0.4,0,0,1
733,112,297,62,67,0.21,0.52,230,499,30,49,13,23,0.89,0.9,10,1,0
702,369,403,55,49,0.46,0.56,616,214,198,61,8,1,0.97,0.9,3,1,1
671,196,278,63,1,0.24,0.35,552,331,242,62,110,6,0.75,0.9,0,0,1
339,80,51,72,13,0.2,0.56,443,399,25,42,73,8,0.84,0.9,0,0,0
621,342,471,43,53,0.04,0.9,211,539,24,54,40,16,0.94,1.0,10,1,0
279,293,256,44,41,0.44,0.6,477,341,107,56,104,15,0.67,0.4,5,0,0
690,101,473,70,6,0.73,0.44,397,225,111,38,109,12,0.67,1.0,3,0,1
328,202,162,31,68,0.08,0.82,468,56,141,66,89,15,0.45,0.8,2,0,1
248,245,284,76,37,0.0,0.93,293,491,64,54,98,1,0.38,0.9,2,0,1
92,237,199,68,35,0.32,0.47,248,330,238,63,22,25,0.9,0.6,5,0,0
513,312,327,69,6,0.81,0.68,241,570,162,75,61,18,0.86,0.4,0,1,1
420,274,185,80,88,0.61,0.35,321,122,189,63,34,24,0.45,0.4,1,0,1
312,322,360,73,60,0.86,0.37,912,555,283,39,12,20,0.87,0.9,1,0,1
100,99,306,57,116,0.51,0.6,637,82,230,57,86,22,0.83,0.6,1,1,0
614,301,79,51,73,0.61,0.62,210,442,292,56,50,5,0.51,0.4,0,0,1
604,218,128,55,14,0.86,0.82,503,341,296,38,20,24,0.31,0.6,2,1,1
218,251,284,69,105,0.91,0.81,818,270,39,75,104,21,0.43,0.4,2,0,0
397,102,263,67,88,0.99,0.31,653,228,41,44,18,24,0.39,0.8,5,0,0
714,306,121,50,112,0.9,0.4,103,595,172,46,73,4,0.89,1.0,0,0,1
211,23,279,57,118,0.64,0.79,461,346,233,51,19,8,0.4,0.9,1,0,1
228,292,191,70,31,0.94,0.95,305,235,161,75,120,9,0.44,0.4,0,0,1
702,142,368,49,21,0.48,0.83,250,561,12,47,53,7,0.63,0.9,2,0,1
411,354,138,47,5,0.2,0.34,231,91,213,42,11,22,0.84,0.4,0,0,0
536,143,60,31,82,0.56,0.43,966,297,67,30,50,16,0.68,1.0,10,1,0
534,216,372,55,109,0.68,0.72,572,256,132,58,99,3,0.82,0.9,0,0,1
203,164,245,36,101,0.5,0.94,523,323,14,45,52,5,0.97,0.6,3,0,0
744,348,216,50,53,0.67,0.31,983,450,277,55,12,24,0.6,0.4,1,0,0
621,56,176,35,105,0.31,0.89,925,444,273,62,77,22,0.84,0.9,0,0,0
194,59,213,37,2,0.52,0.51,966,157,199,57,119,0,0.61,1.0,0,0,0
695,374,337,79,65,0.12,0.91,210,462,271,46,30,19,0.41,0.9,0,1,1
402,336,419,49,26,0.78,0.31,148,263,70,77,49,21,0.75,1.0,5,1,0
216,265,30,61,90,0.69,0.45,218,540,200,55,56,5,0.84,0.9,5,1,0
195,265,80,65,117,0.42,0.61,929,279,69,40,13,20,0.66,0.4,0,1,0
574,122,48,42,13,0.87,0.39,935,383,106,41,87,14,0.51,1.0,3,1,0
298,286,33,79,84,0.8,0.44,860,395,205,65,89,2,0.72,0.8,0,0,0
470,279,258,70,44,0.31,0.7,203,237,170,48,87,21,0.45,1.0,0,1,1
756,34,297,80,61,0.29,0.98,668,149,168,43,23,6,0.45,0.8,3,1,1
752,308,352,60,30,0.58,0.42,494,524,212,61,23,19,0.5,0.6,3,1,1
254,11,481,60,110,0.13,0.94,615,206,284,76,23,12,0.77,0.4,0,0,0
311,334,309,35,24,0.52,0.81,914,570,280,57,15,0,0.3,0.4,5,0,0
515,133,157,61,77,0.9,0.34,610,437,34,39,34,0,0.5,0.9,10,1,0
255,350,311,77,36,0.59,0.33,862,274,199,75,104,25,0.59,0.4,3,1,0
742,125,134,64,90,0.94,0.98,105,198,280,32,10,18,0.82,0.6,1,0,1
627,138,439,67,6,0.43,0.69,274,543,289,73,113,11,0.55,0.8,5,0,1
781,213,218,33,19,0.01,0.81,561,176,223,59,1,13,0.56,0.4,3,0,0
292,75,54,76,97,0.15,0.58,625,220,206,36,33,25,0.49,0.9,0,1,1
416,391,471,36,81,0.34,0.94,966,598,25,80,46,5,0.69,1.0,3,1,0
786,14,462,34,1,0.18,0.49,567,561,34,73,41,14,0.6,0.4,3,1,0
339,300,116,70,58,0.1,0.62,613,236,226,73,45,13,0.47,0.4,3,0,0
269,338,71,33,15,0.67,0.89,561,171,209,35,83,24,0.78,0.9,2,1,0
322,263,422,64,71,0.58,0.56,719,505,177,56,65,18,0.46,0.6,2,0,1
437,242,189,36,65,0.93,0.51,967,521,18,59,70,10,0.34,0.4,2,0,0
290,275,107,59,113,0.19,0.48,698,321,171,61,25,15,0.59,0.6,10,0,0
450,360,50,78,1,0.19,0.9,228,457,142,79,4,20,0.74,0.6,3,1,0
117,317,356,56,111,0.72,0.78,187,499,299,45,10,13,0.97,0.8,2,0,1
320,65,481,34,39,0.06,0.99,189,484,202,40,56,8,0.75,0.9,1,0,1
240,95,113,54,64,0.61,0.61,414,537,291,31,83,16,0.69,1.0,10,0,0
248,323,427,79,46,0.12,0.88,931,370,152,63,36,12,0.6,0.9,2,0,1
257,132,347,76,99,0.36,0.87,439,322,271,72,26,25,0.77,0.6,0,0,1
100,275,355,38,70,0.18,0.33,565,235,172,58,45,20,0.93,1.0,0,0,0
633,100,206,33,33,0.65,0.86,609,442,187,51,98,5,0.86,0.9,3,0,0
715,221,491,45,111,0.51,0.39,241,410,47,70,41,18,0.49,0.8,2,0,1
748,319,378,41,53,0.59,0.79,457,454,291,52,73,5,0.48,0.6,1,1,1
639,306,468,58,36,0.9,0.44,548,112,37,47,15,10,0.94,0.4,5,0,1
623,86,332,80,26,0.65,0.32,236,562,296,31,24,3,0.79,0.8,10,0,1
463,253,305,39,50,0.61,0.34,942,405,181,37,28,21,0.47,0.6,10,1,0
783,242,480,44,92,0.82,0.96,210,321,50,42,6,12,0.85,0.8,1,0,1
367,165,290,48,73,0.71,0.94,302,386,233,79,102,12,0.64,0.6,0,1,1
225,199,145,61,114,0.33,0.59,493,217,211,74,72,0,0.31,0.6,0,1,1
323,46,443,72,64,0.77,0.86,626,457,292,30,22,8,0.72,0.8,0,0,1
569,48,118,74,6,0.7,0.32,745,588,10,33,45,0,0.71,0.9,10,1,0
134,276,462,31,60,0.92,0.31,240,448,278,51,28,14,0.67,0.6,0,0,0
778,286,351,41,83,0.54,0.86,469,424,275,42,110,22,0.37,0.4,5,0,0
591,332,304,80,80,0.23,0.8,282,527,148,73,35,21,0.42,0.4,0,0,1
268,255,362,67,94,0.3,0.39,437,337,133,46,85,15,0.9,0.6,3,0,0
105,35,248,72,101,0.24,0.51,270,47,27,40,26,6,0.65,0.4,0,0,1
344,39,215,31,82,0.38,0.32,954,416,130,74,76,20,0.6,0.4,0,1,0
737,359,429,75,62,0.04,0.71,118,599,65,48,19,6,0.56,0.4,0,0,1
728,70,94,37,53,0.67,0.99,665,517,111,59,84,25,0.88,0.9,0,0,0
800,66,83,77,82,0.23,0.63,129,230,85,56,97,7,0.98,0.6,0,0,1
292,104,496,37,88,0.68,0.85,582,281,35,52,2,23,0.8,0.4,10,1,0
520,323,266,32,81,0.57,0.65,873,511,175,42,120,7,0.69,0.4,0,1,0
363,170,244,73,23,0.57,0.89,513,367,81,67,50,22,0.82,0.8,10,0,0
75,399,111,61,94,0.52,0.6,946,115,39,43,99,23,0.33,0.6,0,0,0
86,162,91,43,111,0.02,0.8,436,64,23,67,23,6,0.45,0.6,10,0,0
263,325,499,77,80,0.75,0.54,911,374,162,41,72,13,0.43,0.4,3,0,1
759,181,117,43,53,0.0,0.79,237,95,32,40,98,10,0.87,0.6,10,0,0
756,204,293,61,60,0.92,0.7,574,567,278,50,24,20,0.87,0.8,0,0,1
610,281,136,58,28,0.34,0.95,286,83,232,37,80,19,0.56,0.4,3,0,1
238,200,333,46,61,0.91,0.72,440,402,192,66,45,16,0.33,1.0,3,0,1
149,167,92,68,56,0.26,0.57,422,56,212,48,4,11,0.72,1.0,5,1,0
674,165,228,32,12,0.09,0.89,782,504,55,33,98,17,0.39,0.6,0,1,1
546,320,399,46,76,0.62,0.33,583,394,85,55,56,6,0.45,0.9,10,0,0
50,334,140,42,106,0.19,0.74,131,123,11,50,60,21,0.52,0.6,0,1,1
746,262,366,33,56,0.62,0.66,408,321,283,51,44,17,0.86,1.0,0,0,1
118,170,471,62,38,0.83,0.4,598,114,255,55,70,17,0.81,0.8,3,0,0
657,68,362,73,105,0.26,0.82,785,256,13,62,101,7,0.5,1.0,10,0,0
332,236,126,79,42,0.55,0.66,936,525,123,42,11,15,0.75,0.6,0,1,1
90,42,292,76,95,0.8,0.8,656,369,206,72,74,11,0.42,0.9,10,1,0
165,358,357,46,21,0.36,0.87,520,258,106,38,49,6,0.82,0.6,10,1,0
94,107,481,45,14,0.99,0.81,204,460,118,33,10,16,0.81,0.8,3,0,1
799,205,292,40,59,0.31,0.92,680,100,59,56,42,5,0.5,0.8,5,0,1
757,385,54,78,58,0.51,0.44,781,553,251,73,100,25,0.91,0.4,1,0,0
694,378,376,36,97,0.19,0.36,448,469,153,61,100,11,0.64,1.0,5,0,0
623,216,116,41,99,0.91,0.73,228,490,126,77,22,6,0.65,0.4,2,0,0
258,109,308,52,101,0.98,0.53,676,600,235,76,24,12,0.46,0.8,5,1,0
61,95,441,30,109,0.62,0.96,421,265,31,61,53,5,0.73,0.8,0,0,0
96,60,424,78,13,0.35,0.57,790,448,156,66,16,6,0.35,0.9,3,0,0
446,171,287,64,91,0.66,0.85,467,46,12,34,116,15,0.77,0.4,1,0,1
414,286,178,35,72,0.52,0.46,520,263,190,46,12,14,0.72,0.4,2,0,0
754,296,107,80,84,0.56,0.98,184,41,120,68,48,6,0.41,0.9,3,1,1
246,398,309,47,114,0.6,0.39,933,194,15,42,95,9,0.82,0.6,2,0,0
778,183,155,52,5,0.38,0.97,609,63,210,34,90,19,0.96,0.9,0,1,1
555,387,247,67,98,0.39,0.45,402,361,30,61,75,6,0.77,0.9,0,0,1
492,60,86,74,31,0.13,0.77,213,399,50,55,8,13,0.69,0.9,1,1,1
202,75,330,33,30,0.85,0.88,316,505,286,40,56,22,0.44,0.8,5,0,0
197,15,436,46,12,0.38,0.53,115,371,136,35,69,3,0.44,0.9,0,0,1
741,31,191,38,91,0.59,0.32,431,87,121,43,7,16,1.0,0.9,0,1,1
193,305,190,71,71,0.93,0.73,296,304,127,30,50,23,0.36,0.6,2,0,1
212,359,37,31,89,0.91,0.97,735,206,133,41,80,15,0.61,1.0,3,0,0
138,152,469,68,113,0.82,0.73,757,120,157,58,7,4,0.37,0.4,0,1,1
569,77,297,66,118,0.04,0.82,443,46,158,70,75,12,0.78,0.6,10,1,0
613,242,53,63,95,0.26,0.93,473,329,167,65,58,14,0.3,1.0,0,1,1
416,109,341,79,117,0.61,0.3,601,573,48,65,62,2,0.81,1.0,0,0,1
61,323,455,43,6,0.77,0.45,917,409,119,72,45,19,0.87,1.0,3,0,0
702,197,191,49,48,0.93,0.53,873,170,11,71,18,23,0.7,1.0,10,0,0
396,114,404,50,91,0.05,0.82,682,132,248,67,1,2,0.89,0.6,1,0,1
735,387,95,50,19,0.7,0.52,347,510,50,64,39,2,0.73,1.0,0,0,0
556,62,92,42,114,0.43,0.84,803,526,185,66,89,23,0.44,0.6,1,1,0
479,81,190,78,113,0.48,0.88,732,436,86,63,105,24,0.87,0.8,10,1,0
372,360,247,73,10,0.16,0.86,724,562,35,49,7,22,0.66,0.8,0,0,1
326,213,306,38,25,0.48,0.47,891,45,128,33,19,21,0.74,0.8,0,0,1
131,57,159,46,61,0.21,0.4,264,530,85,41,50,17,0.76,0.9,3,0,0
316,317,202,56,85,0.65,0.32,300,382,204,66,36,15,0.93,0.4,0,1,0
320,316,100,52,52,0.97,0.43,735,575,36,55,3,14,0.34,0.4,1,0,0
523,138,35,37,35,0.57,0.77,525,142,36,46,29,3,0.49,1.0,0,1,1
204,189,334,65,99,0.16,0.64,686,556,71,58,58,14,0.66,0.9,0,0,0
686,360,495,58,26,0.32,0.37,214,231,97,74,110,24,0.4,0.8,1,0,1
298,46,377,33,91,0.2,0.75,447,384,78,70,1,8,0.59,0.4,0,1,0
514,54,297,67,97,0.29,0.62,826,148,216,75,93,6,0.54,1.0,0,0,1
428,68,233,80,106,0.65,0.55,856,330,101,58,109,1,0.77,1.0,0,0,1
786,174,273,53,27,0.92,0.8,860,122,29,49,22,7,0.38,0.8,10,0,1
213,218,355,55,7,0.82,0.73,295,361,157,77,0,3,0.72,0.6,0,0,1
112,204,416,61,18,0.36,0.71,730,136,124,57,108,9,0.45,0.6,0,0,1
438,29,33,70,29,1.0,0.93,587,380,291,42,114,1,0.53,0.9,0,0,1
546,333,91,47,85,0.25,0.73,830,569,264,52,20,14,0.56,0.9,1,0,0
88,119,469,53,56,0.81,0.63,932,456,247,49,87,3,0.99,0.4,1,0,0
751,276,161,30,30,0.03,0.49,959,124,148,48,96,6,0.72,0.4,0,0,0
528,281,83,48,37,0.5,0.62,561,232,243,67,113,6,0.59,0.9,0,1,0
132,308,449,60,56,0.79,0.92,803,301,160,35,42,20,0.85,0.6,1,0,1
317,78,195,71,101,0.71,0.83,808,415,215,59,62,22,0.58,0.4,0,0,0
106,301,363,44,60,0.73,0.94,394,449,235,79,100,11,0.93,0.6,0,0,0
416,47,244,71,113,0.96,0.44,876,530,128,45,2,7,0.82,0.6,10,1,0
228,235,477,72,0,0.3,0.95,253,409,43,36,39,13,0.88,0.6,10,0,0
636,209,71,35,89,0.29,0.38,583,595,222,74,72,16,0.86,0.6,1,0,0
738,171,278,33,80,0.37,0.46,372,114,133,56,61,21,0.89,1.0,1,0,1
692,12,206,52,12,0.43,0.84,507,587,225,66,39,6,0.99,0.9,1,1,0
503,317,75,43,30,0.2,0.41,105,347,104,47,115,13,0.42,0.8,3,1,1
54,345,409,65,6,0.11,0.66,546,548,199,30,105,10,0.4,0.6,3,0,0
186,295,387,37,54,0.35,0.38,349,241,293,58,72,0,0.75,1.0,5,0,0
78,48,133,75,86,0.46,0.33,498,108,164,71,69,15,0.67,1.0,10,0,0
236,372,464,58,105,0.62,0.9,971,440,254,77,41,18,0.54,0.4,10,0,0
767,373,305,69,59,0.8,0.48,910,511,240,56,63,18,0.93,0.4,1,0,0
572,287,377,72,107,0.45,0.93,718,346,177,33,52,5,0.69,1.0,0,0,1
342,42,177,74,102,0.76,0.98,520,153,67,80,91,23,0.67,1.0,0,1,1
210,146,251,58,27,0.71,0.94,500,307,35,33,118,14,0.57,0.9,0,0,1
416,119,167,78,26,0.72,0.36,303,307,12,50,120,12,0.82,0.6,1,1,1
599,95,335,49,96,0.07,0.39,708,407,87,68,78,3,0.33,1.0,2,0,1
327,117,209,47,46,0.17,0.47,901,596,50,60,63,21,0.83,1.0,3,1,0
465,297,364,51,78,0.21,0.98,486,310,59,34,55,4,0.7,0.8,5,1,1
290,296,454,52,65,0.46,0.93,253,420,179,73,94,8,0.43,1.0,3,0,1
417,215,293,36,112,0.32,0.39,281,162,48,38,86,18,0.78,0.4,0,1,1
443,368,433,54,97,0.48,0.91,362,253,181,36,101,11,0.75,0.9,5,0,1
225,30,128,39,96,0.11,0.73,179,252,220,41,57,9,0.73,0.6,10,0,0
178,110,465,33,10,0.5,0.47,436,174,120,44,112,20,0.77,0.6,10,1,0
136,233,169,69,56,0.99,0.67,607,406,23,68,62,5,0.4,0.6,10,0,0
472,128,476,70,59,0.23,0.72,733,391,179,66,113,4,0.58,1.0,2,0,1
433,293,493,31,7,0.13,0.33,246,425,56,69,90,18,0.35,0.9,0,0,1
677,138,422,62,75,0.23,0.4,806,96,117,68,16,25,0.47,0.8,3,0,1
145,112,413,36,91,0.66,0.37,712,155,175,75,77,14,0.45,0.9,2,1,0
282,48,377,40,35,0.01,0.54,720,273,233,51,12,24,0.71,1.0,0,0,0
81,86,342,64,86,0.54,0.78,620,446,169,44,30,7,0.75,1.0,5,0,0
749,348,357,61,95,0.88,0.92,231,592,107,69,84,9,0.55,0.6,2,1,1
579,312,466,66,21,0.2,0.39,421,425,270,64,72,4,0.56,0.8,1,0,1
456,221,91,79,74,0.42,0.62,171,427,79,75,76,2,0.6,0.6,0,1,1
210,235,167,58,94,0.74,0.97,494,312,80,46,3,13,0.76,1.0,3,0,1
284,285,104,72,16,0.63,0.46,505,224,90,36,100,4,0.9,1.0,0,1,1
240,283,368,80,94,0.94,0.38,216,385,89,68,56,14,0.65,0.9,5,0,1
482,313,61,40,31,0.61,0.65,320,195,104,34,98,19,0.43,1.0,1,0,1
389,217,379,54,70,0.43,0.89,586,519,18,42,86,11,0.91,1.0,0,0,1
260,188,383,33,31,0.52,0.89,836,317,270,64,39,16,0.43,0.4,1,0,0
563,157,55,32,93,0.71,0.41,498,76,111,44,68,12,0.77,0.4,5,0,0
744,96,248,70,61,0.08,0.95,784,105,265,77,109,13,0.82,0.6,10,1,0
138,351,378,35,107,0.77,0.74,912,132,32,58,55,10,0.56,0.6,0,0,1
273,105,273,48,30,0.19,0.38,861,377,283,40,33,5,0.65,0.8,1,0,0
530,271,194,46,46,0.82,0.96,344,406,291,31,28,1,0.9,0.9,0,0,1
675,159,248,61,86,0.22,0.55,436,43,211,61,38,11,0.68,0.8,10,0,0
348,318,152,54,13,0.29,0.81,719,339,259,36,91,7,0.62,0.4,0,0,0
403,157,468,49,75,0.27,0.76,569,242,91,41,41,1,0.68,0.6,3,0,1
381,204,183,70,63,0.9,0.68,744,545,53,41,101,19,0.39,1.0,1,0,1
184,44,499,56,75,0.11,0.98,382,315,112,48,6,2,0.33,0.9,5,1,1
284,366,447,33,92,0.5,0.48,129,197,245,71,2,16,0.98,0.9,2,0,1
380,287,198,78,66,0.15,0.34,533,589,284,38,4,12,0.88,0.6,0,0,0
277,234,327,59,111,0.44,0.69,223,378,197,70,31,24,0.38,0.9,0,1,1
327,263,428,47,23,0.1,0.95,939,446,110,75,19,2,0.38,1.0,2,0,1
90,123,50,53,109,0.03,0.83,514,117,55,42,81,10,0.85,0.8,0,0,0
779,352,192,38,21,0.17,0.8,403,41,227,64,90,12,0.65,0.4,0,0,1
136,182,258,47,43,0.75,0.5,356,207,255,79,19,22,0.8,1.0,2,0,0
405,74,383,36,1,0.4,0.79,110,589,169,56,89,11,0.69,0.8,1,0,1
642,123,155,34,36,0.93,0.39,310,413,215,44,91,9,0.55,0.8,0,0,0
243,371,327,64,102,0.79,0.85,559,239,69,64,19,4,0.9,1.0,0,0,1
416,254,372,74,55,0.41,0.32,306,76,229,72,100,7,0.39,0.6,3,0,1
59,182,442,62,1,0.38,0.43,893,381,104,75,62,20,0.61,0.9,2,0,0
761,147,330,63,41,0.95,0.6,387,551,116,80,9,21,0.38,0.6,0,1,1
439,195,358,59,27,0.91,0.91,879,554,106,46,50,21,0.63,0.4,0,0,0
387,364,114,38,114,0.3,0.74,507,52,280,41,55,2,0.32,0.6,2,1,1
194,278,176,58,4,0.67,0.45,100,135,249,53,21,25,0.73,0.8,2,0,1
589,371,379,61,120,0.48,0.87,638,405,78,76,92,2,0.73,1.0,0,1,1
190,91,399,37,5,0.85,0.43,139,476,36,60,85,8,0.92,1.0,0,1,0
186,21,108,37,7,0.6,0.82,429,480,160,73,92,25,0.96,0.4,10,0,0
749,144,83,30,39,0.42,0.83,336,394,168,72,45,8,0.63,0.4,10,0,0
117,52,282,63,58,0.65,0.87,441,93,93,69,56,16,0.97,0.4,0,0,1
569,43,137,67,116,0.92,0.66,808,547,11,57,108,4,0.56,0.4,1,0,0
284,156,286,56,98,0.21,0.74,156,116,68,32,69,12,0.65,1.0,1,1,1
786,85,458,37,54,0.5,0.77,822,558,209,55,111,9,0.74,0.6,5,1,0
796,217,59,67,10,0.32,0.98,451,161,157,38,49,0,0.53,1.0,5,0,1
498,320,67,43,78,0.39,0.99,209,101,293,70,7,23,0.71,0.8,10,0,0
752,159,197,52,72,0.29,0.49,871,269,77,47,66,9,0.6,0.9,2,1,1
497,233,40,43,15,0.65,0.64,673,256,195,61,90,20,0.93,0.4,0,0,0
144,222,102,64,76,0.68,0.79,437,367,174,75,45,12,0.63,0.4,3,0,0
200,254,99,79,75,0.68,0.67,419,149,74,48,51,16,0.86,0.6,5,0,0
98,133,65,41,30,0.19,0.59,488,268,134,63,39,16,0.73,0.9,0,0,0
211,291,454,70,37,0.54,0.52,541,229,254,77,24,21,0.63,1.0,0,1,1
278,185,387,50,37,0.81,0.94,898,287,115,36,114,14,0.95,0.8,5,0,0
121,377,249,71,19,0.66,0.67,523,330,225,39,93,16,0.62,1.0,0,0,1
73,69,130,31,91,0.34,0.41,883,550,271,59,13,10,0.78,1.0,0,0,0
414,52,379,69,98,0.08,0.87,665,202,260,66,55,14,0.94,0.4,3,0,0
746,297,230,61,100,0.79,0.66,389,53,35,35,77,5,0.76,0.8,2,1,1
574,93,285,60,113,0.0,0.35,902,130,255,69,37,20,0.89,0.4,5,0,0
274,222,208,43,120,0.39,0.53,414,523,135,38,0,6,0.37,0.6,3,0,1
727,17,207,37,26,0.43,0.66,627,58,142,40,7,12,0.32,1.0,5,1,1
164,183,312,69,27,0.49,0.37,769,150,262,37,47,1,0.63,0.6,2,0,0
366,53,124,77,56,0.84,0.69,537,52,275,34,1,19,0.31,0.6,2,0,1
713,141,408,45,109,0.91,0.42,931,528,221,33,71,23,0.42,0.6,0,0,1
497,208,276,46,20,0.42,0.63,670,70,82,48,24,17,0.55,1.0,2,0,1
602,82,93,62,74,0.51,0.58,514,226,33,34,116,15,0.33,0.9,2,0,1
192,11,39,80,36,0.1,0.54,281,577,44,71,87,24,0.9,0.9,2,0,0
796,64,76,56,84,0.77,0.84,682,55,257,41,36,10,0.81,1.0,0,1,1
569,369,145,55,74,0.61,0.79,512,541,94,34,38,15,0.31,1.0,0,0,1
349,150,414,43,39,0.43,0.89,513,76,116,78,41,20,0.69,1.0,0,0,1
422,180,203,77,39,0.42,0.32,775,276,232,66,72,22,0.42,0.9,3,1,0
307,376,99,54,33,0.55,0.89,479,535,122,31,2,11,0.54,0.6,0,0,1
604,114,228,42,55,0.87,0.43,106,257,35,70,8,24,0.4,0.6,2,1,1
271,109,152,54,6,0.58,0.37,475,151,212,37,42,7,0.32,0.4,3,0,0
538,288,345,37,90,0.3,0.42,928,520,287,77,71,13,0.57,1.0,3,1,0
73,132,400,32,25,0.78,0.58,965,166,131,42,11,3,0.86,0.4,2,1,0
797,216,99,53,32,0.26,0.91,643,200,162,43,26,17,0.55,0.6,5,1,0
663,398,268,37,69,0.51,0.8,248,573,181,42,109,18,0.45,0.9,3,0,1
135,85,144,80,97,0.09,0.71,996,276,135,66,84,22,0.31,0.9,0,0,0
122,367,479,38,79,0.78,0.42,816,54,36,52,94,2,0.38,0.4,3,1,1
651,141,34,48,11,0.43,0.51,371,485,178,69,86,1,0.66,1.0,5,1,0
408,94,38,68,82,0.26,0.66,317,74,174,78,0,18,0.31,0.6,5,0,0
580,225,259,47,9,0.86,0.53,163,255,248,49,10,5,0.8,1.0,0,0,1
341,190,268,70,17,0.3,0.98,394,502,107,79,79,9,0.98,0.8,10,1,0
499,144,89,50,10,0.09,0.66,219,362,167,54,45,20,0.89,1.0,0,0,0
607,112,407,43,32,0.37,0.68,808,52,147,47,20,20,0.59,0.8,0,1,1
741,306,302,51,24,0.28,0.69,183,159,251,68,41,20,0.92,0.9,0,0,1
272,105,386,61,111,0.05,0.32,141,290,229,41,98,2,0.39,0.9,2,0,1
240,252,125,44,61,0.71,0.56,432,243,180,79,99,11,0.52,0.4,0,1,0
139,329,406,78,78,0.64,0.45,408,201,270,47,42,21,0.53,0.6,0,0,1
499,69,34,54,21,0.2,0.97,745,513,81,69,40,14,0.67,0.8,2,1,0
611,20,247,72,18,0.17,0.31,512,309,51,38,36,8,0.52,1.0,0,0,1
82,334,375,75,18,0.44,0.43,261,190,88,45,58,12,0.67,0.4,10,1,0
623,272,372,59,86,0.15,0.95,697,169,260,67,22,24,0.89,0.6,10,0,0
783,297,468,43,13,0.49,0.91,771,176,161,68,23,4,0.69,0.4,0,0,1
778,400,56,62,41,0.57,0.45,904,256,146,75,120,1,0.42,0.8,10,0,0
561,133,40,70,108,0.28,0.49,537,399,31,59,78,5,0.84,1.0,0,0,0
220,340,421,65,107,0.88,0.4,490,164,242,51,61,9,0.79,0.4,0,0,1
632,306,394,71,95,0.66,0.92,904,363,33,46,45,24,0.8,0.6,2,1,1
95,93,329,66,78,0.26,0.59,712,347,72,34,47,17,0.72,1.0,0,0,0
469,224,362,50,19,0.13,0.31,759,521,139,70,90,23,0.38,1.0,10,0,0
370,290,432,52,29,0.95,0.78,419,120,46,59,20,1,0.86,1.0,0,0,1
216,41,276,60,71,0.88,0.3,182,349,107,43,27,18,0.57,0.9,1,0,1
567,67,100,64,52,0.8,0.46,135,381,104,53,2,0,0.61,0.6,0,0,1
762,66,200,65,76,0.21,0.81,217,499,31,62,41,8,0.97,0.4,0,0,1
460,357,72,69,14,0.09,0.36,360,421,62,58,78,19,0.86,0.6,1,0,0
574,88,471,69,7,0.81,0.96,608,54,220,56,3,24,0.75,0.4,0,1,1
56,118,245,66,33,0.69,0.89,631,473,120,55,4,11,0.97,0.8,10,1,0
126,218,381,40,82,0.95,0.37,672,118,152,59,27,15,0.51,0.4,1,1,0
665,373,324,57,48,0.7,0.69,582,318,110,55,68,25,1.0,0.6,0,0,1
679,194,422,43,86,0.64,0.8,844,352,216,45,81,14,0.58,0.6,1,0,1
597,236,57,47,51,0.65,0.45,839,91,259,78,46,3,0.34,1.0,0,0,1
567,235,127,35,84,0.87,0.83,192,588,251,49,99,22,0.55,1.0,0,1,0
411,112,490,41,81,0.98,0.44,470,172,42,80,69,5,0.52,0.8,1,0,1
394,65,116,39,81,0.87,0.6,576,567,10,66,88,20,0.51,0.6,0,0,0
613,149,188,33,93,0.44,0.54,659,337,285,59,2,5,0.61,0.6,10,0,0
694,295,71,72,20,0.96,0.69,716,212,154,31,11,6,0.72,0.6,1,1,1
191,216,441,76,55,0.44,0.85,825,226,220,80,39,9,0.49,0.4,10,0,0
153,180,98,69,116,0.27,0.37,922,333,124,56,79,8,0.98,0.8,1,1,0
401,66,212,56,0,0.74,0.97,369,490,82,57,104,3,0.63,0.9,5,0,0
51,24,155,71,86,0.06,0.9,500,454,189,68,86,21,0.39,0.9,1,0,0
454,23,33,55,18,0.49,0.39,501,332,190,76,21,8,0.73,0.8,1,0,0
581,279,62,65,66,0.98,0.78,961,384,255,75,95,21,0.98,0.9,0,1,0
274,127,304,44,92,0.92,0.98,293,264,96,58,39,13,0.55,0.4,1,1,1
71,272,221,74,71,0.45,0.34,793,320,65,46,24,21,0.85,0.4,0,0,0
729,219,421,53,99,0.09,0.34,155,182,228,30,101,2,0.74,0.6,0,0,1
229,188,489,68,36,0.79,0.56,432,130,254,71,89,17,0.32,0.8,1,0,1
511,244,388,48,21,0.81,0.4,495,506,156,31,85,5,0.51,0.6,3,0,1
701,25,263,46,117,0.64,0.37,297,516,158,44,82,9,0.32,0.4,0,0,1
702,359,234,68,23,0.68,0.78,862,305,171,71,45,2,0.65,1.0,0,0,1
227,54,259,80,7,0.5,0.64,709,173,133,37,98,24,0.99,0.9,0,0,1
340,27,37,35,60,0.23,0.92,306,290,186,36,91,11,0.94,0.6,0,1,0
124,391,113,63,117,0.07,0.45,729,63,57,48,13,20,0.71,0.8,0,0,0
444,176,317,72,66,0.59,0.42,733,74,255,31,94,17,0.32,0.4,3,0,1
289,349,404,36,32,0.04,0.72,223,128,120,48,81,20,0.84,1.0,0,0,1
575,280,361,76,61,0.54,0.64,818,217,257,62,1,25,0.54,0.8,3,0,1
363,27,198,60,46,0.75,0.74,437,237,25,76,107,18,0.92,0.8,3,0,0
458,148,126,80,115,0.14,0.6,618,151,154,65,12,9,0.63,0.9,0,1,1
135,221,56,79,80,0.99,0.5,331,470,163,58,8,25,0.37,0.4,0,1,0
466,331,452,43,31,0.05,0.63,913,345,273,80,110,2,0.89,0.4,1,1,0
527,376,385,67,101,0.34,0.64,564,283,278,34,59,9,0.99,0.8,2,1,1
321,53,343,48,28,0.3,0.75,109,484,32,33,92,20,0.45,0.8,5,0,1
174,97,143,53,83,0.18,0.67,824,259,104,43,24,0,0.51,0.8,1,1,0
158,294,455,71,106,0.05,0.51,528,126,33,61,41,23,0.99,1.0,0,0,1
786,138,419,77,49,0.38,0.85,739,332,91,30,109,13,0.52,0.4,3,0,1
351,38,84,31,84,0.12,0.98,675,57,92,76,27,16,0.85,1.0,0,0,0
533,235,352,48,97,0.02,0.78,473,444,200,45,71,3,0.53,0.4,0,0,1
734,168,418,50,48,0.53,0.73,268,413,34,59,67,10,0.5,0.9,0,1,1
732,209,251,32,44,0.36,0.6,463,364,55,55,93,23,0.74,0.4,0,0,0
488,154,115,33,19,0.83,0.82,811,296,29,52,118,0,0.34,0.4,0,0,0
452,367,173,33,9,0.89,0.86,199,391,161,62,59,3,0.43,0.6,0,0,1
536,358,166,45,40,0.99,0.43,640,327,73,34,89,7,0.79,0.8,2,0,0
500,148,88,31,89,0.02,0.89,667,436,285,69,73,19,0.55,1.0,5,1,0
367,192,100,69,52,0.86,0.94,236,435,268,40,6,1,0.83,0.4,5,0,1
233,292,395,65,5,0.46,0.37,254,465,167,54,47,8,0.74,0.4,2,0,0
88,232,53,33,45,0.85,0.81,263,571,102,59,35,21,1.0,0.6,5,0,0
756,338,427,73,57,0.08,0.46,954,358,201,69,4,20,0.67,0.8,10,0,0
514,139,106,57,37,0.69,0.36,445,262,200,75,28,18,0.35,1.0,0,0,1
314,103,457,77,73,0.89,0.77,207,542,289,74,0,19,0.76,0.4,0,0,1
470,256,48,50,112,0.37,0.3,264,174,182,58,27,1,1.0,0.4,1,0,0
410,253,419,44,69,0.62,0.56,605,430,127,34,68,6,0.58,1.0,10,1,0
105,326,430,31,67,0.26,0.82,424,419,213,48,39,6,0.74,0.4,3,1,0
630,362,327,45,38,0.09,0.71,222,84,245,55,91,12,0.83,0.6,0,0,1
571,165,445,57,63,0.79,0.32,999,540,171,72,7,25,0.36,0.4,1,0,0
723,388,327,79,41,0.85,0.64,433,353,136,56,14,21,0.3,0.8,2,1,1
180,65,160,38,73,0.79,0.95,205,571,13,50,68,13,0.6,0.9,0,0,1
603,133,340,80,53,0.42,0.74,160,74,43,33,120,12,0.41,0.4,10,1,1
137,384,434,79,77,0.12,0.77,427,248,65,53,77,10,0.73,0.6,0,1,1
721,268,105,34,108,0.99,0.91,369,592,262,42,97,13,0.94,0.9,3,0,1
426,50,482,45,68,0.8,0.31,253,146,38,74,57,15,0.68,0.4,2,1,1
646,295,223,77,33,0.35,0.83,412,107,46,76,48,21,0.76,0.4,0,0,1
406,109,202,30,46,0.82,0.78,157,529,188,52,78,6,0.65,0.8,10,0,0
754,51,43,46,16,0.43,0.89,740,582,107,39,14,2,0.97,1.0,0,1,1
735,373,169,79,85,0.3,0.51,926,80,85,66,114,6,0.94,0.6,2,0,1
602,121,430,30,28,0.69,0.59,184,594,207,30,120,23,0.37,0.4,1,0,1
559,41,310,71,19,0.35,0.6,195,466,288,44,93,5,0.5,0.8,5,1,1
263,379,370,67,3,0.16,0.64,271,153,215,37,49,11,0.41,0.8,2,1,1
735,115,381,33,44,0.62,0.93,754,417,193,41,23,12,0.53,0.9,2,0,1
357,357,32,79,90,0.81,0.99,720,136,285,55,90,21,0.55,1.0,0,0,1
214,58,433,50,80,0.34,0.88,712,488,115,30,56,21,0.78,0.6,10,0,0
292,82,49,45,73,0.39,0.58,870,185,156,54,15,17,0.5,0.4,0,0,0
432,75,198,80,91,0.49,1.0,121,564,12,43,68,2,0.58,0.4,5,0,1
676,329,471,80,47,0.31,0.35,642,302,195,42,22,20,0.55,0.9,0,0,1
80,314,481,45,109,0.51,0.81,963,376,242,71,34,9,0.69,0.4,0,0,0
461,132,160,40,90,0.96,0.88,486,142,56,49,107,6,0.49,0.9,0,1,1
767,396,236,51,24,0.24,0.39,889,125,113,46,37,14,0.83,0.4,2,0,0
659,303,211,59,106,0.65,0.96,157,578,227,69,18,6,0.57,0.6,0,1,1
646,134,317,61,60,0.06,0.99,661,473,18,31,55,2,0.35,0.9,5,0,1
272,161,197,78,47,0.18,0.4,666,381,146,73,113,19,0.74,0.4,1,0,0
314,80,163,70,57,0.32,0.65,702,150,257,60,69,16,0.37,1.0,0,0,1
764,63,59,64,120,0.65,0.81,528,510,83,40,1,11,0.37,0.8,1,1,1
353,199,93,50,20,0.16,0.92,574,90,114,58,100,9,0.97,1.0,0,1,1
735,322,70,43,90,0.01,0.92,777,102,118,71,75,23,0.48,1.0,0,0,0
200,132,486,79,42,0.82,0.6,848,526,50,47,103,22,0.78,0.9,1,0,0
304,68,324,60,27,0.11,0.89,731,87,85,67,49,22,0.76,0.9,10,0,0
346,49,283,48,77,0.85,0.47,552,539,148,68,63,24,0.46,0.9,2,0,0
120,153,264,78,37,0.15,0.68,327,323,144,73,49,10,0.75,0.4,10,0,0
640,78,494,33,5,0.56,0.31,656,54,14,35,94,10,0.79,1.0,3,1,1
574,199,272,75,1,0.17,0.67,561,229,184,57,93,18,0.79,0.4,10,0,0
526,123,319,75,52,0.44,0.5,298,160,56,73,76,18,0.79,0.6,5,0,0
591,117,476,78,102,0.36,0.71,448,356,246,60,67,12,0.6,0.8,0,0,1
303,359,206,30,4,0.48,0.89,971,493,152,31,34,8,0.88,1.0,0,1,0
406,395,163,75,104,0.44,0.84,702,167,294,63,10,2,0.53,0.8,1,0,1
448,119,124,68,97,0.19,0.66,447,421,218,67,26,8,0.78,0.8,1,0,0
529,59,363,58,39,0.88,0.59,397,374,40,57,87,5,0.82,0.8,3,1,1
389,197,465,47,103,0.03,0.81,957,202,99,39,14,9,0.92,0.8,0,0,1
94,18,57,72,45,0.69,0.43,363,302,54,43,87,13,0.52,0.9,2,1,0
200,327,282,51,30,0.73,0.49,452,197,292,57,120,6,0.65,1.0,0,0,1
153,262,469,55,0,0.06,0.67,789,234,196,70,47,4,0.32,0.6,2,1,1
342,155,82,46,64,0.5,0.42,525,432,130,47,80,7,0.66,0.9,5,0,0
66,41,87,72,91,0.22,0.94,344,286,289,79,56,12,0.86,0.6,0,1,0
400,71,177,72,78,0.38,0.9,274,307,271,58,56,1,0.72,0.4,10,1,0
276,247,139,64,80,0.03,0.91,600,441,267,46,107,5,0.7,0.9,10,1,0
739,279,68,32,94,0.91,0.45,657,328,105,45,3,6,0.91,0.6,1,0,0
502,381,79,72,7,0.06,0.58,110,427,71,72,14,7,0.31,1.0,10,0,0
703,182,480,48,41,0.36,0.58,898,177,41,42,31,8,0.31,0.8,0,0,1
744,315,285,46,42,0.19,0.97,583,381,53,48,64,2,0.73,1.0,0,0,1
699,54,423,71,69,0.87,0.59,882,354,129,64,24,14,0.94,0.9,5,1,1
84,225,61,42,12,0.98,0.51,671,514,234,76,12,8,0.82,0.6,0,0,0
508,127,225,61,15,0.17,0.63,603,188,91,45,1,20,0.78,1.0,2,0,1
373,229,258,42,13,0.46,0.69,584,208,12,54,111,11,0.44,0.6,3,1,1
345,137,191,35,63,0.78,0.86,685,173,244,42,101,11,0.37,0.9,1,0,1
532,365,167,55,49,0.92,0.58,575,480,216,39,107,15,0.44,0.4,0,0,1
724,265,441,57,76,0.09,0.45,382,450,149,78,100,3,0.79,0.6,0,1,1
140,348,126,31,71,0.04,0.32,926,136,130,43,90,23,0.75,0.4,2,0,0
730,49,463,47,51,0.49,0.46,617,123,73,33,116,13,0.81,1.0,0,0,1
161,24,440,38,113,0.53,0.35,380,134,282,73,31,2,0.42,0.8,1,1,1
160,238,178,74,95,0.45,0.83,323,118,138,53,88,12,0.71,0.6,10,0,0
334,43,373,46,49,0.3,0.84,420,479,87,66,75,18,0.85,0.8,1,0,0
585,70,354,64,61,0.59,0.69,186,282,20,38,103,0,0.7,0.4,10,0,1
413,120,449,56,94,0.05,0.81,549,345,240,57,25,7,0.43,0.8,2,0,1
607,201,373,62,37,0.38,0.81,666,424,299,48,15,4,0.48,0.8,3,1,1
364,62,80,76,35,0.39,0.3,806,169,263,58,44,23,0.72,0.9,0,0,0
419,104,120,64,73,0.02,0.59,146,140,261,73,93,0,0.47,0.4,3,0,1
631,332,446,32,6,0.68,0.43,847,303,50,42,66,12,0.87,0.4,3,0,0
229,333,163,72,92,0.74,0.74,213,537,255,61,108,13,0.32,0.4,5,1,0
320,330,183,39,49,0.04,0.66,898,397,300,76,112,20,0.71,0.8,10,0,0
56,26,388,62,111,0.97,0.76,202,166,234,42,92,6,0.49,1.0,0,1,1
646,363,469,70,112,0.57,0.91,806,364,84,35,16,16,0.76,0.9,0,0,1
277,285,151,39,18,0.89,0.95,977,132,59,41,115,0,0.41,1.0,0,0,1
302,207,346,62,107,0.99,0.36,635,104,190,64,37,2,0.56,0.4,2,0,1
591,222,240,71,60,0.62,0.65,963,102,64,33,74,7,0.78,1.0,0,0,1
309,101,390,69,6,0.36,0.53,808,155,46,35,27,10,0.84,1.0,1,1,1
712,372,399,49,53,0.51,0.52,304,238,200,66,98,15,0.84,0.6,5,1,0
201,186,277,41,73,0.0,0.46,467,439,162,56,87,25,0.32,0.8,0,0,0
252,291,338,75,22,0.84,0.89,263,262,282,61,99,13,0.94,0.8,10,1,0
568,124,435,34,109,1.0,0.58,236,41,62,74,119,7,0.69,0.9,1,0,1
183,14,75,49,65,0.48,0.7,426,524,13,44,77,19,0.67,0.9,0,1,0
600,301,108,73,57,0.29,0.82,335,155,209,72,9,18,0.96,1.0,5,1,0
465,88,341,33,8,0.4,0.57,118,137,86,45,90,23,0.44,0.8,2,0,1
448,33,254,73,111,0.27,0.38,395,467,288,53,45,22,0.72,1.0,0,0,1
760,12,219,64,108,0.2,0.76,471,311,228,35,54,25,0.67,0.6,10,0,0
259,63,227,72,37,0.38,0.8,326,182,116,33,119,5,0.62,1.0,2,0,1
167,52,500,34,119,0.74,0.85,479,142,297,78,120,15,0.4,0.9,10,1,0
679,255,79,30,64,0.6,0.89,405,40,234,58,97,13,0.71,1.0,1,1,1
593,284,73,56,111,0.87,0.39,326,369,146,53,58,12,0.79,1.0,10,0,0
443,233,447,52,40,0.94,0.49,434,45,123,68,28,18,0.9,0.6,0,0,1
170,191,456,62,36,0.95,0.8,826,175,172,38,67,14,0.71,0.4,10,1,0
374,216,95,65,41,0.97,0.63,429,184,31,64,78,19,0.77,0.8,2,0,0
132,172,159,69,97,0.19,0.67,358,132,95,33,97,16,0.65,0.6,2,0,1
660,122,53,49,93,0.97,0.91,573,561,210,47,111,0,0.95,0.6,0,0,0
237,325,322,51,95,0.93,0.74,875,156,295,58,48,20,0.87,0.6,0,1,1
418,97,488,78,23,0.75,0.45,953,457,176,60,52,4,0.81,0.8,10,0,0
170,214,362,65,22,0.91,0.79,533,350,69,30,7,9,0.76,0.4,0,1,1
164,341,292,49,1,0.55,0.95,236,54,248,78,65,24,0.57,1.0,0,1,1
475,176,235,42,107,0.18,0.59,652,513,165,31,116,17,0.71,0.9,2,1,1
437,211,50,67,82,0.18,0.83,125,582,239,67,115,21,0.48,0.8,0,0,1
322,302,274,49,51,0.59,0.7,795,330,147,74,75,2,0.76,0.8,10,0,0
270,104,119,32,77,0.1,0.97,446,341,87,49,14,3,0.93,0.6,0,0,0
784,144,201,37,99,0.91,0.87,891,148,240,36,15,12,0.85,0.6,2,0,1
185,144,111,71,103,0.13,0.92,629,323,150,65,40,12,0.9,0.9,1,1,0
628,399,291,44,101,0.86,0.46,883,459,298,78,1,24,0.57,0.6,0,1,0
756,207,143,73,66,0.12,0.99,792,49,222,55,52,10,0.79,0.9,0,0,1
574,297,153,39,120,0.73,0.94,965,101,111,39,1,15,0.89,1.0,3,0,1
670,98,64,36,29,0.22,0.72,151,67,21,33,69,14,0.85,0.8,5,0,1
761,384,170,41,69,0.85,0.31,365,391,117,61,40,11,0.53,1.0,5,0,0
238,182,365,78,53,0.34,0.73,185,235,263,62,13,23,0.38,1.0,3,0,1
600,125,48,60,84,0.01,0.69,154,219,265,52,98,13,0.52,1.0,0,0,1
628,399,82,33,57,0.48,0.8,232,248,113,70,119,9,0.9,1.0,1,1,0
221,273,246,80,57,0.52,0.88,702,414,10,48,50,1,0.65,0.8,0,0,1
664,125,165,34,115,0.19,0.31,567,524,240,67,29,23,0.4,1.0,3,0,0
144,117,355,45,45,0.01,0.58,150,215,287,35,87,3,0.5,0.4,1,0,1
104,183,219,76,105,0.2,0.91,117,422,91,60,69,0,0.6,0.8,0,0,1
389,384,401,71,55,0.34,0.67,762,479,53,53,115,2,0.57,0.6,0,1,1
288,286,159,79,11,0.4,0.63,505,337,111,79,94,1,0.79,1.0,0,1,1
787,259,415,69,79,0.37,0.78,264,318,149,55,5,21,0.72,1.0,5,0,1
186,223,38,69,110,0.49,0.41,132,519,98,51,4,1,0.65,0.6,1,0,1
117,151,468,68,64,0.53,0.86,766,110,78,54,46,15,0.49,0.4,1,1,1
736,271,166,43,39,0.81,0.36,753,451,147,33,89,25,0.48,0.9,1,1,1
50,186,448,74,115,0.57,0.74,858,239,273,47,69,5,0.66,0.8,0,0,1
327,249,366,66,109,0.66,0.32,439,498,223,66,20,6,0.59,0.4,10,1,0
501,191,86,37,115,0.52,0.58,905,552,82,31,57,9,0.68,0.6,1,0,0
758,352,38,63,11,0.99,0.81,117,531,205,65,24,15,0.5,0.4,0,1,1
284,46,318,80,110,0.34,0.36,422,269,92,68,99,19,0.46,1.0,5,0,0
798,228,453,39,34,0.93,0.59,390,125,206,47,47,14,0.93,1.0,0,1,1
308,135,163,77,60,0.79,0.48,728,387,111,33,70,10,0.83,0.8,0,0,1
704,311,227,80,95,0.76,0.42,805,597,139,63,40,21,0.96,0.4,3,0,0
68,260,314,38,24,0.61,0.82,883,184,43,67,18,25,0.75,0.9,1,0,0
430,316,182,43,76,0.58,0.35,996,250,261,35,46,13,0.91,1.0,5,0,0
729,250,301,67,79,0.96,0.57,306,482,145,37,109,6,0.74,0.9,10,0,0
323,333,296,80,83,0.17,0.33,434,521,97,77,36,3,0.99,0.8,0,0,0
205,395,378,41,118,0.06,0.38,492,212,113,46,84,6,0.73,0.4,3,1,0
249,229,174,39,27,0.84,0.61,702,125,19,60,113,19,0.8,0.6,3,1,0
300,286,369,79,34,0.42,0.57,853,452,33,79,88,16,0.95,0.8,0,0,0
156,22,349,43,29,0.53,0.38,960,158,150,67,45,25,0.88,0.6,3,0,0
795,247,439,64,15,0.93,0.3,474,247,141,64,2,7,0.36,1.0,10,1,1
780,199,356,52,22,0.84,0.77,585,555,26,65,28,24,0.61,0.9,0,1,1
300,230,193,73,54,0.07,0.6,668,293,27,43,67,1,0.84,0.6,3,0,0
176,153,399,47,50,0.6,0.59,143,544,260,54,89,16,0.68,1.0,3,1,1
635,101,310,39,41,0.54,0.59,270,380,140,47,4,23,0.52,0.6,0,1,1
291,52,465,71,118,0.94,0.8,430,92,130,57,117,23,0.9,0.6,0,0,1
266,90,122,30,7,0.2,0.69,910,485,112,30,102,24,0.47,1.0,10,1,0
723,345,435,39,68,0.46,0.96,168,370,75,40,11,2,0.45,0.9,1,1,1
542,287,467,36,50,0.28,0.38,259,244,221,62,39,17,0.78,0.4,5,1,0
681,129,239,45,48,0.96,0.67,313,74,270,44,90,14,0.5,0.4,10,0,0
479,94,118,34,28,0.06,0.86,651,216,232,64,9,0,0.83,1.0,1,0,0
259,147,374,34,51,0.52,0.57,880,319,268,76,64,17,0.39,0.8,0,0,0
231,69,391,59,86,0.27,0.74,723,375,191,53,114,14,0.89,1.0,0,1,1
609,85,36,70,106,0.87,0.34,994,255,257,70,114,19,0.68,0.4,0,1,0
155,149,142,61,2,0.26,0.47,1000,97,171,59,95,19,0.46,0.9,10,0,0
745,342,327,58,109,0.33,0.46,670,67,119,53,22,18,0.61,1.0,5,1,1
183,65,158,41,40,0.04,0.61,550,78,200,50,4,22,0.48,0.4,0,1,0
67,160,81,76,24,0.99,0.88,382,312,148,68,80,15,0.51,0.6,5,1,0
97,46,401,52,21,0.78,0.81,274,600,90,32,81,9,0.8,0.9,5,0,0
378,290,228,77,113,0.02,0.94,870,399,102,47,69,3,0.83,1.0,1,0,1
741,10,490,66,43,0.87,0.39,568,61,227,45,48,18,0.41,1.0,1,0,1
673,116,460,34,98,0.44,0.3,751,224,102,68,40,14,0.87,0.6,1,0,0
744,274,344,30,100,0.49,0.98,814,461,292,61,96,12,0.76,0.6,2,1,0
428,399,50,65,95,0.39,0.5,441,342,120,46,18,22,0.8,1.0,5,0,0
151,212,285,71,104,0.96,0.68,905,96,206,76,44,24,0.78,0.6,0,0,0
133,221,359,42,21,0.37,0.66,719,569,181,49,10,7,0.33,1.0,1,1,1
471,360,222,37,51,0.48,0.53,872,163,18,57,13,1,0.56,1.0,5,0,0
390,144,195,65,76,0.8,0.57,805,417,28,47,74,20,0.6,1.0,5,1,0
642,372,428,70,52,0.19,0.85,286,293,153,57,105,24,0.83,0.6,5,1,1
387,395,135,58,23,0.73,0.95,681,164,97,77,116,5,0.61,0.6,0,0,1
243,80,303,48,78,0.51,0.7,917,145,159,73,17,6,0.92,0.6,0,0,0
240,173,236,74,15,0.71,0.4,648,280,54,46,34,13,0.65,1.0,0,0,1
681,227,371,61,42,0.5,0.92,208,422,251,77,52,10,0.71,0.8,1,0,1
143,282,99,53,14,0.7,0.75,769,318,30,44,65,9,0.54,0.8,1,0,0
759,101,361,70,6,0.42,0.96,430,348,43,58,93,25,0.69,0.6,3,0,1
469,161,272,55,27,0.31,1.0,151,436,273,69,49,1,0.88,0.9,2,1,1
148,113,417,51,16,0.6,0.89,432,497,107,78,49,3,0.49,0.4,0,1,0
179,33,352,52,100,0.91,0.96,534,309,91,46,70,11,0.74,0.4,0,1,1
651,208,260,58,70,0.59,0.59,321,448,179,49,55,6,0.88,1.0,0,1,1
679,319,486,32,57,0.04,0.89,593,392,92,43,93,14,0.37,0.8,0,0,1
79,16,313,44,15,0.6,0.89,771,180,170,32,31,7,0.97,1.0,0,0,0
343,178,333,76,58,0.82,0.9,262,419,66,73,78,5,0.56,0.6,0,0,1
306,217,40,35,119,0.63,0.73,659,363,51,31,25,20,0.87,0.4,0,0,0
486,131,410,47,106,0.32,0.4,406,112,189,47,63,13,0.82,0.8,3,0,1
401,35,411,31,34,0.64,0.42,360,130,88,59,104,22,0.48,1.0,0,0,1
499,110,46,53,103,0.67,0.96,192,283,121,59,44,10,0.74,0.9,5,1,1
701,54,157,79,48,0.9,0.94,125,577,61,57,54,10,0.58,0.6,2,0,1
304,314,49,40,91,0.92,0.65,546,63,211,75,80,19,0.57,0.6,3,1,0
66,337,115,76,0,0.34,0.89,772,129,115,57,104,7,0.62,0.9,5,1,0
499,209,491,71,120,0.49,0.37,866,70,73,72,36,20,0.64,0.4,2,0,1
729,359,497,30,10,0.98,0.99,416,247,293,30,39,6,0.75,0.8,1,0,1
564,271,423,74,44,0.62,0.53,525,333,119,43,108,3,0.84,0.8,0,1,1
402,112,142,42,76,0.49,0.7,137,508,101,38,109,13,0.96,1.0,1,0,1
391,230,500,58,47,0.73,0.94,465,230,181,79,81,21,0.68,0.8,5,0,0
575,223,45,75,23,0.78,1.0,329,364,243,71,80,9,0.64,0.6,0,1,1
771,113,467,57,56,0.73,0.33,410,476,91,49,117,2,0.97,0.8,3,1,1
177,100,176,49,116,0.54,0.46,400,590,160,52,57,3,0.39,0.9,3,0,0
693,333,268,77,65,0.91,0.99,186,443,71,51,110,12,0.97,0.8,2,0,1
772,82,346,42,0,0.06,0.46,716,103,36,48,93,12,0.56,0.6,0,1,1
799,342,182,47,32,0.14,0.72,887,372,169,71,73,6,0.87,1.0,0,0,0
669,173,349,57,47,0.77,0.71,633,595,232,78,21,1,0.31,0.9,2,0,1
726,258,486,43,18,0.58,0.42,347,57,215,66,52,15,0.44,1.0,2,1,1
94,307,450,57,21,0.99,0.87,116,600,113,58,103,22,0.64,0.4,3,0,0
107,343,288,76,50,0.12,0.66,827,113,270,55,119,4,0.42,0.6,3,0,0
173,389,72,73,118,0.6,0.45,171,160,255,32,38,22,0.76,0.8,3,1,1
52,204,124,57,108,0.17,0.53,203,431,138,80,115,22,0.41,0.8,0,0,0
260,88,395,62,115,0.46,0.56,816,585,106,69,20,19,0.44,0.6,5,1,0
626,252,134,33,63,0.69,0.97,158,149,217,36,17,12,0.34,0.4,1,0,1
576,354,241,31,115,0.86,0.43,351,542,16,69,55,10,0.54,1.0,3,0,0
205,82,258,56,111,0.54,0.53,750,213,173,30,78,15,0.43,0.6,5,0,0
697,289,355,64,79,0.72,0.35,835,422,271,59,59,15,0.48,0.6,5,0,0
623,58,57,64,41,0.07,0.39,285,519,180,62,13,8,0.52,0.8,0,0,0
354,256,345,69,96,0.83,0.72,670,174,148,61,87,25,0.95,1.0,3,0,1
483,77,279,41,90,0.7,0.37,872,187,161,54,93,23,0.91,0.6,1,0,0
529,130,269,62,52,0.72,0.56,140,435,277,79,12,17,0.46,0.6,5,1,1
68,64,227,50,100,0.51,0.43,432,320,280,55,33,18,0.64,0.8,0,0,0
723,207,490,42,108,0.93,0.92,273,86,139,49,105,19,0.45,0.4,10,0,1
671,79,214,77,44,0.29,0.61,453,401,237,58,57,5,0.65,0.4,10,0,0
564,112,484,77,72,0.44,0.59,528,479,170,65,22,25,0.36,1.0,5,0,1
601,91,103,66,36,0.14,0.52,443,81,53,48,40,10,0.56,0.9,3,1,1
312,53,309,36,2,0.12,0.56,607,462,183,57,18,10,0.72,0.6,0,0,0
306,334,60,31,17,0.57,0.37,761,159,110,64,18,8,0.67,0.9,1,1,0
710,352,337,67,47,0.13,0.51,478,80,228,37,115,2,0.37,0.4,0,0,1
466,376,135,59,49,0.86,0.72,368,403,196,76,59,4,0.71,0.9,5,1,0
249,59,174,36,86,0.54,0.31,349,120,76,60,39,25,0.62,1.0,0,0,1
787,212,189,42,111,0.3,0.75,896,345,190,71,33,15,0.65,0.6,0,1,0
446,222,444,38,78,0.68,0.88,142,564,63,66,41,4,0.7,0.9,10,0,0
606,125,213,44,107,0.12,0.42,200,104,25,80,13,14,0.6,0.6,2,0,1
359,96,411,48,32,0.43,0.97,798,574,201,30,49,21,0.53,0.6,0,1,1
71,104,74,70,54,0.2,0.75,295,581,228,30,90,15,0.98,0.6,0,1,0
264,99,290,56,20,0.73,0.39,787,265,143,71,120,5,0.9,0.8,0,0,0
369,369,436,39,74,0.71,0.8,712,264,74,53,103,20,0.32,0.8,2,1,1
534,155,208,38,63,0.74,0.86,448,378,54,54,66,0,0.4,1.0,5,0,0
792,386,206,69,115,0.84,0.69,191,529,13,52,95,13,0.37,0.8,3,0,1
126,328,374,42,21,0.98,0.7,543,41,80,76,3,11,0.54,0.9,1,1,1
447,291,445,40,30,0.28,0.76,798,251,198,36,99,12,0.95,0.6,3,0,0
473,112,233,45,86,0.85,0.35,274,499,269,71,66,15,0.4,0.4,3,1,0
479,203,349,71,4,0.85,0.83,585,148,233,80,104,7,0.51,0.9,5,1,1
353,270,394,33,43,0.07,0.75,135,375,213,52,21,18,0.45,0.8,0,1,1
85,97,125,69,49,0.82,0.87,308,235,25,36,80,13,0.55,1.0,5,0,0
410,335,457,65,21,0.86,0.71,255,122,36,51,87,16,0.88,0.6,10,0,1
280,67,299,60,54,0.9,0.76,308,313,246,65,119,21,0.9,0.6,1,1,1
439,299,228,40,33,0.57,0.33,712,111,173,40,87,14,0.4,0.8,3,0,1
350,271,413,69,59,0.74,0.98,653,565,135,65,54,22,0.5,0.6,5,0,0
714,391,414,76,4,0.45,0.63,650,534,249,32,59,11,0.33,1.0,0,0,1
386,187,87,58,25,0.06,0.31,721,460,201,58,83,19,0.5,0.9,10,0,0
498,212,36,79,64,0.95,0.71,137,342,286,75,92,12,0.82,0.9,1,0,1
576,71,348,60,50,0.09,0.43,494,559,168,56,58,24,0.65,1.0,0,0,1
120,280,276,59,17,0.18,0.34,376,536,182,67,100,15,0.48,0.8,1,0,0
436,115,289,31,29,0.78,0.64,843,409,144,76,48,12,0.9,0.8,3,0,0
123,24,159,59,45,0.91,0.32,679,133,225,63,91,14,0.6,0.9,0,1,0
511,145,85,62,0,0.06,0.61,489,186,250,32,62,6,0.79,0.4,3,1,0
233,135,364,70,45,0.29,0.57,775,75,203,68,85,10,0.54,0.8,0,0,1
378,120,317,47,35,0.54,0.87,131,580,41,70,3,2,0.9,0.6,0,1,1
363,231,131,36,83,0.2,0.31,734,212,86,37,9,19,0.81,1.0,0,0,0
58,224,428,48,86,0.36,0.58,718,418,41,47,48,12,0.31,0.6,0,0,0
519,154,337,34,15,0.11,0.63,793,380,176,62,108,1,0.99,1.0,10,0,0
389,228,455,69,69,0.7,0.55,875,176,106,43,19,18,0.58,0.8,0,1,1
346,28,244,48,49,0.54,0.78,995,62,122,48,18,6,0.46,1.0,10,0,0
307,156,422,66,106,0.07,0.77,250,334,231,55,2,20,0.67,0.4,2,1,1
320,117,207,58,85,0.48,0.91,615,44,268,31,111,11,0.79,0.8,0,0,1
740,97,445,76,47,0.89,0.42,535,596,218,33,97,15,0.45,0.4,0,0,1
734,11,146,63,81,0.73,0.77,673,55,160,32,77,21,0.65,0.4,2,0,1
683,357,316,55,112,0.49,0.71,251,446,136,54,66,9,0.93,1.0,0,0,1
223,193,343,63,31,0.3,0.92,948,70,273,47,63,13,0.46,0.4,0,0,1
522,90,186,33,12,0.84,0.78,739,553,68,73,111,22,0.78,1.0,10,0,0
692,334,268,77,98,0.32,0.82,331,333,188,69,44,19,0.87,0.6,0,1,1
262,114,408,39,6,0.29,0.9,238,568,216,52,102,16,0.82,1.0,10,0,0
423,318,177,34,95,0.22,0.47,899,238,295,32,45,2,0.5,0.4,2,1,0
698,31,245,54,10,0.41,0.55,619,398,161,71,70,8,0.48,0.9,1,1,1
534,92,121,78,94,0.15,0.38,413,70,104,34,99,13,0.68,0.6,5,1,1
195,139,473,59,104,0.62,0.91,204,189,28,48,46,18,0.64,0.4,1,0,1
305,15,157,70,13,0.2,0.63,617,180,29,57,22,10,0.34,0.9,0,0,1
276,394,184,54,69,0.07,1.0,464,330,273,37,6,4,0.48,0.6,1,0,1
733,308,360,55,10,0.38,0.61,895,389,103,62,26,9,0.74,1.0,2,1,1
269,50,159,34,100,0.03,0.73,525,528,13,73,57,18,0.98,0.4,1,0,0
351,204,115,31,85,0.55,0.68,568,323,156,76,49,2,0.83,0.4,0,0,0
468,351,304,52,14,0.13,0.56,326,217,184,79,84,6,0.69,0.4,2,1,0
66,330,214,52,102,0.54,0.98,415,497,162,33,97,0,0.34,0.4,3,0,1
291,365,385,31,42,0.09,0.61,328,191,64,54,108,11,0.84,0.4,10,0,0
779,359,68,62,95,0.93,0.49,343,125,153,35,0,19,0.57,0.9,0,1,1
260,148,344,35,110,0.93,0.35,231,470,225,33,59,7,0.4,0.9,10,1,0
729,382,327,70,119,0.4,0.69,765,263,76,34,0,15,0.56,0.6,5,1,1
760,240,459,67,66,0.58,0.55,623,115,183,43,8,16,0.76,0.6,0,0,1
325,372,458,52,12,0.71,1.0,156,96,66,39,64,1,0.85,0.4,0,0,1
113,75,64,61,35,0.68,0.82,344,294,78,68,68,22,0.39,0.8,1,1,0
592,136,398,61,78,0.22,0.74,491,135,229,60,29,4,0.65,0.4,0,0,1
776,80,399,64,103,0.93,0.89,434,230,209,51,115,18,0.78,0.6,2,0,1
121,397,221,33,48,0.91,0.86,817,474,65,35,43,17,0.42,0.4,0,1,0
785,136,85,35,16,0.3,0.51,190,238,180,34,105,17,1.0,0.9,2,0,1
333,305,394,64,79,0.68,0.66,318,375,97,80,8,22,0.86,0.6,2,0,1
385,389,450,47,93,0.6,0.95,888,504,185,66,35,18,0.43,0.9,1,0,1
571,171,176,68,47,0.83,0.88,706,216,144,58,79,20,0.48,0.9,3,0,1
279,309,442,74,58,0.31,0.95,552,223,268,67,73,23,0.85,0.8,0,1,1
267,253,232,73,47,0.88,0.82,472,286,207,57,70,1,0.98,0.8,10,0,0
351,338,52,55,27,0.84,0.62,531,338,100,44,106,0,0.94,0.8,2,0,0
237,394,51,38,108,0.38,0.89,623,451,152,63,64,20,0.58,1.0,3,1,0
95,331,274,58,30,0.59,0.96,389,466,14,61,48,15,0.36,0.8,2,0,1
450,276,150,53,20,0.36,0.61,471,489,190,71,118,25,0.39,0.6,1,1,0
402,296,127,79,117,0.69,0.31,306,144,136,61,8,9,0.89,0.9,1,1,1
777,111,484,43,25,0.79,0.95,144,42,110,51,66,3,0.53,0.4,2,0,1
184,35,185,76,14,0.16,0.48,202,93,12,55,41,13,0.92,1.0,10,1,0
474,17,253,36,114,0.27,0.73,929,393,229,66,13,20,0.68,0.9,3,0,0
578,262,128,56,116,0.49,0.41,449,577,69,52,95,1,0.48,0.9,10,1,0
365,127,110,54,115,0.02,0.95,406,456,251,66,107,24,0.61,1.0,10,1,0
520,88,85,32,101,0.34,0.33,888,570,22,40,38,25,0.76,1.0,5,0,0
426,173,38,52,53,0.35,0.34,982,281,265,32,16,14,0.56,0.6,5,0,0
290,164,460,36,85,0.78,0.5,466,48,40,73,54,16,0.73,1.0,5,1,1
363,115,275,64,32,0.08,0.99,677,53,146,80,4,2,0.78,0.6,0,0,1
164,266,376,53,83,0.99,0.54,234,500,211,52,84,0,0.77,0.9,10,0,0
711,321,236,42,9,0.89,0.91,914,304,251,58,107,11,0.98,1.0,0,1,1
443,211,356,35,10,0.6,0.52,638,417,175,46,59,11,0.57,0.6,0,0,0
415,265,138,71,13,0.1,0.35,936,190,72,80,92,8,0.76,1.0,5,0,0
236,118,282,77,53,0.62,0.56,188,500,268,48,70,21,0.79,0.4,10,0,0
645,183,492,73,89,0.67,0.44,490,164,219,79,116,18,0.34,1.0,0,0,1
71,39,175,54,5,0.54,0.61,341,111,256,42,49,3,0.63,0.6,5,0,0
519,345,31,51,34,0.76,0.94,964,297,267,32,29,24,0.61,0.4,2,0,0
485,126,445,41,51,0.48,0.48,838,583,274,48,88,10,0.77,1.0,0,1,0
111,311,329,54,82,0.19,0.66,106,270,108,80,11,11,0.98,0.4,3,0,0
361,279,78,50,24,0.53,0.6,689,66,294,37,85,2,0.82,0.9,0,1,1
510,379,406,60,96,0.03,0.82,838,376,54,38,45,19,0.59,0.6,0,0,1
697,249,478,50,99,0.9,0.43,457,587,296,64,16,14,0.79,0.4,1,0,0
179,123,64,34,47,1.0,0.74,595,478,123,80,113,8,0.57,0.6,3,0,0
759,68,448,69,110,0.61,0.36,138,152,116,54,111,19,0.44,0.6,5,1,1
325,211,72,74,55,0.83,0.44,836,219,237,66,65,1,0.55,0.4,5,0,0
359,136,229,47,62,0.93,0.53,830,117,75,42,32,6,0.31,0.9,2,0,1
95,344,161,78,47,0.93,0.42,505,288,268,56,98,5,0.49,0.6,2,1,0
234,162,358,34,44,0.93,0.63,114,466,105,77,14,24,0.76,0.4,0,0,0
698,381,151,47,105,0.22,0.66,947,74,23,41,69,14,0.33,0.8,0,0,1
251,131,344,36,19,0.0,0.7,785,178,291,55,72,10,0.97,0.8,0,1,0
551,114,120,46,61,0.86,0.63,477,369,58,41,93,14,0.72,0.6,0,1,1
779,62,351,37,72,0.92,0.33,661,499,53,49,60,9,0.69,1.0,0,1,1
176,178,330,60,86,0.12,0.56,710,142,269,56,108,2,0.66,0.8,5,1,0
582,147,342,80,81,0.98,0.58,114,277,239,55,47,8,0.63,0.6,2,1,1
185,130,373,46,35,0.68,0.32,534,493,140,59,60,15,0.3,0.8,5,0,0
121,56,50,72,20,0.97,0.69,467,530,269,56,8,9,0.4,1.0,0,0,0
798,207,38,44,19,0.01,0.76,521,303,110,38,95,13,1.0,0.6,0,1,0
371,93,198,33,13,0.15,0.49,810,53,135,60,46,18,0.64,0.6,0,0,0
747,169,257,57,75,0.36,0.61,643,113,43,38,60,2,0.36,1.0,1,1,1
668,200,156,50,62,0.32,0.77,926,311,169,62,30,4,0.4,0.8,5,1,0
779,142,430,79,103,0.21,0.95,463,296,40,49,71,18,0.81,0.9,0,0,1
254,201,104,46,30,0.86,0.71,188,446,165,70,81,8,0.63,0.4,2,0,0
517,43,68,47,53,0.42,0.59,573,456,109,69,23,8,0.42,0.4,1,0,0
290,173,187,30,89,0.83,0.49,845,229,205,66,73,17,0.52,0.9,0,0,0
770,107,244,30,49,0.39,0.75,665,243,177,43,78,24,0.46,1.0,2,0,1
709,151,242,56,77,0.08,0.72,823,324,283,77,26,6,0.6,0.8,2,0,0
414,301,216,40,69,0.12,0.93,355,504,263,49,68,15,0.81,0.6,0,0,0
583,396,436,57,92,0.86,0.32,294,552,52,67,108,22,0.98,0.9,5,0,0
117,117,214,52,9,0.43,0.93,130,372,259,66,3,20,0.99,0.8,5,1,0
92,77,108,61,114,0.66,0.5,135,485,18,80,69,18,0.86,0.9,3,1,0
441,185,326,60,99,0.68,0.71,238,45,146,42,72,12,0.87,0.6,5,0,1
684,38,345,71,73,0.85,0.41,213,168,100,58,18,10,0.89,0.6,1,0,1
783,383,64,41,54,0.7,0.89,226,324,170,70,60,9,0.88,0.9,10,0,0
490,148,498,55,61,0.43,0.69,232,424,206,62,74,10,0.46,0.8,2,0,1
264,203,200,80,37,0.36,0.49,425,236,162,70,62,13,0.42,1.0,3,0,1
373,363,357,77,117,0.12,0.35,796,590,78,78,41,0,0.35,0.6,1,0,0
269,345,90,33,73,0.0,0.72,409,355,271,64,10,7,0.71,0.4,2,1,0
506,190,349,77,114,0.38,0.92,563,178,153,60,102,16,0.57,0.8,1,0,1
792,37,225,65,53,0.08,0.5,513,439,197,31,9,17,0.74,0.4,0,0,1
411,224,411,60,109,0.5,0.48,746,280,126,59,55,14,0.67,0.8,3,0,1
133,130,405,67,89,0.63,0.43,625,361,165,67,31,22,0.3,0.9,5,1,0
367,172,405,68,72,0.89,0.87,469,70,187,30,51,7,0.91,0.4,1,0,1
293,127,188,50,107,0.96,0.66,379,277,190,65,18,16,0.96,0.8,2,1,1
525,87,203,76,33,0.78,0.55,196,474,294,47,52,19,0.37,0.4,10,0,0
655,293,449,43,66,0.14,0.48,585,136,179,47,42,18,0.61,0.6,10,0,0
750,164,484,41,13,0.16,0.78,667,412,84,67,36,10,0.92,0.4,3,0,0
603,21,297,45,65,0.42,0.5,519,358,121,45,103,22,0.34,0.6,3,0,1
671,259,478,50,119,0.41,0.48,690,449,242,37,43,24,0.99,0.8,0,0,1
194,219,346,77,30,0.68,0.41,650,347,151,76,19,5,0.82,0.4,10,0,0
785,198,97,59,20,0.27,0.61,633,482,88,56,40,14,0.97,0.9,2,0,0
728,180,94,70,76,0.3,0.77,402,401,297,49,109,13,0.54,0.6,3,1,1
700,299,200,74,19,0.46,0.34,443,316,90,75,16,18,0.83,0.4,5,0,0
605,13,422,66,17,0.06,0.63,265,549,241,75,90,1,0.64,0.8,2,1,1
655,227,250,74,52,0.73,1.0,587,555,171,36,87,4,0.56,0.6,0,0,1
252,76,216,57,68,0.53,0.53,443,379,180,68,25,2,0.48,0.6,0,0,1
323,55,473,39,86,0.24,0.34,924,170,57,75,40,25,0.46,0.8,10,0,0
421,319,256,38,66,0.77,0.69,771,245,182,30,119,13,0.33,1.0,0,0,1
272,385,113,78,3,0.95,0.51,648,217,238,51,41,2,0.79,0.4,1,1,0
273,395,184,43,29,0.1,0.88,905,278,199,42,21,19,0.39,1.0,10,1,0
336,157,409,35,74,0.72,0.49,855,101,263,51,13,3,0.66,1.0,0,1,1
436,77,334,62,1,0.96,0.75,691,569,253,73,71,22,0.99,1.0,2,1,0
81,60,58,70,13,0.87,0.64,695,570,262,62,37,10,0.54,0.9,3,0,0
256,378,339,34,106,0.42,0.69,212,76,81,70,61,2,0.77,0.9,3,0,1
363,373,460,40,22,0.85,0.46,934,173,149,60,110,2,0.44,0.4,10,0,0
90,304,390,58,117,0.86,0.88,552,291,89,50,17,16,0.36,0.8,10,0,0
127,358,388,39,114,0.28,0.97,359,141,268,53,95,7,0.74,0.6,10,0,0
543,135,47,70,40,0.22,0.92,333,304,47,50,50,25,0.35,0.6,1,0,1
265,135,173,76,103,0.23,0.36,988,382,272,52,76,11,0.42,0.9,3,0,0
199,306,408,36,68,0.7,0.42,916,232,212,63,43,5,0.72,0.9,0,0,0
578,277,411,75,118,0.93,0.61,345,186,19,34,89,0,0.87,0.4,1,0,1
758,346,178,59,67,0.35,0.72,442,266,104,57,31,13,0.75,0.4,3,1,1
307,77,428,60,77,0.23,0.89,522,271,15,58,28,22,0.39,1.0,2,0,1
252,186,492,54,105,0.29,0.41,931,248,190,49,72,5,0.6,0.4,5,0,0
627,272,267,62,73,0.57,0.98,843,590,258,61,63,24,0.7,0.9,0,0,1
556,107,391,30,73,0.34,0.82,356,64,225,40,73,0,0.52,0.9,0,1,1
701,372,422,56,66,0.16,0.94,922,382,253,62,49,9,0.63,0.9,0,0,1
295,161,482,73,56,0.21,0.49,807,415,206,55,51,17,0.54,0.4,10,1,0
244,13,226,74,44,0.95,0.54,127,443,45,33,97,6,0.64,0.4,1,0,1
564,33,136,48,114,0.81,0.68,143,440,153,59,104,1,0.98,0.6,10,0,0
218,267,462,74,77,0.14,0.32,457,350,87,61,69,0,0.64,0.8,2,0,0
682,20,486,78,7,0.92,0.49,298,163,195,77,45,12,0.35,1.0,0,0,1
694,132,496,53,92,0.83,0.39,552,590,70,73,13,22,0.9,1.0,0,0,1
718,175,477,55,3,0.83,0.85,266,363,65,58,39,25,0.66,0.4,3,0,1
775,274,146,36,62,0.53,0.82,218,521,244,67,83,14,0.55,1.0,0,1,0
145,293,328,53,19,0.67,0.97,534,54,164,41,57,25,0.31,0.4,0,0,1
530,85,81,73,69,0.86,0.78,641,468,48,69,16,1,0.34,0.6,0,1,1
55,284,231,78,20,0.04,0.58,503,517,194,73,43,13,0.88,0.9,0,1,0
188,331,255,70,28,0.94,0.46,523,297,145,38,61,23,0.49,1.0,0,0,1
526,372,283,68,7,0.13,0.84,943,241,253,49,58,15,0.89,0.8,0,0,1
94,127,82,79,103,0.25,0.9,634,354,49,53,107,20,0.77,0.8,3,0,0
789,129,89,67,33,0.36,0.78,278,542,110,61,120,23,0.98,0.8,1,1,1
777,31,387,77,23,0.14,0.84,413,475,235,70,23,22,0.46,0.9,0,0,1
341,86,350,77,30,0.89,0.45,899,178,130,68,75,18,0.83,0.8,3,0,0
514,269,91,67,33,0.04,0.7,531,414,240,32,13,12,0.77,1.0,1,1,1
718,156,135,55,38,0.73,0.38,755,194,277,57,38,11,0.54,0.4,0,1,0
800,217,451,46,112,0.7,0.33,224,203,263,64,56,2,0.86,0.8,3,1,1
371,247,314,59,42,0.34,0.6,899,99,260,49,44,18,0.67,0.4,3,0,0
330,316,150,72,112,0.42,0.56,409,208,22,55,40,0,1.0,0.8,0,1,1
274,224,399,61,110,0.65,0.36,379,353,283,42,77,23,0.36,0.8,3,0,1
578,59,112,40,24,0.08,0.43,636,259,227,66,115,20,0.97,0.8,0,0,0
290,217,130,56,97,0.41,0.42,278,422,48,76,90,3,0.73,0.6,0,0,0
180,335,437,47,12,0.74,0.66,110,230,164,63,81,3,0.52,0.4,5,1,1
467,188,178,57,15,0.38,0.65,836,436,149,80,36,11,0.92,0.8,0,0,0
99,156,121,78,71,0.74,0.63,976,451,87,30,80,9,0.35,0.4,0,1,0
130,137,156,33,64,0.58,0.31,265,222,58,69,5,13,0.46,1.0,1,0,0
150,160,253,47,112,0.56,0.77,704,300,29,39,37,12,0.69,0.9,0,0,1
81,146,84,63,114,0.97,0.72,319,598,265,79,3,10,0.99,1.0,1,0,0
708,277,144,44,108,0.98,0.5,715,388,203,62,114,24,0.31,0.4,0,0,0
773,249,487,78,86,0.05,0.37,656,80,96,73,33,4,0.43,0.9,3,0,1
95,330,249,45,61,0.32,0.42,443,302,222,55,35,20,0.39,1.0,10,0,0
672,68,386,38,75,0.3,0.61,819,60,261,35,109,15,0.42,0.4,10,1,0
257,267,339,76,117,0.6,0.67,401,339,268,63,53,7,0.61,0.8,2,0,1
713,338,120,37,29,0.98,0.98,585,175,62,46,103,14,0.9,0.9,10,1,0
58,235,180,67,86,0.96,0.32,954,487,24,69,113,6,0.69,0.4,3,0,0
210,371,321,77,3,0.35,0.53,930,166,134,56,41,22,0.56,0.4,0,0,0
415,290,91,57,24,0.6,0.82,583,308,226,44,95,6,0.6,0.8,0,0,1
69,153,55,48,24,0.39,0.65,374,455,81,46,13,17,0.32,1.0,0,0,0
383,145,244,55,7,0.05,0.58,421,268,50,38,85,12,0.31,0.6,5,0,1
505,131,146,66,18,0.09,0.79,744,175,138,56,66,15,0.55,0.8,0,0,1
593,231,138,33,83,0.08,0.5,973,358,110,45,49,24,0.75,0.4,1,0,0
251,399,280,79,101,0.43,0.56,335,463,88,32,83,17,0.42,1.0,0,0,1
98,240,110,68,18,0.06,0.75,392,162,138,59,111,1,0.43,0.6,10,0,0
452,161,184,46,72,0.75,0.42,418,403,186,37,1,9,0.81,0.8,0,1,1
141,137,161,36,9,1.0,0.85,112,563,86,37,13,19,0.69,0.6,2,1,0
466,344,167,60,88,0.12,0.47,288,533,36,47,28,22,0.69,1.0,0,0,1
705,63,235,69,50,0.72,0.69,136,321,277,61,26,4,0.3,1.0,0,1,1
533,18,439,44,74,0.39,0.45,876,222,135,75,58,18,0.31,0.4,5,1,0
524,163,87,50,85,0.52,0.53,500,314,135,43,41,21,0.57,0.6,5,0,0
738,195,150,57,74,0.07,0.57,918,139,12,34,67,17,0.93,0.8,2,0,1
533,299,281,53,4,0.9,0.72,829,118,71,58,72,20,0.58,1.0,1,0,1
289,36,415,79,84,0.11,0.7,141,575,108,53,21,9,0.92,0.4,3,0,1
606,263,57,55,111,0.8,0.55,260,107,43,38,37,11,0.47,0.8,10,0,1
125,260,244,68,45,0.5,0.77,319,158,25,43,18,24,0.42,0.8,0,1,1
408,362,391,66,105,0.12,0.39,705,302,25,33,48,14,0.9,0.6,2,0,1
94,268,408,50,71,0.85,0.79,792,119,59,50,104,14,0.75,1.0,0,0,1
787,145,179,72,69,0.46,0.35,638,48,152,53,94,15,0.87,0.9,2,1,1
626,23,279,46,106,0.62,0.54,879,228,200,71,72,24,0.68,0.8,1,0,0
717,382,216,71,89,0.23,0.96,692,438,245,74,117,9,0.7,0.6,0,0,1
575,87,162,46,4,0.86,0.31,552,417,199,62,36,24,0.55,0.8,1,0,0
711,298,89,40,120,0.95,0.37,994,111,264,46,119,16,0.41,1.0,0,1,1
141,213,243,45,49,0.91,0.51,519,303,18,31,82,10,0.77,0.9,3,1,0
626,212,284,35,106,0.33,0.68,649,315,211,43,116,22,0.65,0.6,0,1,1
633,263,496,57,4,0.66,0.74,650,522,136,53,31,25,0.52,0.4,3,1,1
460,329,466,30,68,0.9,0.92,314,138,40,73,110,16,0.71,0.8,0,0,1
779,91,118,34,112,0.68,0.89,538,493,56,69,80,4,0.97,0.4,2,0,0
292,105,67,30,88,0.14,0.5,198,82,238,71,119,17,0.91,0.8,1,0,0
770,377,59,39,56,0.57,0.79,649,230,61,68,8,0,0.97,0.8,0,0,0
722,120,289,40,14,0.41,0.36,756,221,117,57,94,9,0.89,0.4,1,0,0
565,338,124,31,81,0.07,0.45,144,217,80,42,61,17,0.41,0.8,5,0,0
483,162,351,47,75,0.57,0.86,859,81,91,64,69,14,0.5,0.4,1,0,1
284,182,386,54,36,0.4,0.46,642,339,274,62,50,11,0.94,0.6,0,0,0
122,54,197,58,20,0.99,0.59,499,355,275,65,103,9,0.68,0.9,2,0,0
607,262,127,65,59,0.73,0.96,262,327,300,66,104,22,0.72,0.8,2,0,1
144,152,463,33,56,0.05,0.89,200,408,50,67,32,10,0.82,1.0,0,1,0
684,384,62,67,11,0.52,0.93,192,339,66,66,31,25,0.79,1.0,1,0,1
473,321,351,76,80,0.78,0.32,918,204,249,73,100,20,0.96,0.6,0,1,0
472,193,198,33,1,0.79,0.69,254,397,245,60,45,14,0.84,1.0,0,0,0
681,34,87,78,68,0.21,0.61,629,94,218,56,50,7,0.53,1.0,0,0,1
310,368,104,75,10,0.77,0.93,157,529,76,38,0,4,0.55,1.0,1,0,1
696,72,493,57,98,0.81,0.98,341,332,286,46,95,13,0.8,0.9,0,1,1
216,32,349,43,108,0.11,0.68,943,373,223,65,21,12,0.32,0.8,0,0,0
663,145,475,49,36,0.79,0.56,781,288,39,54,65,10,0.63,1.0,10,0,0
761,17,459,57,17,0.13,0.31,888,307,149,76,23,22,0.77,0.9,5,0,0
670,253,466,64,120,0.14,0.88,229,315,271,58,69,21,0.96,0.9,0,1,1
246,85,469,54,67,0.85,0.92,363,564,220,40,8,11,0.43,0.8,3,0,1
453,161,240,54,113,0.82,0.61,536,550,92,31,37,0,0.52,0.9,2,0,1
437,350,440,68,41,0.75,0.83,108,514,168,61,35,16,0.97,0.9,0,1,1
304,128,101,71,98,0.84,0.42,224,492,245,61,6,9,0.33,0.9,1,1,1
58,305,147,39,90,0.16,0.42,530,267,227,50,69,20,0.52,0.4,2,0,0
480,152,287,49,86,0.35,0.43,710,375,139,51,100,7,0.42,0.9,2,0,1
126,59,282,64,90,0.03,0.51,532,143,295,59,84,19,0.9,0.6,0,1,0
332,88,417,50,16,0.4,0.32,577,477,230,32,13,11,0.72,1.0,5,0,0
641,349,335,57,12,0.45,0.97,305,344,276,76,45,9,0.38,1.0,1,0,1
265,155,219,64,85,0.3,0.44,779,348,206,43,64,24,0.91,1.0,1,1,0
136,181,466,73,55,0.84,0.71,721,313,131,38,21,5,0.52,0.9,3,0,1
469,309,464,62,54,0.85,0.52,360,93,108,53,97,16,0.93,0.9,5,1,1
705,374,98,56,116,0.46,0.67,504,578,106,42,49,6,0.45,1.0,1,1,1
280,234,486,52,6,0.35,0.37,486,536,219,42,61,25,0.46,0.8,3,1,0
190,367,61,64,47,0.23,0.36,383,292,84,72,53,23,0.31,0.9,2,1,0
288,17,482,69,120,0.43,0.45,291,433,244,54,40,23,0.46,1.0,1,1,1
794,74,483,49,43,0.71,0.67,221,519,245,73,81,25,0.93,0.6,1,0,1
721,143,235,72,29,0.76,0.96,372,447,139,75,35,13,0.44,0.9,2,0,1
364,265,172,48,96,0.42,0.89,225,334,273,46,93,9,0.51,0.9,5,0,1
469,216,186,64,20,0.96,0.48,283,516,107,37,99,6,0.85,1.0,0,0,1
797,199,197,38,68,0.23,0.76,400,126,290,60,100,10,0.68,0.4,2,1,1
437,43,333,37,63,0.02,0.4,815,264,291,30,76,8,0.9,0.8,1,0,0
485,63,381,40,64,0.37,0.58,594,82,138,33,10,20,0.74,0.8,5,0,1
654,85,238,48,2,0.22,0.32,541,432,293,46,19,16,0.34,0.4,3,0,0
51,355,136,39,83,0.94,0.65,782,266,177,73,54,24,0.48,1.0,0,0,0
376,356,474,64,109,0.41,0.66,634,149,165,51,15,22,0.48,0.8,5,0,1
293,231,217,69,8,0.9,0.35,397,369,225,44,90,2,0.35,0.8,0,0,1
438,40,340,57,48,0.38,0.77,198,563,127,53,15,21,0.92,0.9,0,0,1
630,134,41,41,42,0.12,0.91,163,97,154,64,25,12,0.73,0.9,3,0,0
303,310,466,41,80,0.18,0.37,293,275,207,47,31,15,0.41,1.0,0,0,1
617,276,324,57,32,0.12,0.77,502,279,47,72,55,16,0.41,0.9,0,1,1
549,319,285,39,12,0.69,0.61,603,533,188,74,21,9,0.97,0.6,10,0,0
398,111,45,30,91,0.23,0.85,551,107,79,62,38,15,0.66,0.9,0,0,0
62,18,229,47,120,0.01,0.44,631,110,109,59,7,17,0.82,0.8,2,0,0
70,191,75,51,43,0.19,0.82,185,145,128,65,87,15,0.68,1.0,2,0,0
750,93,139,58,81,0.63,0.3,286,78,222,37,77,5,0.67,0.9,3,1,1
243,255,220,79,111,0.12,0.65,236,165,201,47,56,12,0.65,0.8,5,1,1
679,136,195,75,18,0.2,0.42,429,228,67,42,37,23,0.36,0.6,0,1,1
566,36,350,62,97,0.23,0.55,896,559,283,38,76,11,0.52,0.8,0,0,1
471,16,332,56,1,0.15,0.89,538,583,182,79,103,23,0.6,1.0,0,1,0
98,178,201,33,91,0.81,0.43,777,436,166,54,88,22,0.72,0.4,2,0,0
398,270,181,39,115,0.44,0.96,396,102,98,33,110,20,0.87,0.9,10,0,0
182,30,344,52,90,0.91,0.81,785,343,229,44,113,1,0.37,0.6,2,1,1
615,380,82,56,112,0.99,0.56,873,530,138,78,111,7,0.86,1.0,0,1,0
425,303,30,50,119,0.46,0.36,460,67,297,52,59,9,0.96,0.8,10,0,0
696,313,384,62,76,0.3,0.61,311,505,208,67,59,15,1.0,1.0,0,1,1
516,17,314,49,60,0.43,0.44,786,219,156,30,91,10,0.46,0.6,10,0,0
340,272,267,49,105,0.21,0.66,124,173,206,50,41,23,0.32,0.4,2,0,1
610,361,437,50,25,0.56,0.79,203,435,236,43,69,14,0.35,1.0,0,1,1
302,42,219,73,18,0.3,0.62,489,547,96,75,80,10,0.49,0.8,1,1,0
429,271,356,65,56,0.99,0.95,501,570,85,56,1,20,0.58,0.6,5,0,0
155,219,246,32,37,0.92,0.67,877,191,172,61,43,2,0.74,0.4,3,0,0
795,242,159,59,36,0.25,0.55,793,194,187,76,15,24,0.89,0.9,10,0,0
667,176,92,69,93,0.21,0.41,972,482,194,72,76,7,0.98,0.6,0,1,0
122,220,45,47,73,0.8,0.81,449,40,121,39,63,16,0.47,0.9,10,0,0
259,68,460,51,24,0.21,0.96,136,231,200,78,117,1,0.89,0.8,0,1,1
337,160,265,36,11,0.73,0.61,427,75,90,33,13,10,0.86,0.8,10,1,0
620,267,369,78,98,0.01,0.31,176,356,271,39,95,10,0.6,0.9,3,0,1
167,77,315,37,57,0.94,0.34,321,422,196,69,109,10,0.95,0.8,0,0,0
219,103,264,48,19,0.73,0.84,936,450,163,44,91,18,0.9,0.6,0,0,0
691,331,302,57,62,0.19,0.6,692,460,174,58,30,11,0.44,0.9,0,0,1
306,359,63,47,70,0.88,0.86,120,556,241,55,62,18,0.87,0.9,10,0,0
665,236,431,53,17,0.73,0.47,580,404,145,57,18,11,0.9,0.9,0,0,1
505,312,228,49,20,0.57,0.31,299,98,283,39,96,16,0.93,0.9,2,0,1
516,294,442,69,14,0.03,0.59,373,528,33,31,22,25,0.94,0.6,0,1,1
512,310,107,68,54,0.71,0.4,888,179,237,36,99,13,0.49,0.6,3,1,0
322,299,146,57,30,0.33,0.42,888,191,110,40,107,1,0.57,0.4,0,0,0
624,84,357,66,96,0.45,0.54,415,201,189,78,113,2,0.94,1.0,0,0,1
124,133,337,63,53,0.34,0.89,355,170,222,56,13,22,0.41,0.4,10,0,0
461,245,76,56,93,0.28,0.4,754,437,265,35,0,12,0.87,0.4,0,1,0
297,197,65,46,39,0.85,0.46,384,212,12,58,114,1,0.92,0.4,0,1,0
711,382,287,66,9,0.87,0.76,111,364,47,32,60,0,0.8,0.6,2,0,1
308,261,403,48,82,0.79,0.59,734,468,156,77,40,23,0.49,0.6,3,1,0
339,156,139,38,32,0.6,0.52,695,87,21,58,52,1,0.97,0.9,0,0,0
423,208,51,58,103,0.02,0.93,946,566,282,76,12,18,0.94,0.6,5,0,0
769,88,133,35,2,0.98,0.37,143,164,107,69,72,14,0.49,0.8,0,1,1
706,335,203,54,36,0.76,0.82,154,277,73,51,31,5,0.63,0.6,0,0,1
629,112,51,36,116,0.55,0.32,179,290,287,51,79,19,0.81,0.8,10,0,0
562,248,352,50,8,0.62,0.98,867,106,260,37,10,25,0.43,1.0,1,1,1
788,389,131,70,52,0.8,0.54,820,362,128,41,8,16,0.82,0.9,5,0,0
478,334,127,46,70,0.84,0.69,301,542,249,47,108,7,0.89,0.4,0,1,0
343,154,347,49,51,0.27,0.31,996,386,76,49,41,21,0.7,0.9,5,0,0
313,224,216,74,44,0.01,0.43,324,519,282,42,103,9,0.83,0.8,3,0,0
267,196,116,32,87,0.47,0.45,266,349,184,74,115,0,0.72,0.6,5,1,0
747,235,456,40,98,0.41,0.56,169,207,184,80,95,8,0.78,0.8,3,0,1
588,369,141,54,87,0.5,0.94,842,108,222,77,0,10,0.38,0.9,0,0,1
283,20,86,70,74,0.27,0.86,414,401,255,57,51,4,0.74,1.0,10,0,0
728,251,176,44,105,0.17,0.44,495,531,112,36,65,7,0.67,0.9,2,1,1
447,289,416,46,65,0.61,0.62,832,441,272,59,94,2,0.38,0.4,10,1,0
430,182,122,80,65,0.09,0.51,832,54,224,55,12,13,0.71,0.8,0,0,1
256,264,479,62,74,0.98,0.55,198,413,268,33,87,1,0.74,1.0,5,0,1
304,361,60,45,26,0.56,0.6,605,595,177,51,86,22,0.35,1.0,5,0,0
241,167,440,46,11,0.59,0.4,640,449,299,78,106,6,0.35,0.6,0,1,0
120,114,55,71,83,0.37,0.5,192,558,298,72,14,8,0.75,0.8,0,0,0
324,264,227,40,81,0.17,0.67,911,195,268,76,90,16,0.92,0.6,2,1,0
266,75,112,64,40,0.05,0.65,704,90,227,48,31,21,0.64,0.9,2,1,0
722,199,217,67,75,0.58,0.79,210,407,161,44,117,0,0.39,0.6,0,0,1
450,99,284,68,89,0.93,0.4,638,427,241,36,19,15,0.85,0.6,0,1,1
215,109,271,57,56,0.28,0.83,205,407,80,57,16,9,0.35,0.6,5,1,1
683,336,387,60,96,0.33,0.35,708,185,128,41,39,20,0.81,1.0,0,1,1
319,337,66,58,50,0.07,0.33,824,224,138,52,115,14,0.51,0.6,0,0,0
784,158,119,45,28,0.28,0.74,873,159,179,54,13,8,0.83,0.9,0,0,0
579,161,304,35,100,0.6,0.94,129,321,76,50,41,17,0.62,1.0,5,0,1
405,167,162,56,114,0.39,0.96,782,520,67,73,106,24,0.45,0.8,0,0,0
557,342,185,75,31,0.96,0.45,431,499,169,58,45,8,0.71,0.6,1,0,1
392,151,193,35,67,0.51,0.88,325,314,298,36,68,2,0.57,0.6,0,1,1
65,366,253,51,0,0.12,0.47,222,599,152,57,81,3,0.72,0.9,0,0,0
374,38,285,76,57,0.72,0.78,618,431,102,66,51,17,0.63,0.8,0,0,1
437,163,472,52,120,0.64,0.68,150,264,12,58,91,7,0.63,1.0,3,0,1
531,69,193,32,1,0.2,0.54,827,216,86,56,57,9,0.56,0.9,0,1,0
251,274,278,78,118,0.81,0.4,257,431,148,51,109,23,0.82,1.0,0,1,1
618,317,79,31,87,0.67,0.66,297,571,224,71,87,5,0.85,1.0,5,0,0
537,34,476,39,39,0.46,0.31,864,375,267,41,58,17,0.51,0.9,10,0,0
219,38,183,34,103,0.81,0.87,701,264,132,44,70,9,0.81,0.9,5,0,0
426,392,187,67,26,0.03,0.89,154,153,102,63,103,7,0.98,0.9,10,1,1
787,46,218,61,100,0.72,0.4,687,542,199,58,113,2,0.67,0.6,0,0,0
195,165,235,30,112,0.75,0.61,127,90,153,45,110,15,0.33,0.8,2,1,1
503,152,64,53,44,0.9,0.65,192,43,144,70,26,10,0.93,0.4,10,0,0
740,151,302,32,29,0.5,0.59,901,428,218,50,66,21,0.37,0.4,0,0,0
725,382,429,67,65,0.58,0.89,188,499,95,69,89,13,0.47,1.0,2,1,1
503,210,169,67,85,0.7,0.79,348,221,101,70,44,15,0.85,0.8,0,0,1
260,288,235,57,5,0.86,0.95,177,486,260,53,75,0,0.3,0.8,0,0,1
333,150,31,38,43,0.62,0.91,140,95,87,51,17,8,0.49,0.4,1,0,1
413,64,462,47,26,0.67,0.74,776,101,267,74,97,17,0.76,0.9,1,0,1
447,339,471,53,96,0.76,0.66,147,511,11,73,7,16,0.68,0.8,0,1,1
110,105,411,35,36,0.73,0.5,776,596,71,71,17,17,0.48,0.4,0,0,0
614,391,297,49,13,0.32,0.92,393,317,203,40,106,16,0.78,0.4,3,1,1
210,296,302,64,56,0.41,0.73,942,445,252,38,46,10,0.57,0.4,1,0,0
724,188,318,37,43,0.55,0.91,375,586,195,50,77,7,0.64,1.0,1,0,1
510,212,378,51,92,0.99,0.81,947,89,266,74,7,0,0.83,0.9,1,1,1
750,339,370,39,87,0.73,0.97,895,308,32,49,77,12,0.39,0.4,0,1,1
273,56,68,32,96,0.25,0.67,326,133,235,68,62,16,0.46,0.9,0,0,0
492,340,451,40,44,0.28,0.43,265,78,184,52,24,8,0.96,0.8,3,0,1
712,224,77,44,37,0.35,0.4,673,298,215,67,29,12,0.47,0.6,2,1,0
243,374,463,67,58,0.02,0.63,817,80,221,77,9,21,0.51,0.8,2,0,1
613,246,263,50,54,0.98,0.32,806,360,191,44,74,22,0.83,0.9,2,0,0
125,358,201,75,17,0.9,0.55,830,473,61,45,102,0,0.41,0.8,0,0,1
252,245,187,58,120,0.88,0.38,258,402,209,69,52,14,0.8,0.9,5,0,0
144,225,187,61,41,0.01,0.9,284,393,243,54,101,12,0.55,0.9,0,1,1
691,347,207,40,64,0.5,0.95,676,342,297,40,92,25,0.37,0.4,2,1,1
311,298,174,71,27,0.04,0.56,813,167,59,62,103,22,0.66,0.8,0,0,0
613,119,147,70,119,0.43,0.41,386,384,258,43,106,10,0.4,1.0,0,1,1
132,284,305,56,9,0.13,0.4,721,323,281,43,38,12,0.46,1.0,0,0,0
73,269,314,60,65,0.14,0.69,443,270,126,53,118,22,0.62,0.4,3,0,0
165,10,203,75,81,0.21,0.54,686,142,282,66,60,14,0.38,0.8,0,0,0
699,104,352,55,37,0.38,0.9,773,505,152,48,13,18,0.4,0.4,2,1,1
83,87,69,66,4,0.79,0.5,906,464,131,64,26,13,0.71,1.0,5,0,0
422,307,259,75,16,0.9,0.92,783,530,264,41,65,10,0.34,0.6,0,1,1
774,91,150,42,88,0.0,0.9,436,219,234,35,33,23,0.41,0.4,5,1,0
193,120,93,36,56,0.96,0.99,501,91,35,34,56,22,0.97,1.0,10,0,0
223,28,491,44,73,0.4,0.32,526,495,165,64,23,2,0.66,0.8,1,0,0
465,39,469,69,94,0.91,0.77,654,153,132,55,3,7,0.57,0.9,0,1,1
316,368,280,44,67,0.72,0.68,675,192,181,62,106,10,0.6,0.8,10,1,0
169,128,330,30,1,0.38,0.33,113,596,155,41,105,23,0.68,1.0,1,0,0
627,84,213,46,96,0.14,0.55,216,170,112,35,112,20,0.99,0.6,3,0,1
290,33,149,39,80,0.57,0.31,493,577,179,66,19,4,0.45,0.8,1,1,0
667,164,163,48,114,0.21,0.38,359,210,178,56,102,6,0.66,0.9,1,1,1
545,218,201,37,97,0.22,0.92,596,441,236,73,88,24,0.52,0.9,0,1,0
51,358,301,69,21,0.7,0.6,381,303,180,63,94,20,0.85,1.0,5,0,0
447,292,302,55,21,0.92,0.74,872,573,256,35,101,19,0.62,0.6,10,0,0
711,299,342,78,45,0.17,0.31,349,351,29,35,26,15,0.76,1.0,3,0,1
385,255,84,46,110,0.91,0.3,839,519,144,43,105,24,0.7,0.6,0,0,0
333,233,195,71,74,0.08,0.84,906,111,274,43,116,22,0.46,0.4,5,0,0
674,215,98,41,99,0.98,0.42,741,538,48,53,75,2,0.5,1.0,10,0,0
371,69,318,80,25,0.32,0.84,103,591,210,48,32,13,0.52,0.8,10,0,1
301,276,94,73,64,0.41,0.39,447,313,129,34,3,2,0.87,1.0,10,0,0
613,245,120,51,28,0.85,0.77,168,145,75,59,50,6,0.66,1.0,10,0,1
464,380,388,71,54,0.29,0.88,182,488,158,46,48,20,0.85,1.0,5,1,1
623,350,131,58,70,0.29,0.63,530,562,270,73,16,0,0.65,1.0,10,0,0
519,203,245,41,40,0.4,0.77,623,386,242,50,55,3,0.78,0.8,0,0,0
486,240,367,79,79,0.42,0.9,369,469,208,39,53,19,0.91,0.8,1,0,1
709,341,126,35,63,0.87,0.98,631,245,300,70,58,4,0.58,1.0,0,0,1
445,173,140,53,50,0.4,0.81,749,207,195,74,68,20,0.45,0.6,0,0,0
708,328,325,66,39,0.16,0.93,192,454,114,69,54,22,0.63,0.4,1,1,1
625,105,125,41,38,0.38,0.34,231,106,59,63,69,7,0.41,1.0,0,0,1
242,229,111,52,75,0.62,0.31,980,588,220,48,21,13,0.39,0.4,3,0,0
564,320,479,43,28,0.16,0.76,963,538,227,64,113,19,0.37,0.4,3,1,0
245,324,273,59,60,0.02,0.51,115,380,293,40,43,20,0.33,0.6,3,0,1
430,121,423,46,46,0.49,0.53,478,374,13,60,55,10,0.58,0.6,10,0,0
236,366,462,44,6,0.57,0.74,218,96,286,71,44,24,0.86,0.8,1,0,1
651,280,455,56,106,0.41,0.43,117,217,159,71,4,13,0.96,1.0,0,0,1
504,45,472,53,33,0.85,0.69,957,136,202,48,67,2,0.66,0.9,0,1,1
651,144,407,50,47,0.19,0.41,980,204,127,67,7,5,0.72,0.8,1,1,1
662,25,34,70,46,0.35,0.34,340,201,107,34,70,16,0.89,0.8,10,1,0
252,301,250,43,82,0.27,0.82,417,467,152,35,63,2,0.47,0.9,0,0,1
268,69,335,64,109,0.55,0.32,281,520,286,65,96,0,0.74,0.9,0,0,1
400,18,329,73,44,0.22,0.39,271,213,177,39,30,23,0.5,0.6,0,0,1
510,386,430,78,2,0.46,0.56,408,238,193,67,46,8,0.31,0.8,0,0,1
554,195,463,54,72,0.79,0.5,662,542,236,74,42,23,0.66,0.8,1,0,1
380,218,42,77,79,0.01,0.57,218,365,61,45,101,4,0.57,1.0,0,0,1
275,329,497,73,74,0.67,0.68,684,76,13,67,45,19,0.39,1.0,10,0,1
712,221,51,57,1,0.73,0.4,874,531,34,68,36,21,0.84,1.0,3,1,0
233,162,230,55,115,0.87,0.52,834,164,94,72,90,2,0.98,0.8,3,0,0
376,100,221,78,105,0.73,0.74,448,536,154,77,10,7,0.4,0.9,0,0,1
573,83,425,43,48,0.16,0.3,841,316,206,64,114,5,0.63,0.6,3,0,0
258,343,480,63,48,0.59,0.67,249,289,261,50,63,11,0.95,0.9,0,1,1
609,24,278,43,96,0.31,0.63,209,535,257,52,12,7,0.66,0.8,3,0,1
619,105,246,35,62,0.4,0.69,830,196,90,55,15,24,0.58,0.6,3,1,1
670,393,388,70,112,0.87,0.34,812,548,10,53,61,12,0.77,0.9,10,0,0
620,147,139,46,100,0.94,0.62,784,71,140,33,93,13,0.59,0.4,2,0,1
68,217,496,77,28,0.7,0.7,185,247,36,70,83,3,0.55,0.9,0,0,1
794,336,492,63,82,0.34,0.7,812,336,295,80,82,24,0.39,1.0,0,0,1
704,100,225,34,95,0.52,0.58,396,342,222,46,19,16,0.75,1.0,0,1,1
285,285,380,74,59,0.55,0.84,756,543,119,63,90,19,0.45,0.8,0,0,1
486,50,178,36,49,0.74,0.79,733,265,274,58,104,0,0.71,1.0,5,0,0
129,181,389,75,98,0.7,0.63,954,287,232,37,1,0,0.78,0.8,5,0,0
714,108,195,56,7,0.66,0.85,764,360,275,50,34,10,0.88,0.4,3,0,0
611,307,257,36,114,0.62,0.53,111,526,53,43,11,22,0.79,0.9,3,1,1
657,344,322,50,108,0.99,0.85,166,396,229,39,27,0,0.31,1.0,5,0,1
356,306,140,35,56,0.58,0.64,617,313,253,62,26,22,0.56,0.9,3,1,0
556,348,422,75,96,0.16,0.88,268,85,242,46,102,16,0.75,0.6,0,0,1
71,380,407,44,40,0.69,0.59,619,494,11,50,31,4,0.98,0.6,10,1,0
135,303,196,60,25,0.04,0.76,265,166,161,74,109,16,0.68,0.6,0,0,0
284,384,374,62,96,0.18,0.61,354,419,171,36,47,20,0.98,0.4,2,0,0
718,249,458,36,57,0.48,0.61,254,207,136,69,56,9,0.61,0.4,0,0,1
299,218,104,78,106,0.73,0.6,251,552,41,37,88,25,0.95,0.9,5,1,1
434,315,282,75,78,0.93,0.33,829,357,271,42,24,7,0.63,0.9,0,0,1
503,262,499,62,3,0.45,0.79,680,600,214,64,107,1,0.71,0.4,5,1,0
280,231,317,36,27,0.23,0.76,319,249,25,34,83,4,0.94,0.8,5,0,0
532,45,401,71,117,0.57,0.69,884,120,107,58,38,19,0.47,1.0,1,1,1
702,360,324,38,19,0.91,0.68,540,163,271,60,87,21,0.73,1.0,3,0,1
253,305,87,47,9,0.94,0.89,654,239,275,70,65,20,0.73,0.8,0,1,0
673,241,254,37,102,0.54,0.61,692,379,24,61,16,5,0.71,0.9,0,1,1
489,383,439,45,103,0.74,0.36,822,422,129,73,91,15,0.76,1.0,0,0,0
606,330,240,71,76,0.73,0.91,833,421,218,75,12,13,0.79,0.9,2,1,1
218,229,315,47,18,0.35,0.86,120,405,104,52,85,19,0.47,0.8,10,1,0
356,69,105,49,89,0.33,0.83,923,238,185,48,53,14,0.97,0.8,2,0,0
473,203,201,52,73,0.38,0.71,726,561,31,77,10,20,0.92,1.0,0,0,0
700,161,278,71,3,0.33,0.65,835,397,194,36,18,18,0.58,1.0,5,0,1
424,356,180,49,25,0.83,0.71,678,324,67,77,24,3,0.78,0.8,0,0,1
212,81,187,77,60,0.6,0.74,600,464,102,64,30,1,0.65,1.0,0,0,1
716,151,272,35,102,0.81,0.33,766,456,135,44,20,0,0.66,0.4,10,1,0
289,90,432,62,77,0.08,0.65,754,348,72,79,6,1,0.82,0.8,1,1,0
83,186,319,71,113,0.51,0.62,752,411,27,63,116,19,0.69,0.9,0,0,0
230,396,285,37,63,0.47,0.48,569,379,257,67,85,15,0.8,0.8,5,0,0
141,135,430,76,79,0.19,0.33,832,80,99,76,21,11,0.47,0.9,0,0,1
344,295,327,31,9,0.49,0.4,200,292,156,67,89,2,0.71,0.9,1,0,0
516,50,282,34,56,0.02,0.71,760,398,172,41,84,13,0.63,0.6,2,1,0
735,374,148,73,102,0.22,0.39,172,304,287,30,54,24,0.86,1.0,1,1,1
571,276,90,55,22,0.88,0.36,149,273,240,60,32,2,0.34,0.9,0,0,1
607,106,132,65,43,0.63,0.67,420,441,216,64,13,0,0.92,1.0,10,0,0
487,96,433,49,78,0.19,0.63,252,47,61,39,28,5,0.92,0.8,1,0,1
718,247,207,63,56,0.89,0.6,552,581,43,76,83,14,0.53,0.8,1,0,0
277,194,352,71,72,0.1,0.66,271,183,294,33,52,0,0.59,0.6,3,0,1
61,363,488,47,103,0.87,0.33,904,128,256,79,33,23,0.8,0.8,3,1,0
183,88,391,41,46,0.87,0.78,240,583,241,71,17,11,0.49,0.6,10,1,0
542,83,223,59,1,0.4,0.98,279,372,283,79,8,25,0.87,0.4,3,0,0
203,60,351,42,117,0.3,0.79,210,302,223,35,86,16,0.4,0.9,0,1,1
97,303,40,69,67,0.27,0.47,341,599,173,43,33,3,0.33,0.8,0,1,0
625,215,450,54,7,0.43,0.46,327,247,101,45,89,5,0.89,0.8,10,0,0
218,204,484,64,91,0.61,0.4,847,470,297,71,99,11,0.55,0.6,0,0,0
598,57,480,54,61,0.96,0.65,649,224,239,62,48,13,0.61,0.4,3,1,1
447,251,438,57,64,0.29,0.65,385,152,220,55,6,6,0.98,0.6,1,0,1
438,115,87,66,100,0.12,0.58,972,72,22,77,77,3,0.82,0.6,3,0,0
762,219,155,46,86,0.76,0.99,104,535,119,31,78,10,0.55,1.0,5,0,1
566,295,432,55,91,0.07,0.55,755,258,261,52,95,17,0.98,0.8,0,0,1
364,163,382,54,63,0.86,0.88,427,453,69,37,16,14,0.34,0.6,0,1,1
494,124,390,67,66,0.8,0.6,362,210,130,49,114,25,0.68,0.9,3,0,1
699,311,163,34,75,0.92,0.98,379,309,68,61,76,25,0.45,0.6,0,0,1
247,148,333,40,38,0.32,0.76,955,562,160,52,42,24,0.75,0.4,0,0,0
391,245,219,33,38,0.29,0.8,694,350,13,34,97,21,0.57,0.8,0,0,1
618,70,182,79,5,0.66,0.53,260,210,10,69,6,3,0.96,0.6,10,0,0
707,165,398,50,99,0.68,0.67,803,114,161,46,87,20,0.68,0.6,0,0,1
213,139,491,69,7,0.07,0.64,957,184,181,38,83,23,0.9,0.8,0,0,1
395,184,72,66,5,0.58,0.78,597,355,295,52,40,10,0.88,0.6,1,1,0
432,356,264,36,44,0.25,0.71,705,466,102,67,61,9,0.73,0.6,0,0,0
352,120,223,30,4,0.54,0.64,743,266,106,67,113,14,0.9,0.4,2,1,0
81,398,163,61,61,0.8,0.41,829,478,53,76,102,10,0.86,1.0,1,0,0
214,273,173,38,67,0.73,0.8,431,273,170,51,64,13,0.56,1.0,0,0,1
137,154,421,42,6,0.08,0.37,802,159,160,47,55,4,0.86,0.6,10,0,0
472,233,187,59,9,0.65,0.92,159,52,76,79,85,10,0.77,0.4,2,1,1
526,154,427,55,35,0.21,0.66,788,536,90,63,82,5,0.41,0.4,2,0,0
495,123,268,49,13,0.09,0.81,324,366,287,33,102,11,0.9,0.9,5,1,1
238,71,148,71,98,0.65,0.69,145,304,70,65,40,2,0.51,1.0,1,0,1
660,213,434,54,117,0.0,0.47,385,353,142,60,96,20,0.33,0.8,5,1,1
735,242,155,52,9,0.53,0.56,654,516,30,69,107,2,0.79,0.8,3,1,0
151,202,111,33,60,0.11,0.36,764,461,110,74,48,13,0.57,0.6,5,0,0
617,353,386,31,59,0.99,0.34,392,265,135,57,68,25,0.63,0.9,2,1,1
792,255,62,70,0,0.56,0.9,212,328,165,31,49,2,0.69,0.8,1,0,1
329,396,331,48,117,0.2,0.45,201,393,193,55,57,4,0.63,0.9,1,1,1
762,26,178,40,50,0.24,0.85,561,218,13,74,49,6,0.38,0.6,3,1,1
324,146,205,80,113,0.02,0.34,133,189,271,73,18,22,0.43,0.6,0,1,1
580,81,88,78,24,0.19,0.72,203,86,229,50,55,9,0.4,1.0,0,1,1
737,236,216,42,16,0.3,0.32,737,273,91,53,40,2,0.95,0.4,1,1,0
178,237,217,50,76,0.92,0.66,651,596,17,49,84,14,0.55,0.6,0,0,0
521,205,33,76,87,0.35,0.95,406,262,122,35,10,7,0.71,0.6,5,1,1
54,326,205,69,12,0.85,0.45,430,74,199,69,52,5,0.79,1.0,2,0,0
414,128,54,54,43,0.39,0.75,872,452,256,42,35,21,0.43,0.6,1,0,0
246,171,490,80,46,0.87,0.57,325,539,261,32,64,6,0.48,1.0,10,0,0
655,140,463,76,11,0.91,0.47,808,537,209,56,9,23,0.83,0.6,1,1,1
194,388,461,72,87,0.32,0.92,104,54,146,70,81,23,0.99,0.8,1,1,1
660,55,358,66,112,0.15,0.92,975,41,238,62,116,7,0.51,0.4,1,1,1
112,310,292,39,54,0.0,0.54,829,487,52,73,120,25,0.41,0.9,0,0,0
775,235,277,37,41,0.29,0.32,243,537,183,38,7,21,0.41,0.8,10,1,0
641,33,374,80,39,0.76,0.69,459,83,295,35,46,22,0.37,0.8,10,0,1
74,214,483,75,40,0.99,0.66,145,54,122,31,77,18,0.35,0.6,5,1,1
544,362,396,44,58,0.53,0.5,752,227,186,40,26,25,0.81,1.0,10,1,0
717,327,30,63,38,0.58,0.71,497,496,176,79,76,24,0.71,1.0,2,0,0
359,59,369,45,28,0.63,0.56,184,141,75,78,93,21,0.59,0.4,1,0,1
269,364,405,51,75,0.58,0.66,473,585,225,35,93,19,0.79,0.6,10,0,0
654,145,350,30,87,0.88,0.43,522,463,160,37,116,23,0.7,0.8,3,0,0
355,80,215,47,102,0.91,0.38,185,365,213,36,93,0,0.54,0.4,0,0,1
82,32,408,32,73,0.54,0.79,578,417,257,44,69,5,0.75,0.6,0,1,0
768,250,465,49,2,0.63,0.34,664,375,128,68,92,13,0.6,0.8,0,1,1
218,114,286,43,30,0.13,0.33,551,461,103,66,70,22,0.38,0.8,10,0,0
761,77,250,30,98,0.26,0.75,956,597,179,31,51,18,0.53,0.9,1,0,0
208,140,56,38,120,0.43,0.81,325,142,71,61,18,6,0.42,0.6,1,0,0
304,311,427,31,47,0.29,0.8,901,327,263,58,95,11,0.64,0.8,3,0,0
60,363,81,35,12,0.09,0.35,111,357,155,53,58,15,0.69,1.0,0,0,0
437,293,341,38,39,0.49,0.4,812,572,283,56,38,15,0.55,1.0,0,1,0
215,309,155,72,64,0.46,0.46,264,311,266,55,90,3,0.78,0.4,5,1,0
135,333,294,54,26,0.38,0.98,950,153,245,66,94,10,0.97,0.6,3,1,0
254,367,268,72,39,0.25,0.41,488,49,152,54,107,16,0.97,0.6,10,1,0
76,194,249,73,3,0.17,0.43,441,493,168,76,34,5,0.59,0.4,2,0,0
203,299,251,36,32,0.89,0.98,290,328,93,65,76,6,0.68,0.6,1,1,0
298,129,138,68,103,0.81,0.66,207,492,136,58,70,18,0.96,1.0,0,1,1
672,356,332,33,32,0.14,0.57,866,470,153,45,26,9,0.45,0.4,0,1,0
85,142,366,34,89,0.81,0.72,536,171,257,79,50,2,0.73,0.6,2,0,0
624,141,342,46,3,0.93,0.71,670,328,86,45,38,25,0.76,0.6,0,0,1
272,180,54,30,96,0.5,0.39,104,220,70,46,24,4,0.65,0.8,0,1,1
333,24,249,69,25,0.43,0.73,429,53,35,47,88,21,0.5,0.6,5,1,1
79,197,202,59,52,0.05,0.41,346,544,91,55,66,24,0.42,0.4,0,0,0
698,107,360,31,61,0.33,0.85,559,137,193,37,64,0,0.81,0.6,1,0,1
60,100,497,50,92,0.2,0.45,462,213,252,36,69,3,0.39,0.6,1,0,0
253,127,496,53,86,0.98,0.37,112,265,115,32,7,10,0.35,0.8,3,1,1
421,167,313,66,50,0.23,0.39,659,599,78,80,29,22,0.5,1.0,3,1,0
654,253,400,46,51,0.21,0.47,764,311,290,60,1,20,1.0,0.4,0,0,0
751,280,301,60,53,0.94,0.75,638,329,291,64,34,25,0.56,1.0,5,0,1
394,172,282,72,51,0.38,0.67,531,148,179,32,0,3,0.68,0.4,0,0,1
351,136,467,79,47,0.77,0.54,899,85,248,64,44,21,0.39,1.0,0,1,1
179,208,392,63,87,0.98,0.43,108,178,113,76,40,19,0.76,0.9,5,1,1
755,26,253,34,77,0.99,0.71,476,453,138,67,70,24,0.62,0.6,3,0,0
676,349,437,58,33,0.43,0.77,788,516,153,37,71,14,0.67,0.4,0,0,1
145,181,421,54,38,0.08,0.86,428,507,25,55,40,0,0.69,1.0,0,1,1
299,259,158,62,91,0.38,0.47,293,460,299,75,53,9,0.33,0.6,0,0,1
131,136,72,54,63,0.27,0.84,621,54,206,45,41,10,0.79,0.6,10,0,0
565,161,243,44,93,0.45,0.46,813,471,58,68,50,4,0.58,0.6,10,0,0
677,131,429,73,66,0.66,0.98,437,106,123,52,64,17,0.44,1.0,5,0,1
535,146,381,50,75,0.84,0.7,748,214,155,75,73,13,0.48,1.0,0,0,1
79,306,36,43,120,0.05,0.41,983,466,235,54,65,20,0.52,0.9,0,0,0
240,48,251,34,46,0.23,0.83,885,161,100,76,32,7,0.44,0.4,0,0,0
362,130,259,35,77,0.33,0.36,224,337,65,60,118,18,0.88,1.0,1,0,0
525,305,326,74,82,0.39,0.73,969,250,166,45,83,1,0.71,0.8,5,0,1
585,198,193,69,29,0.86,0.84,710,87,175,70,15,15,0.67,0.4,1,1,1
536,85,141,58,81,0.68,0.32,389,240,136,31,8,11,0.53,1.0,10,1,0
226,238,220,60,75,0.72,0.87,250,346,42,36,2,12,0.56,1.0,2,1,1
144,210,148,52,77,0.68,0.32,261,101,293,45,35,16,0.91,1.0,0,0,1
312,196,56,33,99,0.18,0.96,539,217,111,78,48,7,0.7,1.0,10,1,0
122,358,159,53,106,0.09,0.88,980,107,188,62,32,11,0.49,0.6,3,1,0
213,274,303,65,8,0.33,0.46,561,482,70,41,105,4,0.82,0.8,10,0,0
437,138,464,32,23,0.56,0.77,886,271,115,63,31,24,0.63,0.6,0,0,0
684,49,378,60,100,0.73,0.95,107,121,91,44,4,17,0.96,0.4,10,1,1
295,72,73,56,2,0.44,0.53,222,396,96,76,33,12,0.68,0.6,1,1,0
615,398,179,60,92,0.61,0.43,692,418,201,57,53,4,0.89,0.8,0,0,1
232,357,455,50,7,0.51,0.38,634,211,275,30,90,22,0.78,0.9,1,0,1
588,88,38,73,10,0.12,0.84,421,434,63,60,91,25,0.65,0.9,0,0,0
410,393,258,77,77,0.05,0.8,729,358,181,58,27,12,0.74,0.6,1,0,1
621,160,273,53,79,0.66,0.32,486,524,159,65,120,9,0.76,0.4,1,0,0
290,39,405,46,16,0.28,0.43,491,433,39,48,21,12,0.62,0.4,2,1,0
589,269,88,68,88,0.39,0.88,750,224,34,55,33,19,0.52,0.4,2,0,1
460,102,216,36,77,0.39,0.83,931,371,260,38,31,22,0.36,0.9,3,0,1
114,145,484,74,79,0.73,0.31,274,556,108,49,113,4,0.66,1.0,0,0,1
448,68,394,48,118,0.47,0.56,322,272,95,52,104,4,0.36,0.6,0,0,1
215,366,327,38,42,0.19,0.77,204,365,58,67,71,8,0.99,0.6,3,1,0
485,98,296,30,56,0.8,0.35,253,576,83,61,85,23,0.85,0.4,10,1,0
172,201,453,76,93,0.42,0.87,716,560,169,52,45,10,0.61,0.9,0,1,1
682,38,316,68,100,0.92,0.97,781,76,63,71,81,17,0.99,1.0,10,0,1
301,311,451,33,4,0.96,0.94,404,46,65,63,83,1,0.4,0.8,0,1,1
256,268,267,41,105,0.24,0.47,743,127,17,73,101,21,0.86,0.9,1,0,0
301,116,275,59,40,0.76,0.71,310,320,170,55,14,16,0.37,1.0,2,0,1
207,286,321,39,100,0.36,0.65,809,391,52,66,26,15,0.6,1.0,10,1,0
665,292,288,53,63,0.66,0.59,712,368,160,73,87,0,0.37,0.6,1,0,1
543,302,240,43,68,0.28,0.74,357,100,37,74,45,8,0.75,0.4,1,0,1
408,172,127,45,7,0.65,0.97,350,333,140,57,94,10,0.97,0.9,0,0,0
256,140,140,32,0,0.91,0.44,958,466,118,59,79,21,0.82,0.9,2,0,0
446,274,43,70,104,0.25,0.81,434,397,147,72,57,2,0.63,0.4,0,0,0
738,205,317,74,58,0.8,0.47,447,185,270,39,45,15,0.87,0.6,2,0,1
260,186,125,74,5,0.77,0.76,241,403,131,44,75,19,0.96,0.6,0,1,1
168,19,380,48,92,0.41,0.85,281,515,87,78,34,16,0.59,0.9,3,1,0
90,252,229,39,17,0.02,0.73,307,264,216,40,3,20,0.47,1.0,5,0,0
559,72,339,36,80,0.14,0.83,954,271,210,37,19,17,0.85,0.9,0,0,1
724,124,215,66,103,0.27,0.39,994,594,159,67,99,19,0.41,0.6,1,1,0
203,258,86,33,58,0.68,0.85,724,230,220,78,76,16,1.0,0.4,2,0,0
487,138,438,49,6,0.41,0.56,134,505,19,31,62,11,0.99,0.4,5,1,1
752,218,134,35,82,0.83,0.83,487,203,159,72,35,1,0.38,0.9,10,0,0
185,262,268,30,0,0.82,0.96,271,533,254,53,59,20,0.38,0.4,10,1,0
472,378,280,70,106,0.69,0.49,790,314,204,74,77,18,0.91,0.9,0,0,1
689,400,78,61,31,0.71,0.98,494,235,257,62,35,16,0.34,0.6,10,0,0
189,248,167,76,105,0.78,0.68,404,245,256,62,51,6,0.74,0.8,2,0,1
424,42,430,64,104,0.53,0.45,252,255,181,63,77,17,0.38,0.9,1,0,1
344,15,419,70,103,0.63,0.95,794,501,211,60,86,13,0.36,0.9,5,0,1
276,75,326,71,77,0.36,0.64,614,503,30,77,27,16,0.46,0.6,0,0,1
163,281,336,70,27,0.76,0.72,171,410,145,36,93,18,0.84,0.6,10,0,0
647,132,394,42,37,0.91,0.56,726,453,38,50,104,2,0.82,0.8,5,0,0
469,225,146,78,15,0.56,0.58,313,498,61,59,112,17,0.93,0.8,2,0,0
644,138,193,33,74,0.43,0.71,224,266,237,59,90,24,0.84,0.6,3,0,0
317,41,174,36,17,0.95,0.47,913,451,151,64,1,15,0.64,0.8,3,1,0
758,363,307,37,103,0.79,0.4,950,280,212,79,17,7,0.81,0.6,3,0,0
641,359,189,71,119,0.75,0.93,922,591,59,38,43,12,0.3,0.6,0,0,1
473,360,164,40,21,0.24,0.63,918,313,142,50,112,13,0.87,0.8,0,1,0
444,29,225,36,77,0.85,0.59,701,207,34,41,38,9,0.48,1.0,0,0,1
315,11,100,66,62,0.52,0.53,643,336,30,49,71,3,0.77,0.8,1,0,0
362,326,432,35,9,0.58,0.5,276,308,144,66,68,2,0.8,0.8,3,0,0
142,97,36,63,27,0.3,0.92,348,532,33,80,116,6,0.66,0.9,3,0,0
603,337,478,35,96,0.28,0.78,360,108,128,59,60,0,0.74,0.8,2,1,1
437,35,454,80,18,0.04,0.6,899,312,296,46,39,13,0.5,0.8,2,0,1
300,343,369,51,50,0.31,0.57,568,577,221,53,61,4,0.87,0.9,0,1,0
789,285,80,61,24,0.33,0.96,908,119,248,54,68,14,0.64,0.9,0,1,1
561,56,435,73,87,0.99,0.4,981,300,91,80,14,25,0.93,0.6,3,1,0
199,201,464,68,80,0.27,0.58,667,474,98,46,55,25,0.8,0.6,0,1,0
521,34,346,62,104,0.83,0.57,382,487,31,37,99,2,0.92,0.9,0,0,1
415,356,492,33,3,0.46,0.96,227,447,42,31,63,22,0.91,0.9,10,0,0
150,178,309,71,13,0.88,0.88,261,118,25,48,98,16,0.42,0.6,1,0,1
366,234,151,76,57,0.06,0.99,102,438,298,34,85,23,0.74,0.4,0,1,1
477,263,144,45,93,0.07,0.81,822,422,252,46,78,2,0.57,0.9,1,1,0
707,67,183,53,43,0.41,1.0,858,346,162,35,90,23,0.81,1.0,3,0,1
269,259,78,64,73,0.61,0.43,578,224,285,74,112,13,0.68,0.9,1,0,0
326,392,37,34,30,0.17,0.97,692,368,206,33,93,17,0.69,1.0,0,1,0
81,43,150,57,118,0.92,0.64,363,362,250,67,61,14,0.4,0.8,3,1,0
82,388,206,36,72,0.88,0.49,572,94,18,31,25,0,0.35,0.9,0,1,1
783,183,466,64,74,0.51,0.94,233,64,85,43,69,18,0.96,0.6,0,0,1
755,241,453,70,104,0.83,0.66,981,478,245,65,3,23,0.34,0.6,0,0,1
181,338,128,52,33,0.24,0.92,448,123,208,45,35,16,0.53,1.0,0,0,1
394,360,153,70,115,0.59,0.86,848,168,153,72,63,3,0.39,1.0,3,0,1
787,135,323,37,110,0.38,0.93,427,282,218,30,76,25,0.88,0.8,0,0,1
422,399,134,68,13,0.56,0.41,762,480,105,79,10,25,0.55,0.9,1,0,0
639,369,290,80,88,0.83,1.0,723,157,125,43,62,3,0.87,0.9,1,0,1
233,360,363,64,43,0.55,0.76,945,253,209,42,111,23,0.83,0.6,0,0,1
748,345,373,60,105,0.33,0.98,904,539,201,35,28,4,0.45,1.0,0,0,1
202,121,498,74,63,0.57,0.65,169,259,276,68,86,10,0.66,1.0,10,0,0
388,327,427,66,4,0.16,0.63,117,595,24,69,105,2,0.35,0.4,0,1,1
724,215,108,54,17,0.34,0.42,108,160,124,36,5,12,0.78,0.4,0,1,1
64,246,324,56,74,0.9,0.32,500,302,106,31,117,10,0.37,1.0,5,0,0
522,104,185,44,65,0.58,0.57,714,386,19,49,52,15,0.64,0.9,5,0,0
204,305,50,38,78,0.31,0.93,889,463,122,45,84,11,0.66,0.8,0,1,0
527,172,179,46,89,0.21,0.73,540,525,236,42,33,16,0.37,1.0,1,1,1
511,155,384,34,33,0.09,0.48,449,78,56,63,108,8,0.46,0.6,10,1,0
412,117,370,49,94,0.57,0.75,702,379,96,64,14,20,0.76,0.8,3,1,1
453,357,227,40,1,0.69,0.95,376,481,267,60,71,1,0.53,0.8,10,0,0
294,395,134,31,81,0.65,0.49,567,476,83,47,38,2,0.65,0.9,0,0,0
200,42,248,68,21,0.98,0.4,219,60,13,42,20,21,0.65,0.4,10,1,0
582,53,356,44,21,0.84,0.83,513,179,194,52,45,3,0.62,0.9,2,0,1
407,209,182,39,53,0.73,0.42,759,375,53,35,97,3,0.69,0.4,3,1,0
593,184,474,77,22,0.62,0.46,998,102,110,51,92,21,0.77,0.8,1,1,1
301,277,484,68,100,0.58,0.44,334,511,74,39,93,7,0.3,1.0,5,0,1
787,159,125,58,66,0.53,0.64,805,187,199,36,63,7,0.64,0.8,0,0,1
115,224,446,40,77,0.1,0.41,816,146,44,52,70,16,0.36,1.0,10,0,0
625,361,231,55,76,0.93,0.86,979,305,116,67,73,3,0.51,0.9,1,1,1
87,122,209,33,66,0.31,0.52,982,366,103,72,101,14,0.43,0.9,0,1,0
385,387,120,38,46,0.57,0.82,799,377,132,66,98,21,0.78,1.0,1,0,0
372,173,127,68,45,0.12,0.4,271,294,95,38,65,17,0.69,0.4,0,1,1
495,126,269,52,80,0.31,1.0,788,292,170,54,42,1,0.94,0.8,2,1,1
117,288,349,78,54,0.81,0.78,926,136,233,56,65,11,0.42,0.6,0,0,1
129,372,369,58,42,0.34,0.38,575,293,282,66,112,20,0.44,0.8,0,1,0
76,359,252,60,23,0.19,0.95,192,313,232,64,72,19,0.59,0.6,0,0,1
724,195,450,77,62,0.12,0.92,341,421,149,78,62,11,0.44,0.8,5,0,1
224,151,320,57,120,0.22,0.64,729,337,156,64,36,20,0.86,0.9,0,1,0
771,204,335,71,81,0.76,0.6,258,180,12,31,117,5,0.43,1.0,0,1,1
106,19,488,33,50,0.01,0.61,469,44,291,65,119,10,0.86,0.8,0,0,0
430,167,30,54,18,0.91,0.95,510,250,137,75,35,25,0.91,1.0,0,1,0
210,94,63,30,87,0.87,0.74,904,559,202,50,100,17,0.7,0.9,0,0,0
72,332,269,57,85,0.64,0.96,257,505,139,49,56,24,0.35,0.8,2,0,1
634,254,250,41,17,0.55,0.91,183,301,63,52,24,9,0.6,0.8,5,1,1
752,396,190,71,62,0.36,0.92,370,505,275,48,46,23,0.4,0.8,10,0,1
73,370,77,37,112,0.21,0.78,942,189,33,37,78,14,0.93,0.6,0,0,0
493,350,118,40,22,0.11,0.92,740,329,299,46,67,4,0.47,0.4,0,0,0
680,309,410,48,26,0.97,0.98,925,412,180,77,58,7,0.86,0.9,5,1,0
651,241,349,51,1,0.72,0.79,521,92,15,62,62,7,0.55,1.0,0,0,1
408,278,139,53,104,0.3,0.75,116,587,240,63,95,16,0.62,0.6,3,1,0
771,158,402,63,68,0.74,0.93,451,289,282,62,35,21,0.31,1.0,0,0,1
494,28,315,48,80,0.54,0.77,823,455,43,48,2,4,0.37,0.8,0,1,1
204,235,413,54,62,0.1,0.3,376,117,58,69,110,21,0.35,0.6,5,0,0
612,284,431,35,2,0.52,0.43,700,129,79,80,13,14,0.96,0.8,1,0,0
64,49,375,72,67,0.28,0.72,849,272,240,71,89,25,0.7,0.9,10,0,0
182,186,220,51,8,0.23,0.87,884,543,57,41,60,13,0.57,0.9,5,0,0
253,397,78,56,54,0.92,0.95,404,440,229,77,60,2,0.84,0.4,5,0,0
488,148,450,30,104,0.82,0.56,259,584,146,37,50,5,0.97,0.6,0,1,1
618,380,446,39,75,0.88,0.72,535,264,65,65,69,8,0.53,1.0,0,1,1
660,399,478,62,48,0.79,0.82,319,377,51,49,100,3,0.55,0.9,0,1,1
584,35,360,72,108,0.61,0.41,634,595,269,63,54,17,0.84,1.0,0,0,1
381,353,77,47,41,0.67,0.78,927,580,209,30,13,13,0.73,0.9,3,1,1
289,75,225,60,75,0.86,0.83,657,152,158,52,9,25,0.87,0.6,2,0,1
218,216,214,45,43,0.38,0.76,697,426,287,49,22,12,0.44,0.4,0,0,0
576,295,222,56,49,0.26,0.79,756,135,244,69,80,16,0.52,0.9,3,0,1
793,104,30,73,46,0.5,0.78,244,556,244,45,38,19,0.84,0.4,2,0,1
557,133,115,41,17,0.43,0.33,698,548,271,47,108,11,1.0,0.9,0,0,0
438,114,190,42,65,0.94,0.91,121,371,141,50,62,12,0.6,0.6,3,1,1
774,45,263,52,118,0.43,0.43,444,332,199,78,103,20,0.37,0.9,0,0,1
558,63,131,73,66,0.91,0.8,532,491,189,79,97,19,0.86,0.9,0,0,0
606,281,359,67,86,0.19,0.39,276,216,88,32,28,14,0.68,0.6,0,1,1
83,211,291,46,35,0.05,0.53,449,233,277,44,99,13,0.44,0.6,1,1,0
738,236,435,76,61,0.91,0.75,960,211,36,41,87,23,0.39,0.8,2,0,1
128,10,175,55,31,0.99,0.7,213,590,19,54,50,10,0.68,0.4,3,1,0
761,34,493,43,101,0.67,0.34,822,460,106,75,76,17,0.41,0.6,5,1,0
712,285,188,62,95,0.0,0.87,782,485,223,54,98,10,0.4,0.8,0,1,1
288,360,190,33,1,0.36,0.42,549,520,250,55,46,4,0.64,0.9,2,0,0
339,100,213,52,33,0.56,0.45,651,368,187,43,27,4,0.33,0.9,1,0,1
376,249,91,33,11,0.1,0.88,959,118,284,37,40,18,0.7,0.8,0,1,0
709,228,343,74,84,0.92,0.67,874,498,94,76,29,5,0.39,0.6,1,0,1
788,303,160,72,44,0.18,0.83,917,235,217,48,18,22,0.71,0.6,5,1,0
506,106,110,62,42,0.21,0.72,402,266,115,57,59,12,0.71,0.4,2,1,0
53,341,52,38,26,0.06,0.63,903,132,173,75,15,20,0.89,0.6,0,1,0
459,121,463,60,44,0.62,1.0,358,527,252,43,102,4,0.83,0.6,3,1,1
264,233,109,53,64,0.85,0.74,912,559,89,61,114,20,0.87,0.9,10,0,0
685,17,106,43,114,0.97,0.64,911,59,268,38,71,14,0.52,0.4,0,1,1
220,218,410,36,94,0.36,0.49,550,55,232,42,18,12,0.48,0.9,0,0,1
429,154,137,78,113,0.96,0.38,996,548,26,35,49,15,0.56,1.0,0,0,1
94,167,120,62,96,0.34,0.83,494,265,279,76,24,6,0.64,1.0,5,0,0
463,12,59,33,55,0.59,0.47,111,195,38,42,71,7,0.73,0.8,0,0,0
412,257,60,47,120,0.41,0.59,324,130,265,35,112,19,0.71,0.8,1,1,1
511,297,284,44,83,0.28,0.72,251,451,165,57,60,11,0.56,0.9,0,0,1
531,148,499,68,73,0.28,0.48,941,105,175,59,73,8,0.34,1.0,5,0,1
507,262,78,56,114,0.54,0.5,300,263,118,59,56,11,0.78,0.6,0,0,1
628,214,238,34,81,0.32,0.82,149,148,151,56,2,6,0.91,0.4,3,0,1
279,171,96,40,47,0.2,1.0,588,334,190,65,12,6,0.45,0.8,3,1,0
740,31,276,72,63,0.17,0.65,622,89,143,53,107,9,0.51,0.9,0,0,1
637,55,399,69,20,0.52,0.84,886,205,256,78,117,12,0.41,0.9,1,0,1
550,355,83,50,8,0.89,0.64,555,227,53,65,2,5,0.77,0.8,0,0,1
661,192,363,78,27,0.61,0.8,306,568,277,68,103,12,0.63,0.6,1,0,1
416,258,188,74,74,0.99,0.31,148,113,66,33,53,17,0.57,0.9,1,1,1
139,201,147,54,11,0.1,0.67,379,412,113,69,18,10,0.32,0.4,0,0,0
96,320,204,69,106,0.03,0.91,590,56,25,78,96,21,0.36,1.0,5,0,1
657,207,407,63,91,0.75,0.76,982,245,79,39,71,22,0.56,0.4,1,0,1
444,129,76,32,9,0.5,0.31,275,505,13,80,38,18,0.87,1.0,10,1,0
410,246,344,73,80,0.72,0.82,950,103,122,31,36,14,0.85,0.6,3,1,1
751,283,79,71,37,0.41,0.39,692,140,133,69,7,14,0.87,0.6,3,1,0
68,10,167,47,104,0.72,1.0,246,309,211,72,42,11,0.61,0.8,0,0,0
448,236,124,72,74,0.82,0.68,898,500,105,53,94,10,0.85,1.0,1,0,0
418,121,164,31,0,0.08,0.55,710,480,189,73,43,10,0.46,0.6,0,1,0
446,15,313,38,116,0.26,0.51,375,296,56,79,57,18,0.81,1.0,0,0,0
379,35,287,72,26,0.38,0.42,792,42,295,70,106,17,0.88,0.4,3,0,0
769,161,167,53,72,0.98,0.52,481,416,36,63,99,18,0.71,1.0,3,0,0
61,119,178,78,115,0.51,0.91,828,60,82,30,65,18,0.73,1.0,0,0,1
447,361,62,77,28,0.43,0.93,388,468,114,66,10,18,0.86,1.0,10,0,0
467,20,253,51,117,0.22,0.62,930,390,49,75,21,1,0.94,1.0,1,0,0
277,282,251,32,29,0.96,0.71,234,488,101,47,109,15,0.36,0.6,1,1,1
264,195,420,32,104,0.27,0.83,239,223,198,66,103,4,0.46,1.0,0,0,1
665,238,144,48,49,0.39,0.32,615,433,54,58,95,25,0.37,0.9,1,0,0
123,159,161,34,111,0.29,0.47,270,146,235,45,52,2,0.94,0.4,5,1,0
259,120,156,41,111,0.66,0.73,388,506,124,50,96,2,0.67,0.9,10,0,0
326,148,499,49,108,0.04,0.79,674,508,241,50,58,2,0.73,0.8,10,1,0
535,27,215,78,65,0.04,0.99,819,434,136,79,29,4,0.58,0.9,1,1,1
134,33,155,39,97,0.5,0.5,427,220,84,46,18,14,0.59,0.6,3,1,0
239,350,363,79,90,0.81,0.32,354,146,103,79,66,17,0.6,0.8,1,0,1
52,282,119,60,3,0.49,0.68,822,440,202,43,79,12,0.42,0.4,0,1,0
777,265,75,54,96,0.67,0.52,970,430,152,68,45,13,0.89,1.0,0,0,0
751,351,231,32,3,0.28,0.93,395,409,60,63,13,2,0.42,0.9,10,0,0
631,238,435,58,57,0.71,0.42,540,527,90,66,101,7,0.68,1.0,1,0,1
793,151,97,37,88,0.4,0.79,144,233,298,59,107,0,0.85,0.9,5,0,0
254,320,127,60,52,0.36,0.96,548,539,254,68,35,21,0.31,0.9,10,0,0
396,105,489,54,20,0.28,0.8,687,176,103,43,112,8,0.61,0.6,0,0,1
105,292,410,40,4,0.46,0.66,453,233,156,39,20,6,0.66,1.0,10,0,0
129,244,195,43,0,0.45,0.58,814,458,105,57,118,17,0.94,0.9,0,0,0
531,158,61,32,74,0.15,0.9,316,429,210,50,102,16,0.85,0.6,10,1,0
613,237,90,36,46,0.27,0.8,319,325,19,36,50,3,0.52,1.0,0,1,1
334,97,191,54,102,0.6,0.81,586,188,89,58,109,11,0.48,0.4,0,1,1
409,352,331,79,0,0.54,0.52,637,561,174,57,10,8,0.4,0.6,10,0,0
327,299,93,60,75,0.38,0.35,598,197,88,39,50,22,0.69,0.4,3,0,0
466,230,112,62,89,0.48,0.57,755,357,224,32,98,9,0.4,1.0,5,0,0
203,221,49,49,4,0.84,0.65,277,470,290,62,78,12,0.9,0.4,0,0,0
794,360,364,67,10,0.75,0.52,157,545,268,72,93,3,0.82,0.9,0,0,1
268,50,446,30,41,0.0,0.93,266,385,268,69,2,2,0.84,1.0,2,0,0
227,361,347,53,87,0.07,0.79,824,282,51,34,57,10,0.44,0.9,10,1,0
530,140,161,37,16,0.07,0.58,583,275,165,77,31,16,0.95,0.8,0,0,0
761,392,163,36,48,0.93,0.95,819,173,69,68,104,9,0.39,0.4,5,0,0
676,140,346,55,18,0.76,0.48,559,71,20,31,0,23,0.6,0.6,5,1,1
615,15,107,38,65,0.96,0.98,456,46,210,42,118,21,0.48,0.8,5,0,1
106,111,228,49,40,0.75,0.6,438,598,135,73,63,1,0.81,1.0,2,0,0
602,25,259,41,60,0.46,0.49,594,182,110,42,25,3,0.61,0.4,1,0,1
189,262,171,52,91,0.74,0.87,630,222,238,75,58,20,0.34,0.6,1,0,0
155,334,410,35,57,0.64,0.37,948,153,89,78,109,1,0.93,0.9,0,0,0
594,399,158,46,106,0.29,0.61,672,394,157,69,31,4,0.62,0.8,2,0,0
76,141,139,35,86,0.62,0.66,988,394,37,45,108,20,0.62,0.4,1,1,0
130,283,167,51,47,0.8,0.34,578,314,173,47,79,0,0.78,0.6,10,1,0
519,321,467,66,63,0.9,0.51,632,53,58,65,92,22,0.5,0.8,3,0,1
633,258,105,66,100,0.7,0.96,563,586,233,35,85,21,0.56,0.8,1,0,1
584,281,387,57,41,0.52,0.7,421,170,96,58,69,17,0.48,0.4,0,1,1
761,277,174,30,46,0.66,0.78,860,114,248,35,49,4,0.75,0.9,5,0,0
666,185,416,56,101,0.99,0.81,202,404,76,43,83,21,0.66,0.9,2,0,1
464,207,121,45,31,0.99,0.64,661,256,165,77,73,24,0.48,0.4,0,1,0
103,302,438,54,27,0.55,0.34,677,260,126,63,67,2,0.86,0.6,0,0,0
581,54,219,54,54,0.91,0.48,422,69,256,67,100,17,0.9,0.4,0,0,1
441,305,163,77,23,0.81,0.53,613,349,122,32,6,10,0.91,0.4,2,1,1
691,90,485,63,24,0.09,0.6,275,372,79,30,26,6,0.54,0.6,1,0,1
73,115,97,51,88,0.79,0.6,789,136,106,37,13,5,0.48,0.4,0,1,0
145,374,440,62,84,0.12,0.61,888,235,298,62,97,23,0.87,0.4,5,0,0
470,43,291,49,35,0.62,0.92,134,473,270,44,94,19,0.91,0.6,10,1,0
745,276,205,76,113,0.33,0.87,970,81,170,38,15,10,0.34,0.4,0,0,1
331,383,286,47,56,0.35,0.33,556,141,293,40,113,18,0.62,1.0,3,0,1
212,248,361,74,13,0.73,0.62,102,394,39,69,26,23,0.74,1.0,10,0,0
772,336,465,57,83,0.52,0.57,251,43,34,54,35,8,0.99,1.0,0,1,1
100,201,31,80,8,0.8,0.41,586,563,205,61,13,7,0.48,1.0,10,0,0
373,263,373,54,37,0.81,0.64,323,371,43,66,15,3,0.67,0.4,0,1,1
672,335,447,33,70,0.51,0.35,642,503,16,39,75,18,0.36,1.0,2,0,1
113,268,217,64,43,0.15,0.54,162,438,67,75,92,21,0.44,0.6,10,1,0
666,244,240,67,113,0.06,0.85,326,218,261,79,68,3,0.97,0.4,0,0,1
369,99,337,37,102,0.85,0.45,181,433,108,75,46,22,0.56,1.0,0,1,1
127,377,281,62,26,0.61,0.8,742,155,294,52,35,15,0.72,0.6,3,0,0
455,310,176,40,96,0.56,0.98,517,449,35,61,114,0,0.49,0.4,3,1,0
75,128,351,54,96,0.04,0.47,320,141,286,75,38,1,0.61,0.9,2,1,0
83,352,458,79,44,0.21,0.39,745,528,246,72,100,5,0.6,0.4,10,0,0
627,249,250,65,5,0.46,0.6,193,325,62,55,18,15,0.94,0.6,2,0,1
535,258,66,68,62,0.02,0.97,694,280,148,46,60,2,0.38,0.4,0,0,1
710,332,157,57,96,0.32,0.65,889,209,14,52,39,18,0.38,0.9,3,0,1
288,44,33,79,47,0.64,0.4,283,335,18,52,86,5,0.66,0.9,5,1,0
121,105,283,56,23,0.81,0.45,586,416,252,31,51,9,0.36,1.0,5,1,0
343,256,224,47,74,0.68,0.7,512,269,48,70,37,4,0.71,0.8,0,0,1
550,125,302,57,117,0.26,0.93,843,197,193,74,22,11,0.83,0.8,0,1,1
381,285,498,37,111,0.99,0.87,714,389,153,62,2,0,0.47,0.4,0,0,1
269,300,216,45,80,0.13,0.96,888,552,299,36,57,21,0.51,0.8,0,0,0
728,255,470,39,44,0.79,0.66,667,513,128,48,102,18,0.56,1.0,10,0,0
753,83,174,60,95,0.36,0.33,921,597,47,63,18,25,0.87,0.9,0,1,0
785,108,401,73,53,0.94,0.77,733,340,228,58,112,22,0.87,0.6,10,0,0
55,165,361,35,55,0.15,0.63,180,393,108,69,72,23,0.45,0.8,2,0,0
60,226,209,79,104,0.67,0.94,722,410,209,52,32,3,0.53,0.6,2,1,0
275,329,490,43,20,0.45,0.32,706,309,164,52,45,24,0.94,0.8,2,0,0
283,223,418,45,4,0.18,0.48,904,161,110,50,10,12,0.39,0.8,10,1,0
386,227,421,40,57,0.07,0.77,474,420,297,66,110,13,0.87,0.8,1,0,0
190,26,322,55,92,0.71,0.8,871,343,128,58,98,25,0.81,0.8,1,0,0
749,249,332,65,36,0.18,0.86,394,381,13,75,2,16,0.64,0.6,2,0,1
59,134,156,56,22,0.78,0.68,476,508,205,52,79,21,0.56,0.6,1,1,0
336,24,357,48,14,0.26,1.0,130,399,23,48,76,1,0.47,0.6,0,0,1
130,131,41,73,34,0.68,0.79,447,378,147,72,5,22,0.77,0.8,5,0,0
72,179,484,51,52,0.1,0.33,115,141,81,38,17,7,0.85,1.0,1,0,1
193,315,205,35,49,0.04,0.38,274,58,289,80,26,8,0.44,1.0,0,0,1
152,33,46,69,76,0.68,0.86,774,255,216,78,2,23,0.7,0.8,0,0,0
636,307,356,54,25,0.98,0.84,350,49,21,67,92,9,0.6,0.8,0,0,1
190,22,283,41,16,0.3,0.66,400,158,92,78,7,11,0.58,1.0,5,0,0
535,202,50,77,65,0.66,0.79,740,262,259,42,35,5,0.35,0.6,3,1,1
135,246,358,54,90,0.72,0.86,253,336,296,58,55,14,0.49,0.6,1,0,1
211,385,439,59,47,0.93,0.73,909,126,254,63,109,2,0.77,0.8,0,0,1
579,315,449,55,85,0.43,0.69,756,333,82,63,81,1,0.6,0.4,5,1,0
713,200,166,64,18,0.82,0.42,343,344,212,78,94,21,0.64,0.9,3,1,0
549,222,457,33,96,0.07,0.67,960,432,93,32,4,25,0.83,1.0,0,1,1
661,122,172,70,4,0.58,0.8,701,105,135,42,7,3,0.84,0.8,1,1,1
472,47,305,60,118,0.23,0.3,618,221,100,43,81,9,0.93,0.6,10,0,0
556,298,204,46,49,0.74,0.42,526,544,47,51,75,13,0.45,0.9,0,0,0
64,246,351,80,49,0.57,0.33,787,294,195,36,8,15,0.9,0.4,3,1,0
210,109,169,51,25,0.88,0.63,509,464,227,65,31,3,0.3,0.4,0,1,0
316,166,243,49,115,0.97,0.43,981,522,266,39,37,20,0.52,0.9,3,1,0
742,279,39,67,115,0.94,0.87,144,498,255,34,11,2,0.39,0.9,3,0,1
558,132,257,66,19,0.06,0.46,983,475,68,62,62,9,0.54,0.8,5,1,0
671,147,231,76,117,0.3,0.72,582,46,286,79,118,15,0.9,0.9,1,0,1
572,238,111,40,109,0.57,0.96,937,507,56,45,62,3,0.94,0.4,1,1,0
587,84,63,48,12,0.34,0.82,952,268,221,60,26,16,0.89,0.9,5,0,0
259,108,470,40,78,0.21,0.94,942,432,178,77,63,10,0.64,0.4,0,0,0
541,84,233,50,22,0.22,0.36,852,570,181,34,9,12,0.96,0.9,1,0,0
487,259,303,50,57,0.1,0.43,649,332,92,34,32,0,0.79,0.9,1,0,1
751,84,107,40,66,0.95,0.71,473,581,85,62,52,0,0.56,1.0,0,0,1
404,114,322,42,97,0.45,0.49,788,216,169,65,87,23,0.57,0.8,2,0,0
242,99,248,31,84,1.0,0.7,241,118,85,50,10,23,0.71,0.9,1,1,1
372,322,303,41,116,0.68,0.78,251,48,260,48,46,11,0.63,0.6,3,0,1
502,292,261,51,61,0.47,0.7,121,314,17,31,54,17,0.52,0.9,0,0,1
626,45,162,60,50,0.92,0.63,912,119,227,42,104,3,0.4,0.9,0,1,1
621,299,153,66,44,0.8,0.5,901,599,200,65,59,20,0.62,1.0,10,0,0
200,211,237,44,60,0.94,0.78,929,423,256,72,41,18,0.75,0.9,3,0,0
504,158,180,48,110,0.63,0.5,695,376,10,43,30,14,0.94,1.0,0,0,1
777,75,108,60,59,0.68,0.91,345,143,115,59,37,0,0.51,0.6,0,1,1
219,203,172,77,97,0.16,0.44,239,487,81,57,74,13,0.7,0.4,3,0,0
156,139,66,70,58,0.65,0.98,892,218,123,61,50,10,0.55,0.6,5,1,0
515,33,338,31,88,0.15,0.93,974,57,36,47,35,17,0.95,0.6,0,0,1
667,171,88,71,3,0.53,0.85,158,126,14,70,106,3,0.79,0.8,3,0,1
414,38,90,53,97,0.11,0.37,378,310,292,30,61,25,0.84,0.8,0,0,0
667,143,74,53,14,0.11,0.79,254,575,214,62,11,17,0.5,0.8,3,0,0
98,310,477,65,88,0.44,0.9,506,277,68,39,118,20,0.51,0.6,5,0,0
505,121,121,48,16,0.37,0.97,666,109,147,38,61,8,0.42,0.6,0,1,1
395,359,355,46,67,0.84,0.58,911,382,118,61,77,20,0.97,0.4,10,0,0
407,317,430,80,60,0.65,0.61,127,308,228,65,7,6,0.7,0.4,1,0,1
317,389,57,35,89,0.07,0.3,463,478,222,32,95,20,0.77,0.6,1,0,0
103,363,117,80,5,0.66,0.77,393,133,197,67,113,4,0.33,0.8,2,0,1
618,175,61,54,70,0.17,0.52,379,293,177,62,5,20,0.82,0.9,5,0,0
463,132,149,60,39,0.29,0.43,427,107,231,72,69,13,0.45,1.0,0,0,1
694,293,220,55,87,0.07,0.85,575,221,62,72,31,1,0.86,1.0,10,0,0
266,214,179,51,74,0.91,0.48,577,322,182,62,107,4,0.99,0.4,0,0,0
740,135,244,64,81,0.54,0.31,303,429,39,35,98,25,0.87,0.9,3,1,1
396,393,244,75,91,0.63,0.76,239,467,178,50,108,6,0.93,0.6,0,0,1
440,75,376,79,84,0.17,0.95,645,363,127,79,42,18,0.43,1.0,10,1,0
558,257,229,69,74,0.32,0.67,744,474,225,59,12,7,0.59,0.9,0,1,1
374,373,279,32,10,0.46,0.9,415,390,165,72,9,10,0.36,0.8,0,0,1
52,48,51,55,33,0.41,0.78,829,386,64,31,50,15,0.93,0.8,0,1,0
222,174,280,68,91,0.43,0.4,371,299,94,47,18,11,0.57,0.6,5,0,0
264,51,50,76,36,0.68,0.86,854,226,270,30,62,23,0.32,0.4,10,0,0
634,28,305,49,20,0.28,0.93,910,304,64,68,61,7,0.53,0.9,0,1,1
779,371,264,55,7,0.81,0.37,993,528,209,50,72,20,0.69,0.6,5,0,0
779,305,292,57,88,0.39,0.46,976,393,136,31,96,6,0.99,0.4,5,1,0
363,40,359,57,94,0.5,0.61,776,123,93,33,73,6,0.41,0.8,5,0,1
541,91,113,48,48,0.07,0.78,516,584,115,41,101,1,0.9,0.8,10,0,0
138,57,210,34,120,0.46,0.93,837,478,255,38,85,10,0.63,1.0,0,0,0
603,290,154,52,62,0.92,0.41,230,462,96,58,8,18,0.45,0.9,10,0,0
393,91,323,38,17,0.97,0.83,371,68,134,73,11,20,0.96,0.8,10,1,0
639,260,306,56,42,0.54,0.63,202,277,198,30,70,1,0.52,0.9,5,1,1
799,147,310,79,98,0.53,0.67,434,285,62,32,5,6,0.4,0.9,1,0,1
383,13,451,50,12,0.06,0.3,298,391,45,40,117,9,0.44,0.8,0,0,1
385,326,251,59,57,0.76,0.65,614,559,143,74,51,6,0.87,1.0,0,0,1
452,174,256,48,18,0.78,0.45,627,42,280,57,102,19,0.48,1.0,1,0,1
549,182,488,44,62,0.61,0.46,245,529,231,37,90,22,0.77,0.8,1,0,1
606,30,47,49,9,0.01,0.91,733,252,120,47,74,25,0.66,1.0,0,1,0
157,147,245,61,77,0.92,0.51,678,349,48,80,90,1,0.62,0.9,5,0,0
403,57,166,41,87,0.61,0.42,401,181,82,77,64,0,0.84,1.0,1,0,0
758,338,483,50,19,0.03,0.59,385,386,188,35,66,23,0.92,0.8,0,1,1
290,308,187,79,109,0.55,0.49,109,53,275,80,113,14,0.53,1.0,10,0,1
673,58,227,40,51,0.91,0.48,215,222,84,34,15,13,0.37,1.0,3,0,1
558,310,84,76,83,0.03,0.33,504,212,131,75,39,15,0.53,0.4,0,0,0
97,120,49,52,67,0.31,0.91,222,264,51,55,70,14,0.32,0.8,0,0,0
538,27,463,53,65,0.19,0.96,392,331,214,64,33,22,0.97,0.6,5,0,0
521,12,443,53,58,0.41,0.71,851,161,107,67,44,1,0.61,0.8,0,0,1
194,232,53,72,100,0.95,0.36,961,146,110,79,71,24,0.35,1.0,0,0,0
479,277,113,77,101,0.46,0.62,388,189,18,37,19,20,0.39,0.9,5,0,1
661,201,128,64,120,0.29,0.96,134,560,15,36,48,1,0.31,0.8,1,0,1
197,381,367,39,34,0.24,0.67,908,488,284,76,110,13,0.78,0.8,0,1,0
731,328,449,64,27,0.9,0.63,631,310,213,72,13,14,0.65,0.8,10,0,0
238,114,31,63,58,0.51,0.96,385,113,260,59,23,22,0.74,1.0,0,0,1
383,247,275,42,105,0.22,0.96,667,200,212,32,82,0,0.61,0.6,5,0,0
133,287,130,78,81,0.88,0.32,139,250,118,38,31,11,0.85,0.8,10,0,0
370,370,227,52,80,0.97,0.39,419,542,64,40,35,24,0.6,0.9,5,1,0
331,263,488,34,19,0.65,0.34,654,299,167,63,61,11,0.88,1.0,0,0,0
214,101,266,67,20,0.81,0.57,108,216,251,59,66,12,0.44,0.6,0,0,1
781,287,149,46,77,0.06,0.37,231,170,183,62,27,14,0.88,0.4,0,1,0
530,386,360,53,107,0.85,0.93,371,312,108,33,51,6,0.98,1.0,2,0,1
394,130,112,62,33,0.9,0.5,350,592,129,78,0,23,0.89,1.0,0,0,0
129,127,319,77,78,0.04,0.71,274,131,16,53,77,0,0.76,1.0,0,0,1
691,175,393,54,42,0.44,0.68,686,429,13,51,74,4,0.7,1.0,0,0,1
225,91,319,60,94,0.52,0.39,577,61,121,40,50,0,0.4,0.9,0,0,1
359,71,35,60,5,0.25,0.87,750,532,66,51,75,6,0.58,0.6,5,0,0
660,193,334,42,54,0.11,0.57,205,375,277,70,57,2,0.94,0.4,10,0,0
702,18,60,37,68,0.88,0.57,471,139,260,63,93,11,0.78,0.4,0,0,0
374,271,42,43,92,0.27,0.4,124,257,79,70,22,8,0.7,0.4,5,0,0
762,246,242,48,22,0.53,0.34,947,365,299,65,13,17,0.96,0.4,3,1,0
465,30,33,32,85,0.54,0.52,522,584,231,30,105,13,0.72,0.6,2,0,0
199,397,482,39,27,0.6,0.52,916,256,237,76,27,9,0.39,0.4,1,0,0
101,380,381,68,26,0.25,0.35,738,521,268,33,95,14,0.86,1.0,0,1,0
615,94,494,35,11,0.9,0.67,968,430,97,42,72,19,0.85,0.8,2,1,0
465,166,48,58,76,0.27,0.93,667,595,249,79,102,17,0.61,0.4,10,1,0
765,397,416,62,57,0.16,0.57,633,580,252,38,9,21,0.77,0.6,10,1,0
187,400,496,30,32,0.24,0.76,964,344,76,79,11,24,0.44,0.8,0,1,0
375,369,333,50,25,0.72,1.0,798,393,221,53,109,17,0.4,0.9,2,0,1
426,82,312,31,49,0.73,0.38,280,190,239,61,89,18,0.81,0.6,2,1,0
662,380,137,58,51,0.82,0.39,896,114,215,65,42,18,0.87,0.9,3,1,0
385,196,483,76,115,0.18,0.84,172,324,144,32,36,19,0.81,0.9,10,1,1
329,251,230,47,47,0.13,0.36,763,453,230,44,64,25,0.44,0.8,1,0,0
287,170,359,54,34,0.61,0.49,697,419,147,42,93,17,0.99,1.0,3,0,0
704,58,384,58,70,0.75,0.53,114,505,215,79,50,10,0.81,0.4,0,0,1
607,215,96,69,77,0.78,0.57,539,135,207,73,89,20,0.53,1.0,5,1,0
424,378,393,58,8,0.04,0.9,445,81,129,31,115,4,0.43,1.0,2,0,1
354,309,271,63,52,0.1,0.72,232,69,57,60,32,15,0.57,1.0,3,0,1
505,216,368,76,52,0.19,0.87,731,549,82,32,5,0,0.99,0.4,0,0,1
393,321,215,70,1,0.98,0.69,206,585,16,54,90,23,0.99,0.6,3,0,1
714,351,455,70,8,0.05,0.65,857,302,225,54,30,25,0.51,0.9,0,0,1
351,104,185,60,111,0.71,0.58,120,179,74,44,33,5,0.36,0.8,2,0,1
673,151,292,51,101,0.41,0.49,715,461,64,45,22,8,0.84,1.0,1,1,1
390,254,155,33,115,0.5,0.37,217,84,278,71,30,17,0.8,0.4,2,0,0
404,214,207,57,38,0.14,0.41,991,271,227,58,41,25,0.95,1.0,0,0,0
282,49,257,78,104,0.2,0.45,760,381,38,79,25,23,0.84,1.0,0,0,0
767,285,236,40,120,0.89,0.38,863,247,63,63,116,21,0.37,1.0,10,0,0
386,330,280,57,115,0.91,0.44,305,145,167,39,71,3,0.55,0.6,0,1,1
451,397,42,34,103,0.91,0.56,812,64,97,66,39,19,0.94,0.8,0,0,0
318,70,370,79,3,0.34,0.54,230,564,24,40,32,21,0.96,0.8,3,0,1
90,140,341,68,51,0.78,0.34,922,148,210,69,0,23,0.49,0.4,2,1,0
383,49,489,61,45,0.01,0.48,131,52,289,52,36,4,0.98,0.6,0,0,1
636,204,453,64,13,0.64,0.47,162,220,258,66,58,12,0.45,0.4,3,0,1
299,319,72,62,111,0.27,0.5,217,423,33,78,112,3,0.38,0.4,1,0,0
644,203,254,36,98,0.99,0.63,395,485,180,31,20,2,0.69,0.9,2,0,1
651,275,285,55,39,0.56,0.54,826,477,264,44,110,1,0.83,0.6,10,1,0
315,275,445,66,76,0.42,0.95,559,149,259,70,54,1,0.32,0.8,10,0,1
770,233,364,79,6,0.67,0.99,641,526,29,50,19,9,0.89,0.8,2,0,1
86,394,469,32,103,0.15,0.49,239,418,194,74,76,20,0.53,0.9,1,0,0
68,74,111,67,80,0.57,0.41,409,367,91,69,94,12,0.46,0.9,1,0,0
724,167,128,65,16,0.4,0.84,679,496,247,67,73,7,0.76,1.0,0,1,1
590,194,407,58,9,0.64,0.75,755,481,223,57,111,24,0.56,0.9,10,0,0
458,277,353,33,24,0.87,0.73,945,160,122,62,85,5,0.32,0.6,0,1,1
155,10,72,46,71,0.22,0.41,407,456,85,70,22,20,0.44,0.8,0,0,0
624,148,323,37,35,0.87,0.78,867,196,153,39,80,11,0.4,1.0,0,1,1
672,384,126,79,59,0.71,0.69,300,597,122,31,29,13,0.75,0.6,0,0,1
673,159,350,37,50,0.66,0.71,100,533,28,35,12,20,0.49,0.6,2,0,1
779,36,190,55,4,0.9,0.89,297,389,279,74,39,22,0.44,0.4,2,1,1
701,167,422,43,51,0.15,0.38,850,121,79,72,11,24,0.78,1.0,2,0,1
290,274,181,51,96,0.04,0.98,515,223,273,30,59,13,0.3,0.8,10,0,0
493,387,44,41,61,0.15,0.93,102,458,116,49,98,14,0.62,0.6,0,0,0
320,128,189,78,24,0.92,0.82,870,176,197,58,15,23,0.34,0.4,0,0,1
750,203,85,54,112,0.04,0.69,180,531,224,49,53,11,0.46,0.6,3,1,1
744,286,358,56,20,0.49,0.8,399,204,212,40,113,11,0.45,0.4,2,0,1
136,353,294,42,39,0.63,0.89,339,293,113,64,32,8,0.53,0.4,2,0,0
169,295,385,38,115,0.37,0.99,957,316,111,73,44,2,0.37,0.6,2,0,0
466,82,292,67,47,0.98,0.73,772,83,127,70,75,2,0.59,0.4,3,1,1
276,108,236,63,40,0.43,0.87,194,468,225,60,76,12,0.62,0.9,0,0,1
115,377,37,79,45,0.25,0.36,501,491,72,52,31,14,0.55,1.0,0,1,0
580,137,91,53,13,0.87,0.76,434,335,241,80,100,1,0.78,0.4,10,0,0
674,176,414,77,7,0.11,0.64,351,380,292,49,83,5,0.38,0.8,2,0,1
735,86,48,33,21,0.49,0.41,383,589,219,71,72,4,0.36,0.8,3,0,0
341,13,205,42,77,0.75,0.48,959,505,150,44,66,11,0.68,0.4,10,1,0
508,166,308,76,83,0.06,0.69,977,74,95,34,62,11,0.8,0.6,0,0,1
263,81,232,59,64,0.01,0.53,970,157,130,33,44,9,0.63,0.9,0,0,1
335,297,32,56,42,0.56,0.49,357,328,186,40,43,3,0.44,0.6,0,0,0
558,168,428,57,37,0.33,0.98,292,42,97,56,62,0,0.55,0.6,0,0,1
585,156,306,51,17,0.87,0.93,153,268,193,63,14,6,0.48,1.0,1,0,1
401,247,280,78,115,0.99,0.8,645,438,267,30,86,18,0.55,0.9,1,1,1
674,128,210,46,48,0.68,0.56,858,579,270,39,27,25,0.87,0.8,10,0,0
627,235,280,60,17,0.75,0.83,399,87,33,35,73,18,0.6,0.9,5,1,1
224,66,419,70,109,0.56,0.62,630,150,138,37,12,2,0.4,0.9,10,0,1
498,398,318,44,61,0.43,0.52,902,532,153,60,104,1,0.34,0.4,5,1,0
186,315,246,41,117,0.16,0.85,475,158,78,56,15,9,0.89,1.0,0,0,1
763,192,195,44,74,0.56,0.54,319,121,148,67,14,7,0.93,0.6,5,0,0
434,42,86,33,3,0.12,0.95,618,153,211,58,72,1,0.47,1.0,0,0,0
388,357,228,77,48,0.38,0.45,444,157,163,61,74,12,0.61,1.0,10,0,0
204,314,467,73,92,0.35,0.91,195,264,241,32,105,22,0.88,0.6,10,1,1
148,292,232,63,11,0.17,0.8,604,251,274,66,38,7,0.74,0.9,2,1,0
150,110,88,52,61,0.68,0.88,882,403,261,55,37,17,0.59,0.6,10,0,0
757,155,194,67,64,0.83,0.89,1000,382,36,46,17,4,0.41,0.6,0,0,1
531,281,403,43,23,0.41,0.5,142,469,53,30,61,23,0.73,0.8,0,0,1
276,124,391,45,97,0.56,0.67,273,253,267,41,102,1,0.86,0.4,5,1,0
311,289,471,72,97,0.24,0.59,627,335,153,76,3,20,0.55,0.8,0,0,1
539,294,117,36,106,0.16,0.45,159,358,252,52,46,15,0.62,0.9,0,0,0
374,234,365,66,75,0.49,0.84,562,475,169,70,21,0,0.5,1.0,2,1,1
330,152,283,47,107,0.61,0.7,199,302,72,77,77,15,0.4,0.9,3,0,1
462,184,37,79,29,0.58,0.56,702,147,88,31,47,15,0.39,1.0,5,0,0
564,36,409,35,66,0.88,0.9,359,157,35,34,30,24,0.88,0.8,0,0,1
716,306,335,30,7,0.09,0.78,603,480,134,57,106,9,0.66,0.6,0,0,0
341,277,489,63,38,0.06,0.34,548,429,167,80,94,10,0.35,0.4,3,0,0
458,309,170,47,11,0.52,0.32,541,176,62,36,44,12,0.76,1.0,2,0,1
101,202,246,69,68,0.53,0.38,286,243,253,76,18,2,0.9,0.8,0,1,1
222,17,132,36,70,0.96,0.59,717,493,240,53,111,11,0.82,0.4,10,0,0
783,22,284,55,21,0.41,0.63,756,455,63,69,115,16,0.68,0.9,5,1,0
524,25,44,78,104,0.45,0.31,133,265,253,51,115,15,0.39,0.8,2,0,1
387,381,387,47,1,0.71,0.72,377,68,130,30,53,10,0.46,0.9,0,1,1
424,206,211,70,35,0.15,0.87,901,397,62,44,112,13,0.91,1.0,0,1,1
555,23,31,58,39,0.05,0.36,562,559,48,71,13,10,0.37,0.8,3,0,0
430,232,390,52,87,0.08,0.49,493,148,269,33,2,14,0.62,0.8,5,1,1
108,400,210,38,3,0.53,0.32,321,283,146,74,3,0,0.7,0.8,10,0,0
369,247,431,43,116,0.45,0.77,621,71,238,52,84,14,0.66,0.8,2,1,1
507,356,456,76,32,0.55,0.66,828,137,211,51,101,4,0.83,0.6,0,1,1
578,259,200,52,21,0.91,0.88,966,293,210,32,69,3,0.45,0.4,2,0,1
622,264,465,40,24,0.76,0.45,328,183,132,78,62,12,0.82,0.4,10,1,0
412,121,300,51,67,0.85,0.39,548,349,139,64,40,17,0.99,0.9,1,1,1
244,108,166,78,115,0.84,0.96,380,233,202,54,32,10,0.84,0.9,5,1,1
739,58,193,62,118,0.69,0.68,600,394,147,42,16,9,0.35,0.4,0,0,1
224,316,348,78,77,0.97,0.94,697,433,182,53,116,24,0.61,0.9,3,0,1
557,179,126,66,35,0.67,0.97,279,63,220,36,109,20,0.71,0.4,10,0,0
721,227,262,56,92,0.76,0.44,357,88,36,49,28,0,0.72,0.4,10,0,1
624,86,297,55,81,0.17,0.51,998,466,281,67,103,3,0.51,0.4,2,1,0
172,102,98,42,22,0.7,0.41,925,432,191,30,102,21,0.9,0.4,0,0,0
757,48,254,75,103,0.04,0.98,421,422,195,57,68,7,0.87,0.8,0,0,1
586,94,285,34,55,0.74,0.42,947,76,125,71,80,21,0.86,0.4,0,0,0
197,241,257,32,89,0.88,0.95,252,544,248,74,61,11,0.91,1.0,10,0,0
132,309,335,37,106,0.65,0.65,110,570,125,55,30,22,0.95,0.8,1,0,1
767,20,297,67,54,0.82,0.64,753,326,128,70,68,0,0.31,0.8,2,0,1
676,266,148,34,35,0.11,0.92,336,220,174,53,54,25,0.43,0.9,5,0,0
324,190,216,77,62,0.04,0.89,445,598,273,69,94,25,0.79,1.0,10,1,0
204,274,87,51,20,0.92,0.41,804,121,119,58,57,20,0.73,0.4,2,1,0
515,146,137,47,120,0.18,0.43,829,242,219,75,117,3,0.33,0.4,3,0,0
602,51,441,67,97,0.6,0.89,257,212,95,62,69,17,0.51,1.0,0,0,1
87,256,488,33,77,0.75,0.56,813,244,241,71,9,18,0.47,1.0,10,1,0
368,145,251,33,50,0.72,0.59,412,105,102,61,0,1,0.83,0.9,10,0,0
350,132,255,74,115,0.14,0.69,914,182,282,45,9,0,0.77,1.0,10,1,0
378,201,290,76,102,0.79,0.54,563,366,60,48,102,6,0.99,0.6,0,1,1
434,116,171,46,14,0.03,0.82,817,460,22,80,111,11,0.31,0.6,5,1,0
435,170,450,35,82,0.72,0.74,144,149,100,56,65,14,0.51,1.0,2,0,1
762,273,232,71,66,0.36,0.7,409,495,242,47,2,12,0.76,1.0,2,0,1
226,201,356,50,91,0.98,0.32,205,591,258,35,72,20,0.51,0.6,0,1,1
738,265,135,43,47,0.76,0.98,417,117,224,67,66,14,0.89,0.6,0,1,1
645,87,233,50,80,0.72,0.75,493,227,48,48,116,3,0.39,0.4,2,0,1
234,47,368,48,81,0.18,0.43,780,42,249,53,112,23,0.39,0.6,1,1,1
291,394,408,71,5,0.28,0.8,456,232,30,53,6,17,0.95,0.6,0,1,1
293,318,435,47,110,0.77,0.62,767,360,85,71,46,0,1.0,0.9,2,1,1
249,188,415,40,110,0.81,0.78,657,366,98,55,95,25,0.41,0.8,1,0,1
287,112,236,48,51,0.48,0.36,406,463,90,45,72,12,0.66,0.9,1,1,0
647,99,470,36,50,0.53,0.48,753,579,77,79,79,17,0.41,0.4,0,1,0
441,183,135,33,35,0.75,0.45,792,408,40,48,47,15,0.86,0.9,5,1,0
149,261,370,38,12,0.71,0.55,629,40,218,75,95,18,0.35,0.4,10,0,0
598,399,468,67,73,0.05,0.38,565,501,101,60,63,4,0.47,1.0,1,0,1
671,237,173,67,24,0.6,0.44,468,234,88,70,68,11,0.34,0.8,0,0,1
633,251,285,35,35,0.73,0.71,123,298,263,47,83,6,0.44,0.8,0,0,1
618,42,173,40,74,0.1,0.7,621,309,71,57,54,2,0.9,0.8,0,1,0
759,106,58,31,48,0.77,0.94,243,493,193,48,69,16,0.42,0.4,5,0,0
640,319,240,54,119,0.49,0.49,188,308,141,36,6,20,0.5,0.9,0,0,1
612,277,381,71,83,0.49,0.39,122,501,106,44,40,6,0.87,0.9,2,0,1
429,147,59,55,8,0.21,0.45,866,162,58,49,91,14,0.67,0.6,2,1,0
327,67,371,70,30,0.64,0.6,675,522,31,69,9,6,0.71,0.8,10,0,0
71,291,430,39,21,0.08,0.88,561,435,62,58,82,2,0.69,0.8,5,1,0
59,13,93,67,50,0.11,0.58,653,137,277,54,88,4,0.61,0.6,3,0,0
598,16,168,40,38,0.75,0.61,424,397,26,61,53,25,0.82,1.0,1,0,0
688,336,123,54,103,0.6,0.39,428,49,293,32,65,10,0.93,0.6,0,1,1
149,199,161,54,56,0.07,0.33,770,59,124,60,113,12,0.53,0.8,2,1,0
167,359,78,33,34,0.55,0.38,140,170,151,32,17,13,0.51,0.9,5,0,0
290,67,210,62,24,1.0,0.82,481,446,273,45,80,18,0.6,0.8,0,1,1
485,320,266,70,89,0.53,0.68,550,66,155,77,39,3,0.63,0.9,0,0,1
581,294,462,67,44,0.03,0.61,178,317,18,40,101,19,0.85,0.4,0,0,1
162,108,121,64,48,0.22,0.76,533,550,42,32,83,2,0.55,0.4,1,0,0
755,253,386,59,23,0.5,0.6,488,491,54,74,68,12,0.65,0.9,10,0,0
704,70,304,42,103,0.05,0.39,652,374,75,43,97,22,0.7,0.9,1,1,1
631,99,118,77,76,0.8,0.54,504,271,159,64,41,5,0.48,0.9,2,1,1
661,288,284,45,34,0.67,0.51,303,444,126,37,101,22,0.65,0.8,1,1,1
763,66,233,38,16,0.69,0.42,200,236,175,79,1,8,0.75,0.6,0,1,1
135,389,30,63,87,0.49,0.97,380,546,42,73,111,24,0.76,0.8,0,1,0
508,210,273,60,81,0.69,0.58,836,100,207,46,17,12,0.85,0.6,0,0,1
379,47,247,33,89,0.26,0.38,408,101,285,64,26,12,0.52,1.0,0,1,1
619,167,275,56,57,0.23,0.74,901,362,44,71,58,18,0.55,0.6,2,0,0
276,29,360,42,9,0.08,0.49,782,220,64,52,1,8,0.63,0.9,5,1,0
576,122,447,67,37,0.26,0.39,793,533,134,49,56,4,0.94,0.9,3,1,0
774,155,419,75,82,0.61,0.44,833,220,83,57,22,5,0.53,1.0,1,1,1
612,333,185,60,57,0.76,0.87,440,438,145,48,119,21,0.45,0.6,2,0,1
185,160,238,59,42,0.03,0.51,426,344,218,37,116,24,0.35,0.9,0,1,1
473,286,147,74,83,0.89,0.49,912,277,58,39,119,12,0.95,0.9,0,0,1
202,388,239,65,85,0.27,0.49,798,443,298,36,1,9,0.48,0.4,0,0,0
395,14,484,61,67,0.37,0.48,205,94,148,49,13,0,0.78,1.0,2,0,1
719,312,323,80,19,0.41,0.86,847,49,81,75,17,2,0.99,0.8,0,0,1
143,278,300,69,20,0.75,0.64,502,360,47,54,23,25,0.42,1.0,3,0,1
639,303,224,68,39,0.14,0.5,476,217,16,43,46,5,0.34,0.4,0,1,1
284,32,125,50,76,0.96,0.4,436,216,43,41,81,6,0.7,1.0,0,0,1
794,46,270,68,11,0.23,0.83,462,321,264,72,75,24,0.86,1.0,10,1,0
99,134,441,70,20,0.74,0.31,476,67,50,43,0,24,0.58,0.4,0,0,1
585,119,87,48,48,0.91,0.62,378,321,264,63,77,18,0.84,0.9,0,0,0
139,294,301,42,90,0.6,0.44,441,100,222,55,7,3,0.37,0.4,0,0,1
93,79,380,31,51,0.81,0.5,452,388,151,73,116,21,0.8,1.0,2,0,0
175,80,62,52,42,0.02,0.91,555,117,85,33,74,6,0.5,0.6,1,0,0
466,100,257,64,9,0.41,0.7,140,518,253,62,99,0,0.97,1.0,5,1,1
485,160,334,48,76,0.38,0.47,347,415,131,38,1,17,0.55,0.9,5,1,1
186,112,131,47,100,0.29,0.45,445,374,251,79,110,0,0.55,1.0,0,1,0
608,182,92,48,40,0.9,0.75,272,218,42,61,86,17,0.48,1.0,2,0,1
539,124,240,80,42,0.12,0.63,480,501,140,46,50,2,0.6,1.0,1,0,1
262,118,468,35,28,0.14,0.8,847,323,75,42,90,14,0.45,0.4,10,0,0
301,341,455,70,116,0.98,0.71,286,411,226,51,40,3,0.41,0.4,5,0,1
221,171,309,42,86,0.99,0.5,299,361,67,64,76,7,0.58,0.6,0,0,1
142,326,491,42,33,0.29,0.85,851,151,275,33,116,19,0.67,0.9,0,1,1
213,165,91,69,53,0.85,0.58,645,172,12,47,34,1,0.93,0.8,10,1,0
187,121,222,67,3,0.92,0.58,287,208,10,36,29,21,0.37,1.0,5,1,1
785,102,149,71,98,0.33,0.73,874,552,126,59,16,18,0.65,0.8,10,1,0
377,82,178,40,46,0.97,0.76,204,418,254,33,103,16,0.88,0.8,10,0,0
174,225,373,63,65,0.65,0.65,104,490,192,53,66,20,0.42,0.8,1,1,1
780,150,57,47,58,0.08,0.31,914,323,213,77,59,19,0.47,1.0,0,1,0
203,331,182,69,28,0.99,0.8,956,474,39,33,96,17,0.75,0.6,5,0,0
250,120,112,67,88,0.83,0.94,624,358,33,37,39,24,0.54,0.9,3,0,1
614,288,162,44,31,0.49,0.63,309,155,27,47,119,15,0.39,0.9,1,0,1
482,98,421,73,62,0.67,0.97,375,485,198,72,21,8,0.46,0.4,0,1,1
521,335,105,70,16,0.77,0.89,105,245,156,60,105,0,0.67,0.6,1,1,1
746,32,471,58,32,0.58,0.79,607,335,253,72,82,17,0.71,0.6,3,1,1
391,22,477,56,8,0.38,0.55,149,506,88,43,71,14,0.54,0.9,0,1,1
305,300,332,32,95,0.49,0.68,496,227,94,35,106,14,0.91,1.0,0,0,1
184,129,310,63,72,0.03,0.94,639,228,38,34,44,22,0.36,0.9,10,0,0
432,335,118,69,68,0.69,0.38,387,588,155,53,32,17,0.82,0.4,0,1,0
121,399,118,66,105,0.4,0.86,260,330,23,59,17,19,0.39,0.4,3,0,0
134,335,160,50,92,0.22,0.82,245,156,27,36,11,10,0.41,0.8,5,0,1
512,81,427,72,90,0.29,0.57,419,256,214,45,73,1,0.82,0.4,0,0,1
224,335,361,64,48,0.2,0.6,564,593,269,75,83,9,0.3,0.4,0,0,0
675,115,266,36,65,0.97,0.72,294,543,174,68,22,0,0.4,0.6,0,0,1
483,207,387,54,116,0.87,0.49,213,89,206,44,4,14,0.87,0.4,1,0,1
327,281,50,32,7,0.93,0.5,189,135,185,70,25,22,0.51,0.4,0,0,0
585,100,390,50,17,0.63,0.48,632,369,245,44,119,14,0.71,1.0,0,0,1
225,130,51,46,72,0.92,0.4,282,518,46,41,26,11,0.55,0.8,5,1,0
373,43,253,33,82,0.56,0.96,476,325,294,32,68,0,0.82,0.8,0,1,1
800,113,412,35,93,0.37,0.5,501,327,248,68,34,14,0.4,0.8,0,0,1
248,141,404,61,70,0.83,0.82,398,163,122,52,73,12,0.36,1.0,3,1,1
622,166,289,79,3,0.31,0.66,532,41,35,71,26,19,0.88,0.8,3,0,1
250,28,485,40,98,0.34,0.96,222,411,248,52,33,7,0.8,1.0,0,0,1
474,164,96,68,38,0.63,0.45,758,429,247,79,38,20,0.75,0.6,0,0,0
91,232,285,75,17,0.94,0.88,349,279,225,48,37,5,0.75,1.0,2,0,1
179,324,296,31,36,0.26,0.35,467,348,47,72,102,10,0.52,1.0,0,0,0
709,289,397,73,66,0.57,0.51,258,587,45,64,55,11,0.34,0.9,0,0,1
196,37,257,65,23,0.65,0.81,532,315,34,43,25,16,0.74,0.9,0,0,1
204,28,194,34,45,0.14,0.44,517,413,291,40,39,9,0.86,0.4,10,0,0
709,322,146,63,4,0.5,0.71,359,168,217,56,20,9,0.39,0.8,10,0,0
202,320,413,76,65,0.68,0.95,558,305,127,78,24,21,0.95,0.6,2,0,1
368,261,111,74,86,0.95,0.35,677,363,54,66,119,9,0.64,0.4,2,0,0
766,377,475,53,13,0.2,0.32,930,105,12,80,43,0,0.71,1.0,10,1,0
789,317,217,70,63,0.68,0.75,142,251,290,54,32,13,0.89,1.0,2,0,1
112,181,398,75,31,0.55,0.51,706,568,278,49,6,16,0.46,0.4,2,1,0
375,328,288,65,69,0.2,0.42,292,186,294,70,13,2,0.56,0.6,1,0,1
193,394,423,77,70,0.97,0.75,585,421,229,36,38,1,0.73,0.8,5,0,1
98,32,130,73,97,0.01,0.99,947,514,51,41,87,6,0.43,1.0,0,0,0
557,212,65,42,56,0.99,0.43,289,381,186,32,2,24,0.61,0.6,3,0,0
428,207,236,58,27,0.65,0.41,898,542,203,67,27,2,0.41,1.0,5,0,0
391,43,421,63,9,0.24,0.56,211,388,44,30,97,12,0.87,0.8,0,1,1
89,84,467,64,17,0.07,0.63,587,173,85,66,37,3,0.96,0.6,2,1,0
777,272,440,39,118,0.42,0.83,778,528,253,38,114,19,0.64,0.6,10,0,0
199,216,292,70,22,0.02,0.65,464,491,25,66,12,8,0.48,0.9,3,0,0
318,176,423,52,96,0.81,0.68,937,360,97,59,110,11,0.89,0.9,1,1,0
81,305,483,80,55,0.02,0.39,818,544,20,66,30,25,0.71,0.6,5,1,0
482,190,301,60,13,0.58,0.76,441,238,158,58,68,20,0.55,0.9,0,1,1
320,18,480,71,104,0.44,0.54,338,402,94,47,70,9,0.32,0.8,0,0,1
331,331,103,76,20,0.94,0.48,582,305,217,54,43,25,0.42,0.6,1,0,0
683,391,414,54,16,0.79,0.49,717,192,82,71,74,25,0.35,0.8,10,0,0
587,113,348,66,86,0.35,0.67,720,258,279,40,108,5,0.66,0.9,0,1,1
268,337,93,51,34,0.51,0.82,648,383,252,45,6,20,0.85,0.9,0,1,1
269,385,54,38,50,0.89,0.64,982,405,228,76,65,23,0.66,0.9,2,0,0
714,108,112,75,24,0.02,0.99,498,256,54,53,88,11,0.74,0.6,0,0,1
178,58,398,31,91,0.29,0.48,297,82,217,32,105,18,0.64,0.9,5,0,0
58,236,365,79,105,0.26,0.41,735,396,150,53,66,14,0.61,0.6,3,1,0
466,154,324,41,46,0.48,0.43,838,255,38,37,4,18,0.53,0.6,0,1,1
374,119,166,59,75,0.82,0.41,728,468,97,46,49,20,0.75,0.6,5,1,0
72,215,31,40,95,0.48,0.46,273,176,166,51,90,1,0.58,1.0,2,1,0
253,167,248,32,79,0.13,0.72,560,403,276,60,82,23,0.65,0.9,2,0,0
783,86,486,60,56,0.89,0.97,394,327,263,74,110,17,0.64,0.4,0,1,1
361,218,418,35,72,0.89,0.89,903,319,48,42,18,15,0.63,0.9,1,1,1
93,355,121,71,14,0.99,0.35,795,101,146,37,68,22,0.43,1.0,0,1,1
261,148,430,43,72,0.81,0.73,495,220,67,64,45,8,0.78,0.4,2,1,1
649,337,250,63,22,0.81,0.83,818,515,152,40,108,7,0.58,0.4,3,0,0
384,374,230,71,104,0.88,0.59,538,418,201,79,83,14,0.46,0.8,5,1,0
522,100,347,68,113,0.9,0.36,980,333,191,70,52,24,0.81,0.9,0,1,1
158,155,302,40,21,0.14,0.55,445,185,254,35,37,23,0.63,0.6,0,0,0
657,379,393,30,73,0.86,0.93,633,482,80,79,120,23,0.76,0.9,0,0,0
196,151,415,54,22,0.92,0.75,598,165,13,66,32,25,0.37,0.6,5,0,0
622,226,489,36,116,0.23,0.34,319,424,202,78,51,17,0.91,0.6,0,1,0
146,59,498,60,94,0.5,0.96,494,389,283,70,100,7,0.73,0.8,0,1,1
628,30,246,53,118,0.79,0.65,120,441,83,62,90,5,0.48,1.0,0,1,1
109,82,427,40,68,0.73,0.5,301,69,144,67,14,3,0.62,0.6,1,0,1
716,359,257,33,3,0.41,0.9,169,560,75,74,37,0,0.74,0.9,3,1,0
174,277,71,74,93,0.84,0.78,989,352,57,62,20,3,0.31,0.6,1,0,0
747,30,260,56,69,0.66,0.7,767,54,41,63,22,12,0.78,0.6,0,1,1
111,106,295,75,40,0.84,0.68,656,472,243,38,100,4,0.62,1.0,5,0,0
52,283,148,37,40,0.22,0.31,996,569,226,46,9,0,0.77,0.4,3,1,0
298,116,212,41,62,0.49,0.4,444,214,17,51,63,11,0.68,0.9,2,1,0
620,252,325,53,57,0.5,0.63,177,55,178,72,115,13,0.31,1.0,3,1,1
330,46,88,60,116,0.5,0.36,968,56,210,69,12,3,0.62,0.8,1,1,0
72,115,453,43,105,0.23,0.72,372,267,283,39,21,1,0.78,0.8,2,1,0
671,282,186,42,99,0.12,0.34,383,391,111,57,89,12,0.89,1.0,0,0,0
655,198,313,48,120,0.37,0.59,670,529,214,63,114,1,0.7,1.0,3,1,1
672,346,96,33,55,0.8,0.46,628,59,228,65,68,24,0.33,1.0,1,0,1
261,166,374,39,25,0.59,0.92,999,137,288,80,3,24,0.56,0.9,0,0,1
420,228,228,32,57,0.4,0.8,671,531,217,60,14,3,0.98,0.4,0,0,0
615,383,33,54,82,0.36,0.82,683,486,99,77,5,23,0.91,1.0,3,1,0
414,399,219,78,90,0.05,0.88,713,162,163,42,18,2,0.73,0.8,2,1,1
257,232,174,52,120,0.59,0.44,650,141,253,44,12,13,0.47,1.0,10,1,0
651,145,325,77,86,0.41,0.95,498,426,151,43,47,5,0.67,0.6,0,0,1
337,45,155,39,29,0.23,0.69,312,492,66,53,66,17,0.94,1.0,0,0,0
657,63,83,48,42,0.53,0.44,914,517,38,62,25,10,0.47,0.4,0,1,0
742,323,177,67,97,0.95,0.84,462,584,79,63,52,12,0.42,0.4,0,0,1
242,160,147,54,85,0.44,0.97,241,597,77,77,7,18,0.78,0.8,5,1,0
648,57,459,49,38,0.85,0.97,677,160,174,52,77,12,0.88,0.4,5,0,0
224,301,354,55,41,0.52,0.93,939,144,154,74,74,22,0.82,0.8,1,0,0
531,27,76,40,90,0.85,0.75,784,235,205,35,115,18,0.42,0.8,2,0,0
134,77,466,66,102,0.0,0.96,278,397,279,79,120,5,0.4,0.9,10,1,0
108,314,117,33,51,0.76,0.52,921,62,212,42,7,2,0.93,0.8,0,1,0
481,44,228,48,35,0.53,0.63,525,426,28,33,117,4,0.94,0.8,0,0,1
576,218,407,75,70,0.46,0.68,192,435,249,58,28,3,0.87,1.0,1,0,1
377,374,211,41,110,0.29,0.43,721,519,127,36,111,6,0.63,0.9,5,0,0
324,207,332,31,55,0.17,0.56,979,331,42,35,49,13,0.65,0.6,0,1,0
244,213,289,75,82,0.19,0.33,577,487,196,48,4,11,0.96,0.4,10,1,0
248,173,444,43,109,0.23,0.81,491,456,262,62,23,9,0.6,0.4,2,0,0
690,155,62,50,22,0.37,0.46,529,72,29,44,42,12,1.0,0.9,0,0,1
76,375,491,34,9,0.44,0.74,279,301,54,42,79,25,0.44,1.0,0,0,1
351,65,30,74,47,0.51,0.81,687,134,88,30,93,17,0.59,1.0,5,0,0
189,116,438,66,108,0.85,0.82,367,566,153,74,84,23,0.75,1.0,3,0,1
360,68,386,65,0,0.51,0.87,513,251,37,44,10,13,0.9,0.4,0,1,1
376,378,115,43,45,0.0,0.84,190,163,222,65,2,24,0.97,0.9,5,0,0
143,309,45,31,66,0.81,0.86,718,144,234,39,68,8,0.96,0.9,0,1,0
722,90,404,74,82,0.2,0.55,714,112,27,36,117,9,0.94,0.9,0,0,1
183,281,474,35,75,0.1,0.62,460,584,235,36,79,5,0.56,0.4,0,0,0
644,218,40,76,41,0.06,0.57,885,363,41,66,30,13,0.67,0.6,2,0,0
787,323,75,58,59,0.62,0.85,892,53,208,43,102,19,0.53,0.4,0,0,1
327,94,121,70,110,0.72,0.77,361,405,239,45,29,14,0.34,0.9,2,0,1
112,190,136,68,6,0.24,0.67,270,490,102,68,53,3,0.5,0.8,0,0,0
203,62,372,33,34,0.55,0.81,568,441,229,33,69,23,0.38,1.0,3,0,0
316,355,87,38,16,0.92,0.66,513,366,230,43,19,19,0.42,0.9,0,0,0
320,264,218,61,75,0.56,0.63,216,530,257,59,68,2,0.78,0.6,1,0,1
756,379,376,44,22,0.34,0.84,164,195,295,75,44,10,0.5,0.4,0,0,1
754,291,446,48,30,0.78,0.38,166,201,154,39,32,23,0.65,0.4,0,1,1
196,12,271,37,10,0.14,0.53,119,238,14,77,88,24,0.37,0.9,2,0,1
600,253,186,74,31,0.15,0.89,678,453,82,43,71,2,0.79,0.6,0,0,1
107,305,223,80,25,0.43,0.62,774,502,228,58,25,21,0.95,0.6,0,0,0
123,222,394,73,81,0.19,0.54,294,501,57,44,60,8,0.76,1.0,0,0,1
636,114,83,60,85,0.08,0.5,708,233,146,49,73,16,0.92,0.9,1,1,0
104,215,121,51,93,0.39,0.59,839,463,184,56,75,19,0.65,0.8,10,1,0
184,215,237,32,33,0.44,0.3,856,571,119,56,48,24,0.51,0.8,5,1,0
220,168,148,61,26,0.38,0.74,632,138,104,66,74,20,0.99,0.4,0,0,0
487,321,176,55,37,0.16,0.33,741,265,274,62,110,2,0.33,0.4,5,0,0
106,158,261,50,78,0.64,0.58,148,507,134,52,26,5,0.35,0.9,2,0,1
550,172,76,45,95,0.34,0.45,411,493,251,59,81,24,0.45,0.9,5,1,0
136,85,444,48,84,0.87,0.61,462,446,161,77,30,16,0.61,0.6,5,1,0
199,275,322,50,86,0.6,0.56,904,599,160,49,85,14,0.93,1.0,0,0,0
287,286,457,54,88,0.67,0.78,352,372,88,77,120,5,0.95,0.6,2,0,0
791,332,257,63,76,0.08,0.78,982,146,92,47,101,3,0.58,1.0,0,0,1
322,206,311,78,53,0.88,0.72,301,323,170,71,112,25,0.44,0.9,0,0,1
591,210,198,61,46,0.82,0.68,829,99,19,66,37,8,0.4,0.4,3,0,1
145,66,141,45,37,0.6,0.89,714,478,152,66,5,13,0.48,1.0,2,0,0
505,188,208,42,36,0.11,0.73,748,114,134,61,83,13,0.43,0.9,0,1,1
305,28,366,77,13,0.97,0.76,1000,98,249,80,20,2,0.99,0.9,0,0,1
475,123,197,31,105,0.93,0.43,142,335,48,63,29,0,0.33,0.8,3,0,1
51,94,259,72,49,0.16,0.91,430,518,110,34,10,6,0.51,0.8,10,0,0
136,115,450,33,11,0.75,0.47,386,244,54,63,90,10,0.41,0.8,3,0,0
240,290,87,39,86,0.49,0.79,611,197,169,45,43,18,0.43,0.4,2,0,0
218,151,51,42,113,0.06,0.42,736,125,32,75,106,15,0.4,0.9,5,0,0
138,30,131,80,61,0.44,0.45,418,221,22,34,21,21,0.73,1.0,3,0,1
310,386,312,62,31,0.77,0.3,263,533,42,38,112,10,0.39,0.4,1,0,1
655,80,365,51,27,0.07,0.89,525,553,229,37,69,7,0.76,1.0,0,0,1
596,360,438,50,115,0.66,0.38,686,535,258,80,34,13,0.89,1.0,1,0,0
127,129,199,53,35,0.52,0.78,616,71,227,75,74,12,0.76,0.9,0,1,0
748,320,296,35,18,0.71,0.71,132,358,110,63,80,24,0.65,0.8,3,1,1
364,69,363,80,14,0.3,0.71,978,83,31,66,101,14,0.44,0.8,0,1,1
775,302,230,37,77,0.08,0.99,471,268,229,36,3,24,0.91,0.8,3,1,1
102,280,106,71,17,0.04,0.6,739,520,231,37,58,23,0.94,0.8,0,0,0
159,400,144,62,98,0.13,0.38,846,265,216,46,49,4,0.45,0.4,2,0,0
368,256,369,71,2,0.07,0.84,204,580,115,50,32,14,0.44,0.8,5,0,1
606,130,113,45,44,0.41,0.83,702,318,182,41,79,5,0.48,0.9,5,1,0
76,70,485,54,79,0.74,0.6,453,453,182,76,74,3,0.99,0.4,1,0,0
553,193,265,40,88,0.82,0.9,815,486,103,66,9,18,0.75,0.6,0,0,0
141,309,381,64,58,0.63,0.41,724,309,271,76,107,1,0.53,0.8,0,0,0
155,139,233,71,35,0.63,0.64,764,483,228,77,42,21,0.82,1.0,1,1,0
587,342,247,47,1,0.77,0.89,699,105,292,31,30,3,0.53,0.6,2,0,1
666,233,57,37,50,0.62,0.41,360,492,300,38,113,5,0.53,0.9,10,0,0
195,137,291,80,60,0.42,0.65,166,185,194,70,28,4,0.93,0.9,1,0,1
544,260,319,64,35,0.3,0.58,303,501,284,42,53,15,0.47,0.9,0,0,1
620,352,466,80,80,0.1,0.59,345,119,145,30,59,2,0.6,1.0,0,1,1
449,66,127,43,113,0.33,0.67,294,136,167,62,3,19,0.59,1.0,5,1,1
346,187,182,79,102,0.89,0.31,565,418,299,55,115,15,0.92,0.6,0,1,0
515,25,177,32,119,0.81,0.54,883,369,65,50,105,19,0.88,0.6,0,0,0
193,358,285,80,31,0.64,0.48,324,80,285,59,64,8,0.94,0.6,5,0,0
189,175,420,68,12,0.98,0.55,871,237,180,35,46,11,0.82,1.0,1,0,1
396,368,288,52,18,0.75,0.41,810,47,223,30,15,0,0.93,1.0,5,0,1
410,288,107,76,109,0.13,0.46,201,417,232,31,13,21,0.57,0.6,5,0,0
81,187,205,77,80,0.05,0.57,361,160,237,52,60,7,0.69,1.0,0,0,1
595,320,108,32,76,0.17,0.66,179,561,67,61,34,24,0.87,0.4,3,1,0
666,377,470,72,94,0.52,0.76,630,372,40,61,60,8,0.68,0.4,3,1,1
225,391,307,61,47,0.89,0.68,753,498,233,72,115,11,0.75,0.6,3,1,0
323,169,438,75,97,0.62,0.86,124,306,139,48,85,8,0.64,1.0,0,0,1
392,11,144,37,79,0.72,0.54,447,500,128,70,42,25,0.86,0.9,0,1,0
583,24,296,78,119,0.31,0.37,671,157,294,58,17,9,0.43,0.4,0,0,1
491,108,217,46,81,0.43,0.57,969,385,14,32,63,5,0.35,0.9,0,1,1
766,228,260,62,101,0.83,0.64,147,463,275,32,2,4,0.7,0.6,0,0,1
499,99,156,80,115,0.34,0.45,289,57,170,56,120,18,0.51,0.4,5,1,1
231,352,95,43,87,0.02,0.86,777,337,113,58,35,16,0.87,0.4,5,0,0
361,379,404,74,115,0.88,0.83,294,474,185,42,85,7,0.94,0.6,1,0,1
504,15,126,65,6,0.72,0.76,783,80,42,75,97,10,0.91,0.4,0,0,0
81,19,317,77,117,0.03,0.77,873,481,66,51,17,11,0.7,0.4,0,0,0
590,231,45,69,40,0.55,0.33,448,595,300,64,75,9,0.78,1.0,0,1,0
265,381,50,54,117,0.49,0.32,169,329,44,48,78,21,0.82,1.0,3,1,0
749,364,355,54,77,0.58,0.53,275,348,241,36,87,24,0.8,0.6,10,1,0
732,187,249,50,70,0.35,0.97,789,357,59,53,13,13,0.64,1.0,3,0,1
490,84,205,49,63,0.01,0.49,289,311,49,75,117,20,0.86,0.8,0,1,0
703,360,493,50,8,0.34,0.86,713,505,239,54,117,12,0.44,0.4,0,0,1
224,127,43,60,68,0.87,0.87,843,515,241,59,61,1,0.55,0.6,1,0,0
160,168,127,65,76,0.11,0.43,292,278,87,66,114,1,0.53,0.9,2,0,0
704,35,192,35,43,0.35,0.46,417,120,49,49,35,15,0.83,0.6,1,1,1
83,276,379,46,59,0.05,0.65,851,255,248,52,68,11,0.48,0.8,3,0,0
791,208,436,42,58,0.27,0.46,715,410,21,54,2,20,0.41,0.4,5,0,0
150,179,415,53,55,0.42,0.35,284,93,84,31,49,12,0.89,1.0,5,0,1
449,81,158,44,18,0.66,0.89,217,286,112,56,15,8,0.97,0.9,10,0,0
798,304,498,45,70,0.69,0.62,898,504,254,43,16,13,0.35,0.8,0,0,1
610,57,116,56,103,0.8,0.42,563,360,258,72,23,1,0.97,0.4,0,0,0
115,44,166,74,84,0.82,0.98,361,178,87,39,85,20,0.7,1.0,0,0,1
552,131,304,52,9,0.17,0.59,815,564,68,35,26,8,0.39,0.8,5,0,0
495,145,268,73,2,0.16,0.65,537,243,203,70,74,19,0.82,0.4,3,0,0
523,97,82,30,25,0.83,0.99,829,265,282,57,52,5,0.46,0.9,5,1,0
741,265,129,54,113,0.88,0.69,691,593,21,62,40,11,0.42,0.4,1,0,0
202,370,482,76,23,0.76,0.42,492,470,209,44,44,3,0.96,0.4,2,0,0
228,289,335,76,74,0.67,0.74,368,255,133,43,91,12,0.48,0.9,10,1,1
127,114,120,42,57,0.01,0.81,457,570,33,49,96,15,0.41,0.6,5,0,0
448,160,280,69,119,0.91,0.46,815,155,286,50,53,22,0.83,1.0,3,0,1
767,57,462,57,44,0.27,0.77,993,200,137,39,47,20,0.77,0.8,1,0,1
655,186,291,70,29,0.01,0.32,853,243,250,41,21,18,0.73,0.6,1,1,1
495,47,394,56,32,0.54,0.77,640,408,134,59,81,5,0.39,0.8,2,0,1
412,133,490,80,71,0.27,0.64,241,430,246,68,99,25,0.7,0.8,0,0,1
668,112,230,74,112,0.72,0.9,650,275,145,36,18,15,0.6,0.6,5,0,1
554,150,56,42,9,0.08,0.94,768,590,46,58,37,16,0.97,0.8,10,1,0
632,258,424,71,35,0.07,0.78,962,449,259,51,114,17,0.72,1.0,10,0,0
189,102,491,75,97,0.28,0.97,255,384,172,34,42,8,0.66,1.0,0,1,1
238,358,181,37,86,0.86,0.48,560,311,40,43,65,3,0.61,0.4,3,0,0
674,266,118,68,59,0.13,0.35,762,67,175,45,82,10,0.98,0.6,0,0,1
500,68,297,50,118,0.06,0.37,866,210,193,59,113,6,0.7,1.0,0,1,1
270,119,41,68,51,0.29,0.98,218,407,196,42,110,25,0.4,0.9,0,1,1
597,267,204,40,88,0.94,0.44,730,362,183,39,41,21,0.71,1.0,1,0,1
225,349,41,71,31,0.46,0.88,333,190,114,75,104,4,0.83,1.0,0,0,0
372,132,51,40,56,0.02,0.62,619,269,36,72,17,8,0.57,0.9,0,0,0
209,137,363,71,62,0.56,0.75,637,112,116,67,6,1,0.46,0.9,10,1,1
248,12,437,42,112,0.62,0.93,883,102,85,38,56,14,0.65,0.8,0,0,1
335,331,423,60,80,0.05,0.77,318,336,180,59,104,23,0.46,0.9,1,0,1
135,192,259,58,85,0.77,0.35,671,182,118,66,94,11,0.5,0.4,0,0,0
347,223,228,34,117,0.48,0.71,668,503,61,47,46,18,0.49,0.8,0,0,0
720,46,115,48,50,0.37,0.53,330,219,100,58,33,13,0.46,1.0,2,0,1
617,100,104,72,18,0.4,0.87,653,512,118,36,27,16,0.3,0.4,5,0,0
621,290,333,40,105,0.87,0.57,324,73,99,76,110,9,0.81,0.4,2,1,1
733,112,104,71,81,0.17,0.31,539,246,258,39,43,20,0.92,0.9,3,0,0
205,360,471,70,44,0.41,0.61,203,525,31,61,32,13,0.47,1.0,0,0,1
401,33,214,34,10,0.74,0.57,264,576,176,45,76,3,0.65,0.6,3,1,0
95,75,368,47,54,0.19,0.92,975,407,285,75,107,3,0.92,0.6,1,0,0
247,76,406,68,62,0.11,0.38,646,208,11,47,34,11,0.89,0.9,0,0,1
587,346,332,74,19,0.53,0.49,180,575,247,47,53,21,0.79,0.6,1,0,1
602,159,347,69,97,0.98,0.56,255,562,131,56,79,15,0.57,0.9,5,1,1
55,334,476,32,82,0.58,0.57,961,318,245,40,71,14,0.46,0.6,10,0,0
451,384,107,33,41,0.11,0.65,636,489,203,35,113,15,0.67,0.6,2,0,0
102,19,424,53,94,0.18,0.55,380,351,220,59,52,2,0.64,1.0,1,0,0
437,113,405,54,68,0.63,0.43,807,73,168,39,99,9,0.44,0.8,10,0,0
119,75,104,30,32,0.07,0.77,608,50,153,79,22,25,0.79,0.8,1,0,0
239,68,347,32,15,0.49,0.48,888,428,196,62,45,11,0.77,0.4,2,0,0
321,37,298,73,106,0.12,0.63,579,264,137,80,71,6,0.41,0.6,0,1,1
63,339,467,35,29,0.18,0.33,746,212,154,34,5,0,0.93,0.6,3,0,0
209,159,451,54,64,0.99,0.98,806,336,43,55,28,7,0.81,1.0,0,0,1
504,115,99,77,72,0.55,0.35,534,411,155,38,27,15,0.63,0.8,5,1,0
58,148,90,36,43,0.29,0.43,875,43,162,35,87,12,0.58,1.0,0,0,0
693,180,121,32,7,0.76,0.57,173,221,277,68,60,6,0.96,0.8,0,0,0
382,136,471,71,68,0.79,0.35,367,160,101,62,41,16,0.82,0.4,5,1,0
92,170,140,62,70,0.89,0.65,699,564,267,77,67,2,0.58,0.6,1,0,0
106,84,340,75,90,0.46,0.77,201,59,160,30,30,11,0.6,1.0,0,0,1
527,269,227,63,15,0.73,0.58,198,52,226,79,45,12,0.31,0.4,10,1,1
591,354,113,43,83,0.75,0.71,753,433,69,43,39,13,0.75,0.8,0,0,1
140,285,280,40,47,0.13,0.32,905,132,36,64,54,23,0.33,0.4,10,0,0
552,195,289,68,88,0.51,0.56,190,573,173,70,6,20,0.75,0.6,2,0,1
300,114,85,55,0,0.99,0.87,785,82,230,46,7,9,0.78,0.9,0,1,1
171,45,498,50,50,0.06,0.44,150,170,232,40,74,2,0.94,0.8,3,0,1
748,290,37,51,105,0.17,0.77,186,78,78,61,52,10,0.69,0.8,2,1,1
275,144,199,52,6,0.68,0.98,1000,435,43,44,62,5,0.87,0.8,0,0,0
305,149,73,32,60,0.01,0.89,215,482,254,45,78,4,0.34,0.6,5,1,0
141,400,448,68,53,0.69,0.71,475,274,66,48,62,6,0.77,0.8,0,1,1
319,13,445,72,60,0.84,0.85,770,577,258,47,25,13,0.68,0.8,10,1,0
68,152,129,48,50,0.24,0.87,644,332,295,37,106,17,0.6,0.4,1,0,0
76,92,494,73,25,0.44,0.44,684,405,253,52,5,20,0.45,0.4,0,0,0
738,232,248,45,46,0.07,0.73,266,64,206,62,57,23,0.36,0.4,0,0,1
742,128,455,34,41,0.06,0.43,546,376,81,47,113,17,0.52,0.6,1,0,1
332,264,333,62,108,0.64,1.0,541,564,117,55,18,6,0.74,0.8,2,0,1
508,259,101,57,111,0.71,0.65,572,372,20,62,118,3,0.6,0.4,3,0,0
247,128,389,62,90,0.56,0.38,133,287,44,34,57,1,0.84,0.8,0,1,1
514,275,285,43,95,0.37,0.38,167,325,250,32,93,20,0.8,0.9,5,1,1
254,78,152,53,99,0.47,0.49,289,94,259,72,81,25,0.78,0.4,0,0,0
234,240,397,75,63,0.99,0.41,806,343,134,47,23,7,0.95,0.6,2,1,1
429,304,429,32,70,0.34,0.63,953,164,43,76,119,1,0.42,1.0,1,0,1
576,292,393,30,82,1.0,0.61,666,548,68,62,28,10,0.94,0.4,10,0,0
464,313,96,73,70,0.3,0.57,611,474,263,75,107,25,0.55,0.9,5,0,0
694,91,473,73,12,0.39,0.91,916,525,177,43,21,11,0.66,1.0,3,0,1
584,327,284,70,3,0.28,0.44,991,464,266,39,54,11,0.37,0.4,3,0,0
571,149,55,51,77,0.82,0.45,438,257,88,80,40,13,0.75,0.6,1,1,0
603,156,436,54,30,0.6,0.93,263,422,196,32,100,10,0.72,0.9,2,1,1
299,267,111,43,119,0.5,0.79,770,546,242,42,0,3,0.92,1.0,3,0,0
354,291,54,62,26,0.97,0.4,335,95,128,49,30,0,0.64,1.0,10,1,0
770,61,406,64,91,0.07,0.41,902,146,33,63,74,0,0.32,0.4,1,0,1
273,236,369,56,18,0.0,0.44,660,214,290,45,106,2,0.43,0.8,0,1,1
328,276,113,79,65,0.23,0.66,246,109,287,75,52,2,0.46,1.0,10,0,0
682,208,274,75,89,0.58,0.33,180,108,184,68,70,23,0.67,1.0,0,0,1
198,332,460,60,36,0.16,0.32,476,97,228,80,15,23,0.32,0.4,5,1,0
786,211,337,61,102,0.31,0.39,668,311,162,53,16,7,1.0,0.4,0,1,1
371,31,152,39,113,0.69,0.98,267,196,16,69,61,10,0.84,0.8,5,1,0
480,337,283,35,66,0.79,0.79,431,441,296,53,27,1,0.35,0.4,0,0,1
766,18,396,42,79,0.04,0.59,706,448,106,59,3,15,0.38,0.8,2,0,1
323,170,344,68,91,0.33,0.77,859,548,252,44,53,1,0.31,0.4,0,0,1
332,25,204,74,44,0.66,0.79,790,116,34,73,15,2,0.48,0.8,0,0,1
61,172,150,31,29,0.05,0.32,184,370,190,47,38,20,0.75,0.9,5,0,0
672,173,465,80,90,0.93,0.42,551,323,48,35,103,20,0.52,0.6,1,0,1
100,240,429,42,89,0.05,0.89,320,324,203,38,93,1,0.35,0.8,1,0,1
55,231,498,30,49,0.09,0.5,604,595,28,36,116,11,0.57,0.4,0,1,0
719,214,39,76,32,0.1,0.57,540,198,200,60,66,21,0.84,1.0,10,1,0
646,300,85,30,82,0.65,0.8,161,352,115,70,34,17,0.47,0.9,0,1,0
685,108,320,60,96,0.48,0.91,465,286,229,58,6,25,0.91,0.4,10,0,0
93,283,165,42,100,0.1,0.92,782,181,37,62,48,3,0.95,0.4,5,0,0
259,372,381,68,109,0.88,0.87,420,53,123,50,108,9,0.75,0.8,0,1,1
317,385,115,44,83,0.34,0.51,789,315,202,79,59,15,0.44,0.6,3,1,0
756,367,315,59,17,0.5,0.84,241,51,231,36,118,17,0.68,0.8,5,1,1
492,242,139,44,18,0.11,0.98,940,358,200,40,33,13,0.3,0.6,0,0,1
184,334,30,69,97,0.38,0.69,453,168,189,50,77,17,0.6,1.0,10,1,0
642,208,434,66,65,0.74,0.38,155,340,142,39,107,3,0.56,0.4,10,0,1
670,329,280,66,58,0.57,0.49,295,61,131,37,57,3,0.67,0.4,3,0,1
674,261,493,67,32,0.42,0.96,787,65,93,36,26,6,0.32,0.8,2,0,1
133,376,139,46,36,0.86,0.63,189,576,225,41,44,2,0.48,1.0,1,0,1
76,125,203,30,23,0.62,0.42,721,565,226,58,67,6,0.6,0.6,0,0,0
428,261,278,74,42,0.88,0.59,722,152,109,34,52,2,0.91,0.9,0,1,1
293,151,468,49,119,0.64,0.78,872,374,117,48,74,21,0.56,0.4,5,0,0
160,43,240,36,11,0.83,0.59,553,237,54,61,46,16,0.94,0.8,1,0,0
767,125,214,77,31,0.87,0.34,575,60,284,74,87,22,0.62,0.4,0,1,1
277,73,381,58,33,0.68,0.53,190,182,165,30,8,21,0.85,0.9,2,0,1
755,260,456,47,20,0.5,0.8,695,554,109,72,91,18,0.63,0.4,5,0,0
137,303,394,45,78,0.47,0.97,102,583,27,39,16,11,0.42,1.0,0,0,1
282,194,145,60,80,0.76,0.46,369,370,102,47,37,18,0.35,0.8,5,0,0
203,144,429,43,46,0.84,0.58,656,437,55,79,89,25,0.54,0.9,1,1,0
376,169,392,57,68,0.74,0.54,672,353,138,36,34,2,0.43,0.4,10,0,0
704,348,228,42,49,0.52,0.8,747,278,211,53,5,21,0.85,0.8,0,1,1
263,297,236,64,30,0.73,0.67,192,429,189,80,36,9,0.71,0.6,1,0,0
681,245,471,49,114,0.58,0.67,422,153,28,58,76,1,0.84,0.8,0,1,1
269,128,331,67,118,0.88,0.41,940,523,110,51,36,20,0.81,0.6,0,0,0
604,385,454,37,93,0.9,0.99,685,112,183,70,33,9,1.0,0.8,0,0,1
187,26,391,47,56,0.21,0.68,189,544,132,41,72,24,0.99,0.6,5,1,0
677,303,187,55,6,0.38,0.86,899,262,226,45,19,0,0.64,0.6,3,0,1
487,52,58,48,115,0.18,0.93,743,139,207,53,116,6,0.97,0.4,3,0,0
420,83,306,74,99,0.45,0.48,998,312,70,68,32,9,0.65,1.0,0,0,1
193,169,90,43,99,0.54,0.37,312,446,139,59,59,15,0.5,1.0,5,1,0
513,199,382,34,55,0.56,0.41,342,164,63,57,109,16,0.58,0.4,5,0,0
411,293,278,68,95,0.95,0.51,232,326,180,38,102,14,0.59,0.8,3,1,1
96,142,424,58,61,0.39,0.32,426,155,187,59,105,25,0.56,1.0,5,0,0
486,13,412,47,114,0.65,0.62,943,158,96,51,114,21,0.84,0.9,2,0,1
149,157,87,66,61,0.54,0.39,660,67,275,35,86,15,0.8,1.0,5,1,0
285,188,192,36,93,0.75,0.84,347,576,212,75,41,10,0.52,0.8,10,0,0
521,289,193,76,18,0.8,0.78,852,185,290,79,114,15,0.36,0.8,2,0,1
89,70,490,48,63,0.12,0.91,545,252,108,76,56,18,0.47,0.8,0,0,0
710,312,83,63,74,0.75,0.74,402,85,122,76,79,2,0.57,0.6,1,0,1
186,385,247,51,83,1.0,0.48,890,46,289,58,43,0,0.96,1.0,1,0,1
761,111,257,58,69,0.12,0.89,193,432,180,79,102,5,0.96,0.9,10,1,0
596,265,133,66,91,0.17,0.77,140,546,264,35,107,25,0.99,0.4,0,1,1
489,262,459,70,49,0.08,0.5,827,366,126,61,116,7,0.8,0.9,3,0,0
275,345,351,74,110,0.43,0.96,461,477,85,33,33,5,0.36,0.8,0,0,1
80,112,139,62,3,0.55,0.52,788,280,272,71,48,16,0.63,0.4,10,1,0
218,236,409,73,63,0.49,0.71,988,180,17,48,80,24,0.74,1.0,10,0,0
580,77,426,69,71,0.1,0.98,449,471,260,77,22,2,0.83,1.0,0,1,1
569,327,337,69,92,0.25,0.83,863,233,68,72,67,1,0.6,1.0,10,0,0
705,239,112,65,14,0.36,0.53,746,583,206,45,32,3,0.77,0.6,3,0,0
733,197,367,63,24,0.58,0.3,393,441,168,41,46,24,0.6,0.9,2,0,1
266,143,258,45,13,0.39,0.43,924,130,240,43,51,11,0.51,0.6,0,1,0
167,285,129,52,107,0.44,0.93,144,335,100,52,93,7,0.75,0.8,2,0,1
189,83,228,60,119,0.25,0.72,668,461,73,75,1,3,0.33,0.8,0,0,0
555,78,336,66,107,0.78,0.34,767,528,159,76,112,10,0.79,0.4,0,1,0
492,102,440,33,29,0.69,0.93,599,254,110,32,31,10,0.95,0.8,0,0,1
67,93,190,35,11,0.04,0.49,438,64,24,48,31,21,0.58,0.8,0,0,0
790,203,475,31,55,0.31,0.35,756,232,76,75,38,9,0.88,0.6,2,0,0
696,80,152,79,10,0.77,0.75,883,543,148,74,71,15,0.64,0.9,3,0,0
367,184,284,45,100,0.78,0.62,513,131,271,76,86,3,0.3,0.4,10,0,0
580,205,246,51,106,0.74,0.46,731,546,32,69,99,7,0.86,0.6,0,0,0
269,317,462,67,9,0.24,0.97,485,285,75,79,24,16,0.52,1.0,1,0,1
521,336,317,54,89,0.41,0.55,660,267,214,64,97,5,0.96,0.8,3,1,0
536,184,370,76,56,0.05,0.39,867,487,207,36,95,25,0.49,0.9,5,1,0
465,184,358,60,73,0.02,0.6,410,333,94,39,103,1,0.96,0.4,0,0,1
327,277,472,40,89,0.71,0.63,617,516,218,40,53,25,0.41,1.0,0,1,1
754,78,191,31,4,0.07,0.46,614,453,60,32,51,19,0.54,1.0,10,1,0
183,45,317,37,89,0.77,0.48,346,199,258,30,83,19,0.73,0.6,10,0,0
611,378,251,42,41,0.74,0.65,312,389,114,70,43,13,0.97,0.6,10,0,0
59,364,214,32,76,0.48,0.42,854,364,255,54,113,18,0.32,1.0,0,0,0
598,264,299,71,62,0.04,0.85,600,211,279,38,65,20,0.53,0.9,3,0,1
501,162,304,32,44,0.78,0.46,973,397,19,76,96,18,0.35,0.4,5,0,0
727,294,253,42,33,0.51,0.53,662,208,88,41,18,21,0.52,0.6,0,0,1
733,184,54,55,0,0.32,0.58,593,126,144,31,106,20,0.88,0.9,10,0,0
557,205,83,77,47,0.95,0.43,896,434,269,30,38,18,0.47,1.0,0,0,1
474,181,143,65,44,0.15,0.42,944,210,93,50,40,6,0.6,0.4,5,1,0
597,218,208,41,31,0.23,0.58,510,456,299,39,25,5,0.92,1.0,3,1,0
796,36,255,74,116,0.48,0.57,410,517,272,60,83,14,0.92,0.4,0,0,1
62,108,95,47,97,0.66,0.7,667,579,75,61,111,23,0.34,0.6,0,0,0
110,67,142,74,112,0.2,0.42,220,428,110,79,103,22,0.78,1.0,2,0,0
209,56,94,30,79,0.82,0.95,851,204,252,43,24,10,0.6,1.0,0,1,0
726,293,89,68,32,0.88,0.82,554,136,272,31,4,10,0.96,0.9,3,0,1
167,371,379,35,73,0.01,0.55,983,435,165,59,96,11,0.8,0.6,10,1,0
707,376,172,31,9,0.69,0.94,165,207,257,40,5,14,0.71,0.9,5,1,1
631,236,249,33,64,0.27,0.89,585,391,119,36,95,25,0.68,0.8,10,0,0
250,273,58,67,19,0.61,0.83,984,189,86,77,69,25,0.62,0.4,0,1,0
543,370,238,36,23,0.3,0.94,212,223,187,32,45,1,0.61,0.9,0,0,1
499,347,370,80,62,0.25,0.35,688,222,275,64,90,4,0.65,1.0,10,0,0
328,27,290,55,48,0.92,0.4,788,505,118,69,30,9,0.31,0.8,0,0,1
650,197,159,64,80,0.66,0.99,178,373,155,70,118,16,0.76,0.9,3,0,1
548,181,150,37,53,0.67,0.88,443,584,218,68,10,14,0.32,1.0,0,0,1
348,304,282,48,88,0.4,0.84,328,422,152,69,7,10,0.82,0.4,10,0,0
57,149,348,37,119,0.49,0.81,421,526,148,43,110,12,0.38,0.4,10,0,0
351,91,280,68,17,0.46,0.46,660,204,64,55,43,7,0.88,0.9,2,0,1
511,201,377,41,49,0.02,0.68,254,390,37,72,55,25,0.8,1.0,0,1,1
57,346,357,55,117,0.22,0.8,263,437,18,46,39,14,0.84,1.0,0,0,1
735,205,74,40,77,0.54,0.84,706,392,48,78,9,13,0.64,0.9,3,0,0
525,287,242,79,42,0.13,0.99,301,97,187,60,73,11,0.59,0.6,0,0,1
160,242,119,47,104,0.18,0.5,367,427,253,70,118,23,0.31,0.4,0,1,0
677,355,264,74,103,0.79,0.79,474,422,237,31,40,7,0.96,0.6,3,0,1
731,367,313,76,95,0.05,0.69,884,343,180,61,91,8,0.39,0.8,0,1,1
367,237,320,44,99,0.82,0.79,813,538,155,30,38,13,0.85,0.4,2,0,0
718,131,236,64,1,0.85,0.76,394,368,218,52,29,21,0.42,0.4,0,0,1
228,312,185,61,56,0.64,0.72,269,83,48,65,114,8,0.57,1.0,0,1,1
70,291,100,66,82,0.98,0.84,690,73,229,55,5,25,0.69,1.0,1,0,1
610,237,351,38,30,0.96,0.65,882,132,286,55,112,6,0.69,0.6,3,0,0
200,63,110,50,85,0.4,0.63,983,94,195,73,111,24,0.35,0.9,10,1,0
372,116,266,45,7,0.08,0.82,725,350,186,47,62,25,0.8,0.8,1,0,0
416,350,295,80,16,0.92,0.37,507,599,102,70,30,17,0.47,0.8,10,0,0
219,307,476,37,22,0.5,0.36,874,174,183,52,120,14,0.33,1.0,3,1,1
575,69,159,46,87,0.15,0.34,463,295,83,50,15,3,0.96,0.4,0,0,0
181,318,343,59,14,0.77,0.45,121,80,106,54,24,6,0.45,0.9,2,0,1
175,221,379,55,84,0.9,0.61,247,165,81,39,42,15,0.55,1.0,5,1,1
513,199,444,77,82,0.05,0.58,460,159,93,62,115,8,0.78,0.9,0,0,1
257,231,30,48,86,0.35,0.78,262,594,111,60,93,17,0.96,0.9,2,0,0
386,117,320,64,51,0.84,0.36,972,329,214,66,8,2,0.93,0.6,2,0,0
662,332,182,63,39,0.72,0.88,346,176,19,35,107,3,0.52,0.9,0,1,1
512,336,220,32,11,0.2,0.54,377,504,31,35,74,0,0.94,0.9,2,0,0
583,279,379,52,45,0.24,0.95,724,524,95,44,31,14,0.74,0.9,5,0,0
637,40,196,49,22,0.24,0.43,921,488,23,69,97,19,0.58,0.6,5,0,0
124,213,302,63,65,0.63,0.48,383,120,298,74,112,6,0.56,0.8,3,1,0
568,21,214,49,105,0.63,0.55,826,426,11,32,1,11,0.94,0.8,0,1,1
598,61,321,67,84,0.48,0.64,996,195,263,31,2,20,0.39,0.9,10,0,1
731,378,270,43,64,0.89,0.3,274,57,220,80,29,5,0.84,0.9,3,0,1
577,171,408,59,74,0.68,0.79,506,354,176,50,105,11,0.91,0.4,1,1,1
560,20,290,34,97,0.45,0.82,873,84,233,55,105,12,0.88,0.9,1,0,1
778,329,428,62,38,0.47,0.36,943,92,52,58,73,0,0.8,0.9,0,0,1
190,184,483,50,76,0.47,0.55,984,97,58,57,64,7,0.97,0.6,0,0,1
754,59,358,57,48,0.08,0.54,965,239,59,36,61,5,0.88,1.0,3,0,1
153,157,211,35,29,0.41,0.88,669,375,297,32,92,21,0.55,0.9,0,0,0
561,10,317,56,89,0.84,0.69,803,67,56,78,75,19,0.35,0.8,0,0,1
782,182,350,37,100,0.52,0.95,377,190,256,60,41,24,0.92,0.9,5,1,1
570,278,376,46,107,0.92,0.53,589,277,229,52,82,12,0.32,1.0,0,0,1
144,19,208,64,106,0.44,0.79,284,192,274,71,91,24,0.56,0.9,0,1,1
603,377,372,66,9,0.68,0.48,650,485,45,66,48,0,0.32,1.0,1,1,1
479,128,500,38,50,0.2,0.66,345,101,280,40,63,22,0.64,0.6,10,1,0
279,94,193,66,20,0.32,0.3,788,81,87,62,7,19,0.99,0.6,1,0,0
699,216,111,54,79,0.38,0.64,103,551,205,66,69,11,0.85,0.6,2,1,1
500,346,219,47,56,0.53,0.47,935,102,146,80,31,4,0.8,0.6,0,1,1
438,207,47,36,30,0.66,0.35,673,536,296,65,69,22,0.77,0.9,5,0,0
402,186,428,45,110,0.0,0.48,908,481,230,68,10,18,0.39,0.4,1,1,0
339,360,272,43,105,0.56,0.81,549,233,259,61,6,1,0.37,1.0,0,0,1
749,239,225,69,40,0.02,0.53,648,371,183,71,42,8,0.36,0.6,2,0,1
465,165,138,48,97,0.84,0.76,589,51,188,71,71,24,0.32,0.8,5,1,1
765,329,60,68,63,0.87,0.56,459,483,144,63,118,12,0.73,0.4,3,0,0
56,36,489,37,23,1.0,0.8,572,576,237,40,28,13,0.85,0.4,1,0,0
171,177,434,73,104,0.61,0.62,343,558,85,37,111,11,0.32,0.8,10,0,0
291,301,390,61,70,0.88,0.38,911,543,233,73,80,2,0.53,0.9,5,1,0
143,321,302,66,44,0.39,0.97,315,380,174,38,106,17,0.39,0.9,3,1,1
583,70,415,49,33,0.38,0.86,553,390,88,64,118,11,0.53,1.0,10,0,0
112,392,81,73,71,0.97,0.4,117,560,226,51,67,2,0.67,0.8,3,1,1
526,352,215,66,41,0.36,0.37,484,182,155,55,108,24,0.53,0.6,0,1,1
181,256,492,47,76,0.89,0.69,927,447,253,30,117,23,0.58,0.9,2,1,1
680,335,170,38,108,0.97,0.99,616,285,115,78,27,7,0.89,0.9,10,0,0
172,381,177,43,48,0.42,0.36,773,395,65,34,85,1,0.5,0.4,1,0,0
789,110,202,39,1,0.49,0.91,742,336,91,53,87,6,0.84,0.8,0,0,0
364,23,306,45,91,0.81,0.83,541,259,158,44,85,19,0.84,1.0,2,1,1
414,316,287,55,110,0.67,0.87,771,363,170,32,117,2,0.49,0.6,10,0,0
468,222,496,73,76,0.74,0.63,966,334,61,32,83,3,0.44,0.4,0,1,1
144,131,214,79,85,0.57,0.44,736,328,267,72,108,15,0.57,0.4,0,0,0
722,384,301,48,19,0.47,0.48,143,586,256,75,57,2,0.57,1.0,2,1,1
232,290,83,62,107,0.45,0.58,200,366,173,70,30,5,0.76,0.6,1,1,1
632,351,277,61,103,0.32,0.58,896,260,86,67,52,1,0.68,0.9,2,0,1
494,228,329,61,84,0.93,0.4,174,44,225,48,118,19,0.49,0.8,3,0,1
245,348,376,50,57,0.73,0.49,514,363,226,63,50,11,0.75,0.8,0,0,1
149,397,273,38,45,0.49,0.72,112,510,287,43,52,17,0.52,0.8,0,1,1
531,86,467,43,28,0.41,0.5,868,335,14,63,94,0,0.88,1.0,1,1,1
240,177,53,60,25,0.65,0.76,620,155,271,54,14,10,0.83,0.6,0,1,0
117,340,424,65,101,0.16,0.76,668,106,215,51,7,14,0.4,1.0,10,0,0
181,167,66,72,13,0.14,0.48,941,203,237,66,87,24,0.75,0.6,3,1,0
770,250,156,33,114,0.42,0.36,880,237,196,35,56,21,0.78,0.9,2,1,0
599,300,207,31,72,0.02,0.94,740,389,38,36,28,5,0.42,1.0,5,0,0
454,69,351,68,60,0.49,0.36,432,449,205,70,72,11,0.37,1.0,10,0,0
148,103,60,61,90,0.97,0.53,150,61,112,51,2,19,0.69,1.0,2,1,1
635,340,405,63,31,0.67,0.57,819,245,171,50,44,1,0.58,0.6,2,1,1
222,359,385,79,22,0.68,0.69,690,507,162,45,120,20,0.86,0.4,1,1,0
456,265,102,73,45,0.35,0.43,618,105,44,38,54,21,0.95,1.0,0,1,1
509,246,349,35,101,0.03,0.6,685,250,248,55,53,6,0.59,1.0,0,0,1
605,374,429,49,4,0.35,0.35,198,570,142,58,17,10,0.74,0.6,10,1,0
350,44,270,36,24,0.75,0.5,675,172,167,38,43,2,0.39,0.4,5,1,0
688,17,50,52,64,0.53,0.63,323,313,224,65,55,21,0.31,0.9,0,0,1
262,241,103,72,106,0.63,0.75,483,402,300,44,75,18,0.38,0.8,3,0,1
739,268,252,74,50,0.73,0.61,140,199,14,77,99,4,0.96,0.4,2,1,1
415,66,71,34,80,0.8,0.66,818,544,297,68,57,20,0.48,0.4,5,1,0
263,108,79,73,30,0.43,0.8,809,73,212,73,99,20,0.58,1.0,0,0,0
237,363,61,58,66,0.99,0.95,107,40,280,48,90,12,0.54,0.4,3,1,1
788,15,247,31,112,0.59,0.62,529,299,148,63,102,3,0.99,0.8,1,1,1
85,95,288,62,8,0.02,0.83,729,549,85,61,33,2,0.68,1.0,5,0,0
424,10,115,75,65,0.87,0.79,411,600,83,42,72,10,0.47,1.0,1,1,1
404,153,296,62,99,0.19,0.94,276,497,178,50,76,13,0.36,0.6,0,0,1
207,254,283,43,70,0.21,0.99,597,565,35,80,7,2,0.48,0.9,0,0,0
534,265,401,35,61,0.95,0.91,113,577,198,55,76,16,0.99,0.4,0,0,1
736,66,208,69,22,0.13,0.38,289,129,284,45,110,19,0.84,0.8,2,0,1
204,64,226,66,90,0.89,0.64,404,557,283,79,32,14,0.79,0.9,0,0,0
79,274,416,31,92,0.58,0.35,166,446,201,38,90,10,0.43,0.6,5,0,0
305,389,417,35,26,0.41,0.78,561,68,31,67,85,11,0.71,0.8,0,0,1
188,110,373,73,2,0.16,0.85,366,406,229,51,102,10,0.54,1.0,5,1,1
776,101,184,79,86,0.08,0.79,370,324,90,34,80,10,0.87,1.0,2,0,1
313,301,497,54,91,0.13,0.71,992,159,220,44,34,18,0.67,0.8,1,1,1
766,389,422,73,7,0.96,0.6,751,187,135,50,73,23,0.93,0.8,1,0,1
84,356,54,80,58,0.32,0.95,837,275,239,30,37,24,0.54,0.8,5,1,0
654,398,256,42,39,0.21,0.64,494,64,218,77,55,16,0.59,0.6,3,1,1
742,108,283,50,4,0.06,0.64,382,205,167,69,110,2,0.79,0.6,1,1,1
227,385,182,69,82,0.99,0.76,791,130,262,68,37,2,0.67,0.6,10,0,0
713,141,395,77,50,0.47,0.38,764,524,188,42,33,3,0.53,0.8,0,1,1
444,242,129,75,99,0.47,0.95,753,91,182,69,15,2,0.99,0.6,1,0,1
223,102,125,72,13,0.52,0.61,518,381,244,43,46,10,0.57,0.6,10,0,0
470,239,383,33,76,0.31,0.3,491,454,87,76,50,19,0.47,0.6,1,1,0
483,173,254,54,43,0.28,0.94,770,374,122,37,29,12,0.76,0.6,10,1,0
442,84,290,39,17,0.0,0.45,509,461,287,40,53,22,0.64,1.0,0,0,0
97,273,196,79,116,0.86,0.51,196,334,255,35,48,21,0.44,0.9,5,0,1
494,134,411,66,74,0.3,0.8,169,128,245,40,68,0,0.69,1.0,0,0,1
540,34,223,76,56,0.63,0.63,600,444,52,75,99,20,0.97,0.6,2,0,0
400,98,344,69,34,0.58,0.47,874,582,181,44,10,2,0.42,0.9,0,1,1
614,383,132,49,77,1.0,0.33,759,239,73,30,64,22,0.87,0.8,0,0,1
103,391,288,42,109,0.04,0.32,124,169,172,63,77,9,0.72,0.8,2,0,0
178,40,463,47,47,0.89,0.46,944,261,178,75,57,4,0.43,1.0,5,0,0
554,188,346,34,65,0.01,0.88,595,384,24,35,40,21,0.61,0.6,0,0,1
537,225,69,48,24,0.21,0.91,511,63,257,37,53,8,0.89,0.4,5,0,0
368,324,482,65,106,0.57,0.39,378,467,254,40,35,21,0.7,1.0,5,0,1
490,285,174,54,56,0.84,0.79,610,322,147,66,62,10,0.91,0.9,5,0,0
647,339,117,55,40,0.66,0.45,342,406,17,79,1,21,0.71,0.9,5,0,0
685,369,378,37,1,0.45,0.37,223,491,228,32,86,11,0.75,0.8,5,0,0
98,263,199,80,26,0.78,0.47,460,264,113,78,85,10,0.58,0.9,0,0,0
178,108,318,79,103,0.69,0.86,437,83,101,70,56,4,0.36,0.6,0,0,1
721,140,193,76,38,0.3,0.96,659,484,206,55,59,8,0.44,1.0,1,1,1
784,400,296,46,78,0.2,0.93,795,215,147,59,98,12,0.56,0.6,10,0,0
383,73,255,68,12,0.4,0.42,971,392,221,66,78,24,0.43,1.0,5,0,0
100,279,60,30,59,0.34,0.36,561,212,254,62,18,5,0.78,0.4,0,0,0
487,292,449,34,119,0.9,0.96,141,341,88,33,92,4,0.98,0.8,0,1,1
572,310,141,73,4,0.52,0.51,553,248,74,41,69,1,0.64,0.4,5,0,0
379,86,320,62,78,0.36,0.58,143,569,63,36,33,11,0.89,0.4,10,1,0
357,378,66,78,75,0.92,0.94,232,360,194,40,53,12,0.31,1.0,5,0,1
227,87,128,61,85,0.28,0.89,723,121,40,80,64,25,0.7,0.9,5,1,0
421,129,320,33,73,0.84,0.72,446,152,221,74,14,15,0.44,0.9,0,0,1
772,318,361,77,117,0.21,0.91,787,221,32,78,108,2,0.36,0.8,2,1,1
314,231,474,42,96,0.62,0.57,656,290,45,70,87,2,0.48,0.6,2,0,1
794,318,244,43,74,0.84,0.88,583,109,96,79,31,22,0.92,1.0,0,0,1
253,87,239,73,112,0.99,0.36,932,397,158,69,12,12,0.9,0.8,10,1,0
362,30,40,55,79,0.66,0.78,512,162,177,68,80,13,0.85,1.0,0,0,0
143,322,387,66,55,0.29,1.0,192,348,257,66,43,14,0.41,0.8,3,0,1
126,77,56,50,76,0.01,0.86,632,503,293,48,13,18,0.47,0.9,3,0,0
739,381,292,71,38,0.41,0.85,247,169,50,41,98,25,0.59,0.4,2,0,1
75,388,350,74,70,0.37,0.59,556,338,48,37,45,15,0.86,0.8,0,0,1
516,170,331,74,53,0.6,0.45,110,327,255,77,111,21,0.48,0.8,1,0,1
783,363,102,46,9,0.39,0.36,264,538,17,63,35,24,0.47,0.9,5,0,0
775,159,356,34,47,0.9,0.54,840,487,236,71,69,24,0.53,0.8,5,0,0
441,112,135,46,33,0.52,0.5,917,159,17,71,21,21,0.86,0.6,3,0,0
605,281,215,31,105,0.29,0.43,721,514,173,69,48,9,0.34,0.8,2,0,0
392,103,98,45,23,0.67,0.35,578,200,228,72,30,25,0.96,0.6,2,1,0
497,28,99,55,41,0.8,0.95,104,468,200,46,13,25,0.47,0.8,0,0,1
135,190,142,77,22,0.01,0.38,487,472,92,49,73,1,0.33,0.6,0,0,0
510,181,137,69,106,0.77,0.36,899,457,179,58,118,25,0.47,0.6,0,1,0
406,86,113,41,41,0.01,0.85,468,99,194,55,69,12,0.95,0.4,5,0,0
393,56,196,46,92,0.28,0.81,228,131,248,73,91,8,0.54,1.0,3,0,1
373,96,303,30,62,0.21,0.96,156,81,93,71,26,5,0.5,0.6,1,0,1
250,369,204,76,18,0.98,0.95,827,134,203,55,77,18,0.83,0.4,2,0,0
552,362,360,71,12,0.43,0.91,109,357,159,43,104,25,0.61,0.6,0,0,1
309,317,431,34,65,0.87,0.94,839,355,99,36,79,7,0.41,0.8,0,1,1
389,320,438,52,96,0.58,0.84,311,265,18,54,41,17,0.65,1.0,5,0,1
211,278,340,63,116,0.81,0.91,877,182,280,45,68,18,0.32,1.0,3,0,1
474,332,228,73,46,0.04,0.84,874,180,163,68,103,6,0.63,0.9,1,0,1
558,94,240,39,91,0.49,0.57,738,451,277,79,114,0,0.7,0.6,0,0,0
394,82,213,57,117,0.32,0.72,212,179,213,31,55,15,0.97,0.6,0,1,1
374,238,291,34,38,0.54,0.35,669,471,183,65,97,22,0.32,0.4,2,1,0
710,121,371,41,93,0.57,0.52,262,437,103,44,44,7,0.94,1.0,2,0,1
411,58,38,48,77,0.38,0.47,577,459,33,56,41,25,0.95,0.8,10,1,0
462,325,468,57,80,0.77,0.62,544,280,14,58,12,0,0.47,0.9,10,1,1
771,16,114,62,37,0.8,0.45,201,112,270,68,51,2,0.77,1.0,5,1,1
364,91,149,40,89,0.18,0.78,452,163,279,44,33,18,0.79,0.8,0,1,1
361,209,461,70,18,0.97,0.57,944,277,165,77,25,25,0.93,1.0,0,1,1
214,222,227,46,20,0.95,0.38,584,481,44,30,39,9,0.37,0.9,5,1,0
405,228,107,72,83,0.36,0.76,321,524,53,72,9,0,0.66,0.9,10,0,0
420,236,275,64,39,0.47,0.91,804,387,204,59,62,13,0.89,1.0,2,0,0
588,272,313,48,103,0.02,0.54,189,343,209,48,107,16,0.76,0.6,3,0,1
662,382,357,59,7,0.89,0.49,829,177,215,61,56,22,0.51,1.0,10,0,0
261,287,475,66,60,0.1,0.71,826,339,105,76,7,12,0.72,0.6,0,1,0
696,259,155,64,102,0.59,0.87,516,367,164,67,22,16,0.3,0.4,0,0,1
71,302,475,52,53,0.02,0.44,376,218,209,65,60,10,0.41,0.8,0,0,1
61,123,244,73,117,0.93,0.59,222,80,259,46,107,8,0.39,1.0,2,1,1
81,93,159,66,29,0.66,0.33,447,279,210,49,93,20,0.64,1.0,0,1,0
231,182,169,44,4,0.56,0.33,494,81,19,55,56,14,0.39,0.6,5,1,0
592,155,199,34,96,0.88,0.39,877,66,173,73,63,24,0.87,0.4,1,0,0
422,148,274,49,65,0.59,0.43,305,51,228,53,71,10,0.6,1.0,5,0,1
749,369,200,46,25,0.97,0.95,629,586,278,45,28,21,0.84,0.9,0,0,1
281,270,369,41,52,0.7,0.62,686,398,269,32,14,15,0.47,1.0,5,0,0
92,330,82,70,97,0.29,0.77,945,213,121,32,79,2,0.5,0.9,2,0,0
119,49,312,49,83,0.12,0.8,525,512,26,58,42,20,0.67,0.4,5,0,0
115,366,475,80,62,0.85,0.54,739,428,289,65,119,11,0.81,1.0,10,1,0
441,61,387,36,9,0.94,0.87,972,49,259,42,119,9,0.47,0.6,5,0,1
182,373,185,59,114,0.49,0.61,716,340,132,45,111,11,0.81,1.0,0,0,1
155,210,182,70,117,0.62,0.66,293,319,300,45,110,25,0.92,0.4,0,1,1
311,304,397,43,79,0.94,0.77,746,122,23,60,46,25,0.48,0.4,0,1,1
730,33,230,31,81,0.1,0.66,516,467,89,42,41,24,0.34,0.4,3,1,0
385,381,147,70,41,0.43,0.85,538,458,115,38,113,6,0.71,1.0,0,1,1
111,204,317,76,96,0.76,0.51,449,439,99,48,86,15,0.48,0.4,2,0,0
65,340,455,43,49,0.32,0.94,938,101,141,37,42,19,0.4,1.0,2,0,1
336,336,63,36,9,0.14,0.91,493,419,249,55,88,6,0.47,1.0,0,0,0
214,370,202,40,47,0.75,0.33,250,122,244,53,32,23,0.86,1.0,1,1,1
514,87,55,79,8,0.34,0.62,929,197,92,74,33,12,0.84,0.9,1,1,0
576,153,325,31,16,0.82,0.38,908,202,269,30,64,22,0.89,1.0,1,1,1
792,213,333,41,99,0.04,0.39,585,494,205,69,9,14,0.58,0.8,0,0,0
134,270,415,78,110,0.26,0.59,271,107,58,70,30,10,0.62,0.4,2,1,1
730,37,376,59,17,0.52,1.0,936,114,124,60,98,24,0.81,0.8,0,0,1
401,252,148,74,9,0.52,0.68,485,509,205,30,80,19,0.41,1.0,1,0,1
231,337,180,66,4,0.35,0.35,916,96,125,52,37,1,0.41,0.6,10,0,0
330,82,44,60,70,0.74,0.76,800,134,206,69,12,22,0.34,0.8,10,0,0
645,90,129,55,118,0.12,0.62,889,300,187,54,13,0,0.59,1.0,0,0,1
267,37,260,33,116,0.25,0.73,817,450,239,32,107,14,0.79,0.9,10,0,0
164,300,226,69,37,0.79,0.31,400,254,194,31,42,14,0.48,0.4,0,1,1
387,250,447,36,113,0.99,0.88,350,125,248,57,68,2,0.79,0.8,10,1,1
553,308,70,39,22,0.96,0.78,815,399,81,59,9,2,0.39,0.6,0,0,0
510,129,132,71,10,0.38,0.91,976,495,213,38,37,21,0.77,0.4,10,1,0
747,150,385,65,91,0.64,0.56,602,106,292,30,41,4,0.98,0.4,2,0,1
655,335,385,65,96,0.16,0.4,293,304,278,79,21,18,0.36,1.0,5,0,1
530,286,277,75,80,0.5,0.54,857,221,20,32,21,5,0.77,0.4,0,1,1
654,198,304,75,91,0.74,0.38,214,93,71,42,118,0,0.9,0.8,0,0,1
481,21,402,33,25,0.03,0.52,350,421,23,44,111,7,0.58,0.6,3,0,0
734,135,137,73,117,0.94,0.94,508,494,37,72,92,0,0.72,0.8,3,1,1
440,143,370,69,80,0.33,0.86,543,480,205,77,82,1,0.32,1.0,3,0,1
108,186,66,38,106,0.07,0.87,952,599,233,36,47,6,0.87,0.8,10,0,0
557,211,341,30,39,0.89,0.78,812,583,84,51,101,11,0.56,1.0,2,1,0
549,202,290,31,38,0.39,0.68,655,402,281,47,11,24,0.48,0.4,0,0,0
128,369,394,33,35,0.36,0.9,592,298,63,53,6,18,0.51,0.6,2,0,0
523,224,182,44,82,0.58,0.93,621,391,268,33,54,16,0.68,0.9,1,0,1
205,13,500,38,59,0.15,0.33,327,476,240,77,107,24,0.47,0.4,10,0,0
142,189,218,32,38,0.0,0.45,810,226,181,52,3,14,1.0,0.8,0,1,0
284,287,199,57,120,0.95,0.58,332,356,241,73,73,1,0.98,0.4,1,0,0
257,228,357,46,57,0.22,0.38,403,384,15,44,58,23,0.66,0.9,1,0,0
282,291,44,74,54,0.94,0.46,195,102,183,79,54,23,0.67,0.4,0,0,0
115,106,475,45,72,0.33,0.52,533,472,122,66,61,20,0.71,0.4,0,0,0
602,105,160,55,60,0.89,0.48,190,458,151,65,87,24,0.33,0.8,0,1,1
232,93,466,80,65,0.03,0.4,553,394,51,65,88,1,0.43,0.6,5,0,0
510,217,470,48,13,0.08,0.64,684,485,133,38,71,14,0.97,0.4,0,0,0
615,286,48,32,96,0.2,0.65,396,180,236,30,44,17,0.92,0.9,3,1,0
437,29,492,50,16,0.23,0.45,641,255,292,72,99,21,0.55,0.6,10,0,0
424,339,215,68,97,0.1,0.81,538,546,273,53,97,3,0.53,1.0,1,0,1
134,83,132,55,34,0.54,0.68,468,91,73,55,23,20,0.66,1.0,0,0,1
549,156,95,48,84,0.08,0.64,842,299,286,47,48,25,0.59,0.9,0,1,0
730,267,212,71,78,0.22,0.82,954,232,106,68,61,19,0.61,0.6,0,0,1
494,341,348,58,32,0.41,0.87,557,247,204,63,73,9,0.97,0.4,3,1,0
254,133,323,36,50,0.65,0.93,299,279,253,63,108,25,0.64,0.4,3,0,0
322,140,464,63,52,0.67,0.58,246,187,92,59,108,16,0.94,0.6,5,0,0
541,136,77,63,32,0.09,0.32,730,476,59,33,59,14,0.56,1.0,0,0,0
770,257,31,42,11,0.12,0.7,331,220,213,71,33,5,0.54,0.9,2,0,0
314,172,295,64,108,0.57,0.44,508,322,299,50,65,5,0.97,0.4,0,0,0
72,20,79,78,36,0.66,0.72,368,417,188,32,99,15,0.34,0.4,0,1,0
213,396,346,50,89,0.1,0.7,665,260,287,34,4,16,0.94,0.8,3,0,0
793,341,443,53,81,0.92,0.78,758,487,186,62,37,9,0.36,0.6,2,0,1
421,63,412,42,93,0.27,0.37,846,412,145,56,82,18,0.46,0.9,2,0,0
670,180,388,58,3,0.26,0.87,580,575,246,59,90,9,0.72,0.6,2,0,1
631,356,467,78,50,0.34,0.32,510,477,94,76,89,13,0.56,0.8,0,1,1
458,155,487,38,95,0.03,0.34,210,512,160,37,75,18,0.7,0.4,1,0,0
449,233,224,64,117,0.19,0.41,807,258,158,64,105,12,0.9,0.4,0,1,0
676,293,255,73,90,0.45,0.89,446,62,126,63,15,7,0.59,0.9,0,0,1
669,290,473,37,72,0.32,0.98,804,193,34,50,49,5,0.65,0.8,1,0,1
693,56,118,39,29,0.19,0.45,534,244,200,48,60,17,0.4,0.4,0,0,0
607,57,407,54,53,0.02,0.81,138,307,145,36,120,6,0.9,1.0,5,0,1
521,45,149,35,13,0.45,0.33,738,407,123,56,21,20,0.54,0.8,10,1,0
518,265,379,64,7,0.35,0.88,113,536,299,38,104,5,0.78,0.8,10,0,1
480,151,110,37,72,0.03,0.72,673,325,222,53,34,15,0.44,0.8,5,0,0
147,210,428,45,53,0.46,0.47,489,138,195,64,107,23,0.94,0.6,5,0,0
274,107,367,60,6,0.26,0.71,166,316,137,49,25,5,0.5,0.8,10,0,0
358,44,499,76,70,0.51,0.79,465,361,63,76,6,19,0.71,0.6,2,1,1
155,268,107,58,52,0.07,0.36,831,60,228,78,9,12,0.41,0.6,10,0,0
775,106,104,43,94,0.63,0.41,557,410,183,53,40,8,0.35,1.0,0,0,1
259,282,353,68,47,0.46,0.36,812,214,224,71,69,8,0.46,0.4,1,0,0
192,163,472,56,119,0.04,0.9,613,62,264,75,5,13,0.7,0.4,0,0,1
777,146,489,43,39,0.24,0.8,944,250,36,39,42,11,0.31,0.6,5,1,1
600,342,231,45,87,0.2,0.48,259,475,257,44,4,2,0.49,0.4,10,0,0
563,10,259,56,27,0.03,0.34,559,253,138,65,46,2,0.85,1.0,1,0,0
462,109,308,66,56,0.82,0.85,612,54,211,73,114,7,0.91,0.4,3,0,1
581,299,414,40,80,0.42,0.41,992,103,77,60,27,3,0.88,0.8,0,0,1
295,126,146,50,5,0.09,0.67,662,201,119,75,5,4,0.58,0.4,1,1,0
723,256,234,56,15,0.46,0.36,106,507,221,68,73,19,0.81,0.8,0,1,1
677,138,121,43,33,0.47,0.61,141,564,45,31,96,4,0.55,0.6,3,1,1
406,329,359,35,90,0.98,0.7,783,550,131,66,33,19,0.63,1.0,2,0,0
332,65,393,43,14,0.38,0.65,985,143,104,63,14,15,0.38,0.9,3,1,1
376,105,231,63,117,0.32,0.77,128,430,143,43,82,13,0.97,0.4,1,1,1
146,319,355,75,46,0.71,0.86,310,281,183,42,78,5,0.72,0.9,0,0,1
286,114,376,44,62,0.73,0.61,755,471,44,68,14,1,0.45,1.0,10,1,0
435,38,150,78,85,0.57,0.35,685,174,71,59,21,2,0.3,0.4,1,1,1
739,31,142,65,86,0.7,0.95,660,570,46,39,35,22,0.66,0.9,0,0,1
158,167,89,59,49,0.17,0.79,464,579,41,78,64,22,0.88,0.9,2,0,0
290,380,115,78,70,0.98,0.49,442,197,206,78,63,9,0.79,1.0,5,1,0
203,167,393,79,104,0.17,0.38,683,564,164,64,85,14,0.64,0.8,0,1,0
765,135,316,40,73,0.21,0.76,228,244,173,60,70,25,0.46,0.6,10,0,0
332,263,118,78,66,0.08,0.74,894,301,17,45,44,15,0.63,1.0,2,1,1
678,34,438,80,50,0.04,0.47,352,61,262,42,42,19,0.65,0.4,1,1,1
300,259,361,79,116,0.65,0.62,954,546,23,36,105,24,0.75,0.9,2,0,1
247,229,196,80,74,0.26,0.55,952,223,205,48,118,21,0.58,0.8,5,0,0
759,112,105,46,75,0.85,0.87,321,480,126,62,4,21,0.32,0.8,2,0,1
624,166,86,35,97,0.82,0.88,356,78,156,51,59,14,0.39,0.9,0,0,1
619,217,39,40,54,0.55,0.63,580,527,271,53,51,18,0.86,1.0,2,0,0
178,174,441,55,14,0.24,0.8,889,45,66,73,102,3,0.78,0.8,5,1,1
69,330,43,33,63,0.01,0.72,295,68,47,43,93,8,0.4,0.4,5,0,0
710,18,149,67,100,0.15,0.55,614,132,86,65,112,18,0.45,0.6,0,0,1
637,19,273,31,11,0.61,0.61,285,245,286,66,44,11,0.81,0.6,0,0,0
762,120,360,32,17,0.97,0.98,581,126,109,51,75,25,0.72,0.4,0,0,1
400,203,361,77,29,0.05,0.96,989,254,197,69,99,0,0.43,0.4,3,1,1
443,137,350,59,103,0.33,0.55,716,552,45,61,2,16,0.88,0.6,0,0,0
595,289,453,42,103,0.25,0.97,722,373,53,67,14,13,0.49,0.6,0,0,1
94,394,281,79,41,0.12,0.99,462,225,103,64,15,15,0.62,0.8,2,0,1
679,376,256,43,54,0.9,0.36,493,349,83,54,119,10,0.48,0.4,2,0,0
150,172,286,69,120,0.97,0.88,942,527,200,39,36,8,0.89,0.6,1,1,1
150,65,359,33,38,0.3,0.48,218,207,199,62,101,9,0.78,0.9,0,0,0
659,199,173,37,74,0.63,0.45,455,506,297,56,96,7,0.44,0.9,0,1,0
383,263,142,50,39,0.04,0.59,409,201,138,66,92,7,0.34,0.6,3,1,0
180,321,173,31,23,0.71,0.98,100,174,123,41,70,0,0.53,0.6,10,1,0
455,309,196,58,96,0.69,0.84,802,517,246,53,53,15,0.37,0.9,5,0,0
416,346,235,64,59,0.38,0.95,530,479,208,77,42,21,0.49,0.9,2,1,1
212,205,138,42,25,0.5,0.67,350,594,87,63,72,11,0.88,0.8,10,0,0
360,146,335,35,45,0.41,0.38,800,256,248,43,98,6,0.99,0.8,0,0,0
282,386,149,71,77,0.78,0.62,242,596,112,52,32,8,0.66,0.9,2,1,1
302,47,209,78,3,0.64,0.96,663,309,147,52,34,13,0.61,0.6,10,0,0
669,68,52,48,97,0.64,0.64,562,251,42,45,42,8,0.61,0.6,3,0,0
692,398,247,52,83,0.44,0.72,499,391,228,65,58,10,0.6,0.6,10,0,0
689,210,470,47,36,0.3,0.85,624,527,150,35,110,12,0.56,0.8,10,0,0
420,14,346,57,115,0.98,0.97,969,584,208,49,7,14,0.73,0.9,0,0,1
109,302,68,53,40,0.4,0.75,668,75,195,60,63,3,0.95,0.8,5,1,0
481,23,208,45,61,0.6,0.6,754,337,14,43,88,25,0.8,1.0,0,0,0
555,105,326,39,31,0.42,0.97,542,79,139,32,3,25,0.34,0.9,10,1,1
379,253,370,34,55,0.51,0.75,757,309,294,78,107,16,0.32,0.6,2,0,0
149,364,106,72,39,0.89,0.36,289,368,236,50,68,20,0.87,0.9,0,1,0
226,157,376,65,84,1.0,0.34,645,326,240,36,32,0,0.48,0.4,0,0,1
433,217,193,71,101,0.89,0.91,655,74,94,63,8,12,0.45,1.0,2,0,1
103,281,224,75,30,0.64,0.54,501,44,291,32,16,15,0.89,0.6,1,1,1
239,115,166,32,72,0.42,0.92,300,435,270,69,51,17,0.45,0.8,3,0,0
101,237,335,42,71,0.62,0.66,141,512,180,77,81,1,0.89,0.9,0,0,0
678,381,255,50,62,0.68,0.8,873,293,179,41,22,17,0.66,1.0,0,0,1
118,381,259,70,29,0.43,0.94,892,75,43,34,40,23,0.38,1.0,10,1,1
638,397,265,60,29,0.69,0.89,392,277,57,43,119,10,0.65,0.4,3,0,1
297,356,164,45,83,0.48,0.59,276,304,255,41,66,7,0.33,0.9,5,0,1
535,25,496,78,69,0.64,0.51,957,217,97,36,33,17,0.33,0.9,0,1,1
137,321,254,67,108,0.02,0.71,776,597,19,79,51,0,0.5,0.8,3,0,0
279,273,57,75,52,0.97,0.72,882,561,65,36,89,22,0.68,0.6,5,0,0
480,311,135,39,12,0.41,0.95,568,253,283,71,10,4,0.51,0.6,10,0,0
261,360,116,31,69,0.5,0.66,668,438,228,34,36,20,0.4,0.6,0,0,0
292,326,271,60,104,0.23,0.8,324,253,166,38,47,4,0.6,0.8,0,0,1
435,53,60,33,99,0.38,0.62,118,541,92,37,102,10,0.31,0.4,0,0,0
322,367,355,43,81,0.23,0.38,373,599,261,78,67,3,0.36,0.6,2,0,0
708,314,147,55,26,0.0,0.78,154,91,64,76,29,12,0.88,0.8,0,0,1
392,64,45,64,100,0.28,0.69,795,573,185,34,28,6,0.31,1.0,1,0,1
654,308,201,34,27,0.73,0.38,733,40,54,57,73,3,0.92,0.8,0,0,1
441,91,316,56,48,0.86,0.82,266,165,118,66,58,22,0.64,0.4,0,0,1
340,308,40,32,45,0.84,0.77,466,476,52,48,87,5,0.39,0.4,0,0,0
450,376,448,31,60,0.46,0.32,291,366,25,78,28,13,0.5,0.4,0,0,0
624,17,65,51,4,0.86,0.65,668,366,184,72,48,12,0.66,0.4,0,0,0
346,138,377,58,16,0.9,0.6,169,574,18,74,18,12,0.32,1.0,2,0,1
310,100,189,77,30,0.57,0.94,635,423,141,33,57,21,0.89,0.8,0,1,1
493,52,293,58,65,0.6,0.34,484,148,291,56,51,6,0.64,0.9,2,1,1
161,99,219,54,73,0.11,0.75,701,191,93,35,93,18,0.64,0.6,1,0,0
411,367,215,37,67,0.91,0.4,525,304,261,78,2,5,0.3,0.8,0,0,1
455,219,58,35,91,0.82,0.9,801,142,13,30,120,22,0.95,0.4,1,0,0
79,309,464,68,35,0.18,0.64,672,264,271,71,97,20,0.58,0.6,3,0,0
193,97,162,50,35,0.23,0.53,345,456,126,65,108,15,0.85,0.4,0,0,0
644,246,433,54,116,0.2,0.66,853,279,70,67,42,10,0.89,0.6,0,0,1
76,178,441,32,6,0.38,0.35,806,270,203,79,45,10,0.31,1.0,10,0,0
479,370,93,35,41,0.38,0.8,547,548,157,66,6,13,0.48,1.0,5,0,0
723,394,211,71,114,0.79,0.85,1000,67,86,77,83,19,0.57,0.8,0,1,1
775,280,198,42,7,0.58,0.89,815,201,38,79,18,20,0.8,0.9,3,0,0
417,387,194,35,18,0.29,0.6,840,381,251,46,110,13,0.69,0.8,5,1,0
251,400,226,38,33,0.01,0.76,646,84,119,38,91,0,0.97,0.9,0,0,1
166,123,159,52,84,0.33,0.81,386,380,204,58,30,12,0.56,0.4,0,0,0
221,351,253,56,74,0.21,0.33,250,203,271,74,80,1,0.91,0.9,3,0,0
562,125,119,79,118,0.47,0.7,242,265,234,63,39,19,0.93,1.0,0,0,1
504,317,137,54,68,0.35,0.69,947,336,191,37,11,13,0.93,0.8,2,0,1
774,241,456,31,116,0.74,0.52,627,44,252,67,37,22,0.73,0.8,0,0,1
380,193,187,66,40,0.64,0.45,588,387,10,45,6,10,0.77,0.6,3,0,0
98,109,113,75,88,0.37,0.89,115,100,264,56,18,18,0.78,0.4,5,0,0
59,229,434,45,31,0.63,0.94,801,144,153,48,82,21,0.91,0.9,2,1,0
629,180,288,40,16,0.44,0.98,707,135,85,66,6,13,0.43,0.8,3,0,1
593,332,354,36,70,0.16,0.92,301,589,218,80,90,0,0.49,0.8,3,1,0
631,219,262,77,11,0.31,0.58,659,572,156,30,105,11,0.98,1.0,3,0,1
698,218,234,68,52,0.79,0.32,472,125,115,69,71,9,0.42,0.9,3,0,1
169,340,177,36,27,0.69,0.31,129,368,134,49,62,6,0.62,0.8,5,0,0
518,294,54,54,16,0.48,0.49,479,143,247,76,55,19,0.43,0.9,2,1,0
612,96,258,67,6,0.42,0.96,917,147,87,64,15,21,0.65,0.9,5,0,0
332,329,403,32,46,0.46,0.45,550,297,186,58,17,7,0.75,1.0,1,0,1
273,300,317,72,103,0.46,0.45,195,247,15,56,56,0,0.49,0.6,5,1,1
354,41,177,62,17,0.67,0.87,349,423,60,37,65,25,0.42,0.4,0,1,1
561,147,256,71,33,0.82,0.94,239,521,248,38,91,11,0.43,0.6,0,1,1
604,157,293,59,28,0.04,0.31,360,487,191,40,108,16,0.59,0.4,0,0,0
663,16,323,58,76,0.7,0.51,339,368,170,47,87,12,0.67,0.4,10,1,0
723,291,271,33,69,0.51,0.68,919,142,208,62,120,5,0.78,1.0,0,0,1
761,381,47,67,78,0.16,0.3,822,68,121,32,16,18,0.35,1.0,5,0,0
220,29,406,54,112,0.96,0.83,415,592,90,68,76,24,0.52,0.9,10,0,0
392,100,145,64,71,0.82,0.49,156,140,238,38,64,17,0.72,0.9,2,1,1
740,270,31,60,100,0.87,0.61,365,288,199,77,59,20,0.54,0.9,1,1,1
240,35,179,42,92,0.59,0.79,790,586,181,80,37,16,0.84,0.4,1,1,0
546,231,418,62,115,0.18,0.45,224,425,277,55,69,25,0.34,0.6,5,0,1
275,391,107,49,110,0.18,0.48,772,517,181,74,52,12,0.48,0.8,0,1,0
489,281,223,54,67,0.61,0.43,647,243,145,40,102,20,0.93,0.8,0,1,1
575,188,313,77,33,0.49,0.91,258,360,124,33,15,11,0.61,0.4,0,0,1
311,69,150,49,41,0.74,0.59,244,511,79,67,21,1,0.34,0.9,5,1,0
77,184,117,45,120,0.7,0.64,104,96,287,40,119,23,0.4,0.8,3,0,1
796,320,98,60,6,0.95,0.6,556,587,171,33,57,24,0.47,0.9,10,0,0
383,269,357,62,30,0.76,0.96,566,454,253,48,8,10,0.68,0.6,5,1,1
769,46,211,39,7,0.68,0.62,233,318,89,33,19,10,0.49,0.6,5,1,1
414,159,120,68,59,0.99,0.75,393,335,208,64,15,19,0.78,0.6,0,0,1
428,116,488,30,50,0.62,0.94,122,103,122,48,15,23,1.0,0.4,10,0,1
104,396,45,37,84,0.98,0.8,367,172,281,34,16,5,0.72,0.4,0,1,0
587,57,247,68,52,0.55,0.75,900,565,85,68,101,7,0.79,0.8,10,0,0
148,242,464,64,17,0.28,0.99,273,214,80,53,62,6,0.33,0.4,0,1,1
687,163,56,70,94,0.51,0.41,484,113,97,54,116,6,0.5,1.0,1,1,1
499,137,428,74,116,0.79,0.95,526,455,279,33,118,19,0.87,0.6,0,1,1
465,343,186,41,36,0.05,0.79,557,441,208,40,51,9,0.45,1.0,0,0,1
366,142,42,65,27,0.63,0.38,535,491,108,39,105,20,0.63,0.4,0,0,0
573,204,141,43,45,0.96,0.89,695,481,29,67,6,16,0.51,0.9,10,0,0
632,165,315,47,106,0.59,0.92,668,335,296,54,30,14,0.7,1.0,10,0,0
262,191,418,49,59,0.03,0.95,981,44,104,43,61,25,0.5,1.0,2,0,1
353,274,433,48,55,0.67,0.54,743,156,191,62,115,7,0.63,1.0,5,0,0
335,24,298,33,60,0.12,0.88,671,120,299,36,117,12,0.86,0.9,3,0,0
143,18,411,62,78,0.75,0.8,317,277,201,35,7,8,1.0,0.4,5,0,0
696,137,123,37,89,0.97,0.95,220,209,98,68,58,1,0.64,0.9,3,0,1
657,98,407,72,106,0.61,0.63,377,241,180,35,15,13,0.58,0.4,2,0,1
785,320,121,72,45,0.16,0.35,741,99,12,38,37,12,0.73,0.9,0,0,1
429,33,191,36,27,0.12,0.96,606,460,81,55,13,18,0.33,0.6,3,1,0
762,311,239,71,50,0.8,0.51,625,222,135,42,76,23,0.42,0.6,1,1,1
202,349,212,55,116,0.53,0.56,154,592,144,55,26,14,0.3,0.9,3,0,1
689,228,372,79,7,0.24,0.79,766,126,271,42,67,1,0.39,1.0,0,0,1
382,194,426,77,97,0.61,0.84,931,396,216,36,81,21,0.64,0.8,10,0,0
370,168,201,62,72,0.12,0.72,332,68,217,44,114,9,0.64,0.9,1,0,1
350,84,338,30,97,0.11,0.79,932,242,250,38,46,2,0.84,0.4,0,0,0
87,175,113,30,112,0.7,0.4,693,285,217,68,43,6,0.9,0.4,3,1,0
512,49,473,43,50,0.73,0.98,841,308,66,35,4,4,0.68,0.6,0,0,1
151,92,57,59,85,0.91,0.87,706,108,58,34,1,18,0.79,0.9,0,1,1
725,360,316,72,103,0.44,0.66,270,506,67,54,51,21,0.85,0.9,3,0,1
190,245,307,42,78,0.88,0.88,812,341,95,60,104,23,0.51,0.4,0,0,0
96,213,260,68,112,0.93,0.89,597,319,79,52,38,16,0.5,1.0,3,0,1
432,41,155,47,65,0.6,0.71,605,391,128,41,95,11,0.33,0.9,1,0,1
104,371,44,78,115,0.39,0.37,666,567,112,32,50,0,0.8,0.9,0,1,1
351,172,431,47,66,0.41,0.59,935,412,205,74,39,20,0.92,0.4,10,0,0
390,55,42,68,79,0.1,0.56,672,351,276,49,6,1,0.65,1.0,0,0,0
685,40,421,67,119,0.21,0.92,739,568,299,71,47,20,0.98,1.0,5,1,0
383,364,111,39,78,0.34,0.74,120,360,296,34,86,0,0.61,0.4,10,0,0
497,363,245,49,25,0.37,0.66,429,93,260,53,20,21,0.47,1.0,10,1,1
359,280,162,70,101,0.56,0.96,406,525,36,39,5,16,0.64,0.4,0,1,1
542,322,389,49,75,0.22,0.6,905,485,193,32,118,4,0.93,0.9,1,0,1
461,206,49,32,67,0.64,0.48,890,586,107,44,117,3,0.31,0.4,0,0,0
676,83,394,32,79,0.44,0.4,199,404,221,74,2,24,0.69,1.0,1,1,1
60,214,497,63,75,0.68,0.89,227,593,240,65,6,2,0.92,0.4,5,0,0
503,334,84,78,116,0.28,0.95,942,195,298,51,48,22,0.79,0.4,10,0,0
427,225,258,78,39,0.1,0.71,535,124,94,60,109,3,0.9,0.9,0,1,1
546,160,113,67,44,0.78,0.91,419,519,191,50,4,23,0.71,0.9,0,0,1
403,86,355,78,91,0.04,0.99,851,344,269,36,53,8,1.0,0.4,0,1,1
312,215,354,47,88,0.35,0.79,560,232,275,46,17,4,0.65,0.9,3,1,1
666,55,95,44,90,0.03,0.45,135,339,10,50,47,2,0.54,0.9,2,0,1
628,86,157,77,6,0.79,0.56,393,328,212,31,69,22,0.65,1.0,3,0,1
433,47,326,39,57,0.89,0.79,443,252,263,41,35,12,0.42,0.4,0,0,1
136,94,94,55,28,0.44,0.35,660,437,261,73,105,22,0.89,0.9,0,1,0
497,265,430,33,94,0.54,0.99,338,149,32,47,82,19,0.93,0.4,3,0,1
744,297,285,32,71,0.72,0.49,236,294,132,51,46,21,0.65,0.4,2,0,1
492,378,204,47,101,0.49,0.95,777,202,177,63,115,24,0.35,1.0,3,0,1
312,389,135,31,89,0.29,0.57,850,478,136,75,73,4,0.48,0.9,10,0,0
111,256,140,59,92,0.23,0.78,434,484,144,30,120,13,0.82,0.8,0,0,0
165,283,423,77,51,0.15,0.7,930,194,119,40,4,8,0.35,0.6,2,1,1
796,377,216,51,22,0.82,0.39,272,407,29,44,6,22,0.68,0.8,0,1,1
264,150,195,64,51,0.94,0.56,494,569,132,55,114,9,0.61,0.6,3,1,0
563,282,258,53,100,0.44,0.36,655,253,277,70,9,6,0.98,1.0,0,0,1
359,69,376,71,63,0.75,0.38,798,417,24,31,24,19,0.77,0.4,0,0,1
327,121,452,45,78,0.66,0.31,536,271,138,38,100,24,0.99,0.8,0,0,0
788,158,154,57,41,0.03,0.83,750,85,261,55,30,16,0.53,1.0,0,1,1
170,191,259,32,42,0.77,0.57,679,369,247,62,51,0,0.31,0.4,5,1,0
521,10,387,55,103,0.2,0.33,700,495,298,35,4,2,0.33,0.4,5,1,0
349,20,336,41,107,0.53,0.8,730,80,257,80,55,24,0.63,0.4,5,0,0
680,348,462,48,68,0.4,0.62,385,565,155,54,100,17,0.46,0.6,5,0,0
327,213,384,69,106,1.0,0.57,864,396,81,38,113,21,0.59,0.6,0,0,1
205,67,309,44,54,0.25,0.65,625,277,177,56,41,17,0.7,0.6,1,1,0
384,111,300,57,29,0.4,0.62,429,61,29,33,113,21,0.38,0.6,3,0,1
363,14,108,51,99,0.16,0.5,880,414,134,52,22,18,0.51,0.8,5,0,0
693,306,206,70,110,0.8,0.36,478,203,270,62,14,10,0.34,0.9,5,0,1
329,198,161,74,108,0.32,0.52,493,179,142,56,62,23,0.41,0.9,5,0,0
729,65,124,36,42,0.83,0.53,977,41,19,53,20,11,0.84,0.8,3,0,1
195,368,284,62,107,0.88,0.56,548,57,111,39,37,7,0.96,0.6,0,0,1
687,288,103,45,6,0.51,0.5,930,267,124,44,69,12,0.56,0.6,0,0,0
123,284,299,41,64,0.06,0.51,120,419,26,64,55,23,0.46,1.0,0,1,1
511,125,187,56,39,0.81,0.89,991,45,22,53,61,1,0.96,0.4,2,0,1
357,327,340,35,89,0.07,0.33,683,132,292,64,61,22,0.52,0.8,0,0,0
366,209,425,52,48,0.46,0.8,227,68,10,57,17,18,0.93,0.9,0,0,1
107,22,290,38,56,0.71,0.71,367,180,198,60,115,14,0.41,0.4,0,0,0
228,67,379,71,103,0.34,0.41,486,343,134,63,117,23,0.68,0.8,3,0,0
614,15,61,42,31,0.55,0.66,974,106,207,70,101,5,0.64,0.6,0,0,0
473,36,88,57,96,0.74,0.54,788,393,108,52,87,8,0.81,0.9,0,1,1
288,173,209,35,62,0.05,0.9,178,169,76,71,82,4,0.75,0.9,2,0,1
178,298,436,31,100,0.76,0.41,709,160,62,45,58,10,0.49,0.8,1,0,1
570,320,442,56,79,0.0,0.78,513,227,132,77,4,21,0.8,0.6,0,0,1
777,11,36,52,12,0.27,0.73,820,581,97,43,96,7,0.98,1.0,0,1,0
712,58,303,68,37,0.28,0.39,295,491,185,59,18,10,0.71,1.0,0,0,1
641,216,200,32,28,0.18,0.31,166,99,212,78,23,10,0.75,0.8,0,1,1
305,57,43,57,104,0.33,0.97,551,176,195,57,108,6,0.65,0.4,3,0,0
287,324,248,43,23,0.52,0.56,950,120,195,71,80,21,0.43,0.8,10,0,0
614,354,492,56,88,0.56,0.35,322,455,168,73,22,1,0.64,0.8,5,1,1
383,135,282,43,5,0.49,0.56,156,258,49,75,63,20,0.83,1.0,0,1,1
417,336,66,56,23,0.17,0.5,910,536,179,32,3,7,0.87,0.4,2,0,0
359,165,210,43,62,0.72,0.72,330,332,40,62,60,2,0.44,1.0,3,1,1
236,275,397,64,95,0.39,0.35,172,376,277,51,116,7,0.8,0.4,0,0,1
301,336,205,42,89,0.33,0.5,431,181,22,34,10,9,0.34,1.0,0,0,1
536,365,213,75,29,0.5,0.61,372,466,272,45,12,22,0.57,0.8,0,0,1
541,400,301,55,114,0.96,0.4,279,85,210,59,49,12,0.86,0.8,10,0,0
691,270,145,47,9,0.35,0.59,231,286,102,70,100,12,0.94,0.6,3,1,0
74,216,70,32,17,0.14,0.56,378,310,114,73,51,11,0.84,0.4,0,1,0
549,236,340,58,19,0.49,0.57,490,239,261,50,116,12,0.68,0.8,3,1,1
588,142,109,77,39,0.07,0.98,400,84,69,38,74,8,0.45,0.6,1,0,1
87,59,293,35,9,0.39,0.57,242,438,100,35,105,20,0.45,0.4,3,1,0
640,175,214,69,105,0.55,0.99,775,248,32,34,24,23,0.6,0.9,5,0,1
800,397,120,63,96,0.25,0.61,274,571,231,55,63,21,0.49,0.4,1,0,0
439,94,236,53,108,0.04,0.49,146,314,118,66,28,24,0.72,1.0,1,0,1
247,14,110,52,4,0.83,0.48,484,41,41,38,10,1,0.33,0.9,10,0,0
274,285,140,56,76,0.13,0.75,104,425,54,59,54,14,0.76,1.0,2,1,1
96,54,224,45,99,0.87,0.78,112,455,267,64,17,6,0.85,0.8,0,1,1
782,16,42,75,76,0.91,0.6,606,44,12,60,101,9,0.35,1.0,0,0,1
734,73,43,75,21,0.02,0.62,726,468,299,38,82,14,0.97,0.4,0,0,0
540,106,95,44,53,0.36,0.42,114,594,264,61,45,6,0.32,0.4,5,0,0
319,387,357,31,75,0.16,0.87,477,359,244,37,110,9,0.81,0.8,2,0,0
796,336,332,39,103,0.96,0.8,716,257,279,51,55,22,0.6,1.0,1,1,1
590,394,245,48,55,0.27,0.36,954,231,61,79,38,7,0.52,0.6,3,1,0
411,230,68,47,66,0.28,0.85,577,302,17,71,76,17,0.38,0.6,1,0,0
318,368,266,44,67,0.03,0.36,837,236,160,50,56,12,0.77,0.6,3,0,0
647,99,196,43,11,0.73,0.89,114,570,70,63,72,9,0.63,0.6,3,0,0
431,178,184,74,60,0.61,0.55,887,422,180,67,32,16,0.55,0.8,0,1,1
663,156,241,35,105,0.78,0.84,942,352,50,57,85,19,0.39,0.6,0,1,1
572,275,462,63,71,0.54,0.9,885,590,296,45,38,10,0.67,0.8,5,1,1
56,254,54,52,56,0.93,0.86,181,527,275,59,57,6,0.52,0.9,3,1,0
349,78,292,39,15,0.64,0.43,460,274,45,37,77,13,0.57,0.4,0,0,0
367,251,374,75,18,0.99,0.33,541,432,140,65,100,7,0.97,1.0,10,1,0
752,243,36,63,60,0.75,0.36,787,98,235,75,51,7,0.81,0.8,0,0,0
101,29,162,44,98,0.65,0.98,600,383,250,78,79,6,0.56,0.9,2,0,0
419,123,444,63,26,0.19,0.45,618,483,34,71,102,4,0.33,0.9,1,1,1
440,379,408,70,18,0.87,0.49,995,292,175,68,84,4,0.85,0.9,10,1,0
599,92,138,47,55,0.66,0.9,740,500,212,40,93,1,0.65,1.0,10,0,0
778,242,151,63,29,0.44,0.58,908,479,165,64,25,15,0.67,0.4,0,1,0
598,399,280,56,0,0.98,0.51,801,119,210,31,82,3,0.59,0.6,0,0,1
578,71,300,76,9,0.52,0.65,662,509,262,65,93,15,0.67,0.8,3,0,0
111,141,204,66,94,0.48,0.9,666,431,39,79,65,14,0.63,0.9,10,1,0
447,384,308,56,87,0.13,0.59,144,125,131,76,60,25,0.54,0.9,0,0,1
510,71,450,57,18,0.31,0.38,440,125,61,74,90,25,0.62,0.4,5,0,0
251,56,344,32,50,0.85,0.63,406,384,94,31,114,15,0.75,0.6,3,0,0
505,94,212,56,19,0.27,0.46,628,267,147,40,107,20,0.36,0.9,0,0,1
519,215,398,44,68,0.63,0.5,995,464,135,67,72,24,0.91,0.6,2,0,0
182,141,184,79,84,0.72,0.53,264,359,50,58,97,4,0.39,0.8,0,0,1
545,155,470,44,103,0.26,0.84,155,399,123,58,80,25,0.76,0.4,1,0,1
141,150,34,52,93,0.8,0.72,813,575,111,67,119,7,0.84,0.4,1,1,0
405,362,259,73,84,0.78,0.92,272,163,231,62,31,3,0.35,0.9,10,0,1
708,314,346,30,3,0.21,0.37,695,184,85,51,53,6,0.73,1.0,10,0,0
69,226,148,58,117,0.41,0.56,481,82,58,74,0,18,0.75,0.6,0,0,0
631,278,287,65,76,0.53,0.66,550,543,45,48,86,25,0.97,0.6,0,1,1
132,71,62,46,14,0.74,0.96,667,388,283,33,55,18,0.71,0.8,10,1,0
328,289,449,30,69,0.11,0.62,434,179,259,64,110,3,0.89,0.6,0,1,0
743,215,59,80,91,0.62,0.76,714,271,265,50,77,13,0.38,0.4,0,1,1
404,36,479,56,49,0.78,0.55,694,556,69,63,95,5,0.79,0.6,1,1,0
109,150,47,44,100,0.52,0.62,882,104,212,69,10,22,0.5,0.4,3,0,0
284,105,459,45,105,0.23,0.57,400,297,97,59,21,7,0.31,0.8,5,0,0
216,175,46,39,2,0.21,0.36,195,458,296,35,69,2,0.98,1.0,5,0,0
275,325,452,71,32,0.82,0.99,922,318,277,44,115,19,0.83,1.0,0,1,1
768,90,192,63,16,0.8,0.91,414,486,260,35,65,2,0.7,0.4,10,0,0
421,22,311,57,81,0.75,0.48,920,350,229,78,64,23,0.49,0.8,3,0,0
147,296,286,33,47,0.06,0.87,323,445,298,50,67,22,0.98,0.6,1,1,0
491,202,61,51,9,0.89,0.69,451,177,47,53,9,4,0.53,0.9,10,0,0
522,396,283,35,20,0.58,0.91,721,567,119,51,9,5,0.43,0.8,2,0,1
709,289,153,72,113,0.65,0.38,168,154,208,57,59,18,0.74,1.0,1,0,1
468,81,471,78,65,0.78,0.39,745,171,238,31,86,7,0.98,0.8,2,0,1
765,30,379,31,78,0.2,0.35,410,380,184,33,57,18,0.8,0.4,0,1,0
496,57,261,75,120,0.53,0.9,493,222,44,61,43,0,0.55,1.0,0,1,1
795,199,119,33,64,0.07,0.86,756,218,80,80,90,15,0.74,0.8,5,1,0
474,325,412,49,83,0.27,0.94,539,61,129,65,55,7,0.34,0.6,1,0,1
659,384,141,60,81,0.56,0.57,929,189,31,75,106,24,0.89,1.0,0,0,0
590,25,297,64,44,0.2,0.64,159,266,66,46,45,22,1.0,0.9,2,0,1
480,64,221,67,32,0.27,0.49,338,426,129,75,102,16,0.6,0.8,1,1,1
749,148,413,65,77,0.07,0.69,490,279,134,64,36,10,0.74,0.4,2,1,1
138,43,255,36,106,0.04,0.49,252,57,106,69,53,6,0.96,0.4,0,0,0
418,137,123,48,100,0.79,0.49,779,134,76,60,28,12,0.87,0.9,5,0,0
118,362,124,70,120,0.78,0.75,653,64,218,56,64,8,0.97,0.6,0,1,1
633,256,329,47,116,0.18,0.45,181,164,70,31,105,14,0.96,0.9,3,0,1
113,163,238,58,14,0.55,0.51,262,420,211,73,62,24,0.41,0.8,0,0,0
765,158,61,76,54,0.56,0.6,496,174,252,51,88,1,0.89,1.0,1,1,1
112,262,148,36,60,0.71,0.45,957,58,153,40,43,6,0.56,0.4,1,1,0
258,232,285,59,105,0.31,0.5,479,95,172,69,102,25,0.64,0.4,1,1,1
326,371,484,63,45,0.84,0.5,474,65,242,61,73,16,0.55,1.0,5,0,1
178,397,155,34,90,0.97,0.87,582,479,166,79,95,19,0.63,0.4,0,0,0
792,10,493,67,76,0.78,0.99,484,348,226,67,23,5,0.78,0.4,10,0,0
760,102,149,72,43,0.83,0.63,565,534,115,43,49,23,0.58,0.6,10,0,0
782,232,136,69,90,0.59,0.5,387,305,201,39,110,13,0.7,0.6,2,0,1
567,218,207,44,53,0.87,0.76,996,413,45,69,77,10,0.6,0.8,5,0,0
773,107,120,36,113,0.96,0.6,294,300,26,55,41,16,0.68,0.8,2,1,1
689,43,265,35,32,0.13,0.74,964,210,89,61,43,0,0.94,0.4,3,0,0
297,172,481,61,120,0.19,0.47,303,530,61,53,53,6,0.96,0.8,3,1,1
618,132,101,56,69,0.67,0.66,611,184,120,35,92,1,1.0,1.0,1,0,1
721,61,105,47,51,0.84,0.34,865,187,92,76,35,20,0.84,0.6,0,1,0
769,194,219,79,46,0.42,0.37,958,124,269,55,33,4,0.78,0.6,10,0,0
665,88,153,47,61,0.5,0.3,202,470,233,31,95,17,0.41,0.8,0,0,1
185,145,252,43,69,0.76,0.57,482,372,161,69,51,19,0.92,1.0,3,0,0
113,322,236,30,52,0.89,0.57,244,542,221,43,30,15,0.48,0.4,10,0,0
532,62,296,64,48,0.79,0.69,563,311,66,53,18,9,0.54,0.9,0,0,1
357,25,132,77,18,0.13,0.87,463,218,150,77,6,16,0.33,0.9,0,0,1
797,92,53,33,6,0.92,0.64,434,420,31,75,57,17,0.77,0.9,10,0,0
727,39,369,55,30,0.37,0.55,281,355,253,71,40,6,0.75,0.8,1,0,1
362,342,157,66,83,0.68,0.97,769,279,91,78,4,6,0.82,0.8,1,0,1
529,219,449,31,117,0.11,0.4,276,585,47,61,12,20,0.54,0.6,0,0,0
208,267,51,62,52,0.07,0.95,586,199,27,39,102,1,0.67,0.9,5,0,0
752,106,86,59,113,0.54,0.77,498,358,227,38,119,8,0.42,0.8,2,0,1
222,352,187,51,81,0.38,0.75,492,421,232,48,67,1,0.92,0.6,0,0,1
345,130,340,33,26,0.28,0.51,607,196,87,48,24,19,0.87,0.6,0,1,0
604,156,315,39,95,0.66,0.64,344,457,282,47,47,8,0.96,0.9,1,1,1
159,372,76,74,51,0.33,0.87,782,121,227,61,29,1,0.33,1.0,0,1,1
234,219,287,70,76,0.23,0.83,377,501,274,53,101,9,0.55,0.9,3,1,1
570,279,283,53,21,0.12,0.53,859,563,90,62,36,25,0.65,0.9,3,0,0
763,203,282,57,5,0.04,0.76,241,67,232,76,85,11,0.82,0.9,3,1,1
161,127,496,73,21,0.72,0.55,274,579,38,63,62,21,0.93,0.8,5,0,0
498,281,36,46,94,0.28,0.38,515,573,138,34,115,10,0.43,0.4,2,1,0
765,158,214,77,37,0.65,0.39,500,40,73,45,74,14,0.57,0.8,3,1,1
767,138,493,42,31,0.28,0.86,344,141,134,40,1,8,0.82,0.8,2,0,1
573,76,459,59,28,0.36,0.47,640,317,80,44,105,16,0.72,0.6,3,0,1
383,358,399,46,109,0.74,0.76,339,472,228,33,97,15,0.55,0.4,1,1,1
82,381,87,49,99,0.46,0.62,269,507,105,73,17,4,0.45,0.4,1,0,0
63,387,243,70,78,0.53,0.38,593,472,113,44,6,4,0.74,0.6,5,1,0
113,61,104,36,101,0.47,0.84,974,508,27,65,117,15,0.81,1.0,3,0,0
278,89,142,52,22,0.61,0.79,224,301,108,80,73,15,0.38,1.0,5,0,0
639,52,41,62,102,0.9,0.62,947,68,56,79,12,7,0.67,1.0,2,1,1
530,227,390,45,9,0.46,0.5,562,258,79,53,30,8,0.34,0.8,2,0,1
609,31,248,56,83,0.03,0.8,906,372,124,39,20,1,0.47,0.9,0,1,1
121,174,286,39,36,0.18,0.33,681,576,272,63,10,2,0.57,1.0,10,0,0
318,199,177,63,34,0.11,0.42,246,423,182,40,117,20,0.89,1.0,10,0,0
153,312,36,46,9,0.46,0.36,592,534,265,57,23,10,0.44,1.0,1,0,0
165,43,262,63,51,0.06,0.41,217,272,35,60,6,11,0.55,1.0,5,1,0
520,219,85,30,59,0.05,0.6,164,142,261,40,4,20,0.61,1.0,1,0,1
515,30,183,30,3,0.96,0.66,192,206,82,58,5,6,0.77,0.8,0,0,1
797,341,126,67,120,0.87,0.65,821,566,39,49,9,12,0.53,0.6,5,0,0
412,162,92,64,20,0.8,0.48,970,128,32,79,1,11,0.81,0.8,3,0,0
606,372,201,47,29,0.58,0.5,899,450,257,66,31,5,0.88,0.6,5,0,0
216,234,176,47,31,0.33,0.89,728,443,270,63,37,21,0.39,0.9,0,0,0
227,197,314,58,109,0.8,0.97,390,400,36,47,14,14,0.78,0.8,10,0,0
467,150,466,79,24,0.58,0.94,708,547,55,53,118,18,0.83,0.8,0,0,1
488,137,286,71,54,0.0,0.57,332,403,134,78,70,1,0.42,0.6,0,1,1
388,355,34,46,27,0.58,0.77,119,161,183,50,42,14,0.42,0.4,0,0,1
683,165,291,75,29,0.93,0.74,788,41,216,41,54,23,0.63,0.8,3,0,1
283,252,89,68,16,0.24,0.42,823,375,105,43,26,12,0.33,0.9,1,1,0
604,319,404,44,79,0.82,0.75,813,129,185,39,35,5,0.68,0.6,2,1,1
247,186,200,50,25,0.96,0.95,685,75,52,54,107,25,0.73,0.8,3,1,1
146,344,437,77,120,0.87,0.45,731,160,143,58,18,12,0.96,0.9,0,0,1
611,343,299,44,118,0.81,0.4,652,436,140,45,63,1,0.36,0.4,0,0,1
559,203,34,70,34,0.7,0.63,537,237,27,63,14,19,0.71,0.9,0,1,1
93,383,35,38,66,0.98,0.66,599,521,151,52,115,14,0.42,1.0,0,0,0
464,244,434,40,17,0.39,0.76,115,323,212,35,51,5,0.62,0.8,5,0,1
681,188,328,77,120,0.17,0.56,691,207,242,73,69,0,0.4,0.8,3,0,1
683,361,113,60,108,0.49,0.58,667,179,115,59,52,7,0.52,0.8,1,0,1
449,339,292,51,50,0.32,0.41,744,216,46,43,5,13,0.98,0.9,5,0,0
735,54,123,34,61,0.87,0.74,873,197,82,72,24,0,0.48,1.0,0,0,1
582,346,412,52,9,0.55,0.42,870,235,197,64,36,16,0.58,1.0,1,0,1
541,221,35,40,69,0.98,0.92,112,79,54,72,66,14,0.83,0.8,2,1,1
773,327,160,68,96,0.32,0.71,193,309,63,46,7,13,0.73,0.8,5,1,1
746,251,404,46,57,0.64,0.73,221,90,16,42,97,0,0.68,0.4,0,0,1
168,91,81,41,108,0.38,0.49,730,285,250,38,8,8,0.99,0.6,0,1,0
528,27,190,58,104,0.42,0.46,589,66,55,67,32,7,0.32,0.8,2,1,1
232,320,101,50,78,0.84,0.43,670,81,292,67,78,18,0.68,0.4,3,1,0
731,202,61,60,1,0.69,0.69,653,463,16,53,62,23,0.71,0.8,2,0,0
67,149,279,39,72,0.12,0.6,675,118,271,76,51,5,0.74,0.6,0,0,0
571,102,446,65,9,0.63,0.67,677,253,78,40,107,16,0.49,0.8,0,1,1
675,111,384,62,66,0.49,0.97,340,402,68,69,96,14,0.45,0.8,5,1,1
467,356,99,30,49,0.3,0.82,800,590,199,54,2,0,0.76,1.0,3,1,0
537,315,334,46,108,0.78,0.97,109,66,17,72,12,1,0.68,0.4,5,1,1
716,170,238,32,54,0.23,0.55,102,48,104,35,51,23,0.8,0.6,0,0,1
144,363,265,59,118,0.76,0.54,226,311,214,67,58,22,0.33,0.6,0,0,1
130,213,99,79,12,0.99,0.99,722,363,112,60,113,25,0.64,0.9,0,0,0
171,343,128,64,41,0.13,0.81,631,329,260,52,119,6,0.37,0.4,2,0,0
195,129,146,51,30,0.98,0.45,348,525,182,43,24,13,0.33,0.6,5,0,0
506,350,455,64,28,0.68,0.32,692,41,144,40,81,2,0.83,0.6,0,1,1
763,130,164,51,66,0.89,0.58,585,102,166,47,78,19,0.43,0.6,3,0,1
404,359,107,70,54,0.22,0.38,152,137,14,31,42,13,0.88,0.9,2,0,1
166,242,367,68,108,0.25,0.82,900,312,89,76,55,2,0.67,0.6,0,0,0
388,266,431,48,90,0.42,0.66,918,231,83,49,64,23,0.6,0.8,0,0,1
491,96,418,66,35,0.62,0.31,429,376,279,40,15,0,0.75,0.4,3,1,1
211,57,61,54,104,0.63,0.96,548,481,287,77,56,14,0.4,0.6,5,1,0
341,359,44,62,59,0.94,0.32,597,109,196,30,9,14,0.55,0.8,2,0,1
792,385,444,80,9,1.0,0.47,734,344,48,74,27,8,0.55,1.0,5,1,1
590,194,404,50,73,0.71,0.4,774,576,194,45,18,13,0.36,0.6,0,0,1
693,327,376,61,60,0.28,0.73,564,355,53,69,20,14,0.5,0.6,3,1,1
422,293,178,59,64,0.55,0.66,906,87,282,61,9,4,0.37,0.4,0,0,1
371,46,248,34,94,0.7,0.91,370,495,270,35,110,21,0.73,0.9,10,1,0
269,360,158,55,104,0.9,0.9,804,260,264,75,116,18,0.68,0.4,2,0,0
523,291,302,78,62,0.23,0.84,585,555,190,61,28,25,0.77,0.4,1,1,0
701,263,202,74,81,0.45,0.48,899,358,83,32,69,11,0.6,0.4,2,0,1
481,16,381,33,11,0.65,0.92,955,246,286,68,34,0,0.59,1.0,0,0,1
490,231,420,63,28,0.97,0.88,515,510,29,54,99,21,0.37,0.4,1,0,1
327,315,297,76,15,0.66,0.32,477,511,101,78,62,4,0.59,0.8,0,0,0
547,196,383,59,117,0.18,0.68,534,469,14,52,48,16,0.65,1.0,1,0,1
216,175,148,70,93,0.33,0.4,937,196,37,44,107,1,0.52,1.0,2,0,0
95,70,138,31,57,0.45,0.39,427,403,239,69,52,6,0.96,0.9,5,0,0
603,300,404,37,68,0.94,0.84,964,570,145,53,102,1,0.44,0.8,0,1,1
471,212,188,47,119,0.97,0.61,996,91,153,76,91,3,0.31,0.6,0,0,1
691,119,96,38,31,0.78,0.82,602,513,35,73,9,20,0.61,0.4,10,0,0
604,279,371,68,53,0.46,0.98,788,384,25,32,40,25,0.88,0.9,1,0,1
470,233,467,45,62,0.67,0.4,476,231,128,35,93,13,1.0,0.6,3,0,1
481,26,144,39,18,0.18,0.42,652,161,79,42,8,11,0.93,0.4,0,0,0
658,217,427,40,3,0.25,0.5,168,109,229,73,106,17,0.46,0.4,2,0,1
284,70,147,49,57,0.97,0.33,464,422,51,74,78,17,0.61,0.9,1,0,0
718,241,475,35,109,0.36,0.96,420,551,137,70,40,14,0.7,1.0,5,0,0
267,279,231,68,32,0.69,0.66,890,579,18,48,8,2,0.67,0.4,2,0,0
781,157,321,55,81,0.56,0.68,590,550,269,76,55,7,0.87,1.0,2,0,1
291,58,220,52,21,0.84,0.73,643,537,52,42,105,20,0.97,0.9,5,0,0
202,280,379,49,32,0.81,0.47,522,280,289,71,22,14,1.0,0.4,0,1,0
158,132,310,72,88,0.16,0.49,411,562,74,47,1,24,0.65,0.4,2,0,0
742,33,489,35,81,0.89,0.91,275,592,209,72,80,17,0.38,0.4,0,0,1
737,334,479,70,10,0.88,0.44,872,349,123,45,27,9,0.92,0.8,0,0,1
400,123,35,60,17,0.99,0.83,585,395,175,60,66,8,0.52,0.9,2,0,0
480,322,390,40,62,0.6,0.76,661,577,56,71,23,19,0.9,0.9,10,0,0
163,345,143,67,52,0.64,0.36,178,64,188,80,66,13,0.57,0.4,5,0,0
705,246,179,76,4,0.05,0.58,502,257,52,69,35,14,0.8,1.0,0,1,1
305,343,199,63,65,0.17,0.66,457,581,268,55,76,8,0.4,0.8,0,1,1
767,77,440,72,71,0.97,0.98,761,491,285,78,111,19,0.47,0.6,0,0,1
267,34,335,41,87,0.38,0.96,443,585,127,38,23,14,0.75,0.9,3,1,1
409,32,183,76,9,0.75,0.39,549,562,79,35,28,4,0.44,1.0,0,1,1
638,170,490,65,110,0.96,0.57,121,587,164,67,31,14,0.45,0.6,3,1,1
438,333,500,38,65,0.32,0.32,148,270,116,75,35,17,0.93,0.9,0,0,1
497,325,220,53,106,0.15,0.33,571,228,267,54,113,7,0.77,0.8,1,0,0
402,326,495,70,22,0.58,0.41,260,69,70,54,36,1,0.74,0.6,0,1,1
427,30,226,31,108,0.42,0.37,303,395,173,40,26,24,0.91,0.6,0,0,0
708,51,301,66,18,0.06,0.85,512,491,241,79,13,25,0.68,0.6,3,0,0
329,126,344,37,61,0.65,0.91,557,137,157,42,77,23,0.61,0.9,5,0,0
296,192,387,40,19,0.99,0.93,653,461,178,59,62,16,0.81,1.0,0,1,0
418,333,178,61,89,0.55,0.56,592,297,11,60,60,22,0.55,0.6,3,0,0
381,145,167,63,62,0.79,0.84,690,587,62,36,55,14,0.99,0.6,3,0,0
334,380,426,77,57,0.64,0.91,874,464,77,51,109,23,0.96,1.0,0,0,1
251,313,453,42,5,0.23,0.57,615,146,37,38,24,4,0.61,0.9,3,1,1
410,286,143,65,85,0.53,0.74,452,497,81,31,105,12,0.68,0.6,0,0,1
632,164,71,31,40,0.95,0.35,840,82,293,80,115,1,0.55,0.4,0,0,0
296,384,453,38,16,0.27,0.38,484,564,186,52,103,22,0.44,0.8,0,0,0
54,200,349,73,97,0.1,0.44,110,484,222,68,43,3,0.61,0.4,0,0,0
370,11,362,50,61,0.26,0.83,247,259,298,37,86,16,0.6,0.9,0,0,1
241,15,381,37,114,0.92,0.59,219,345,222,34,120,2,0.64,0.9,0,0,1
638,152,54,80,51,0.77,0.63,955,443,223,49,98,10,0.42,0.6,10,0,0
63,189,404,48,1,0.9,0.92,413,91,65,43,74,22,0.94,0.9,1,0,1
471,341,316,35,16,0.15,0.83,257,279,181,32,95,9,0.95,0.6,1,1,1
109,158,138,33,86,0.3,0.76,836,577,262,66,100,15,0.82,0.8,0,0,0
708,107,182,63,103,0.34,0.84,278,183,51,55,7,19,0.69,0.4,10,0,0
148,372,140,58,37,0.79,1.0,918,161,128,33,33,21,0.85,0.8,5,0,0
398,76,423,48,3,0.26,0.73,620,374,63,75,38,16,0.61,0.6,10,0,0
619,264,398,57,98,0.09,0.9,257,285,132,75,79,15,0.94,0.6,2,0,1
328,48,34,43,103,0.63,0.52,682,132,92,60,92,24,0.35,0.4,2,1,0
498,278,413,80,41,0.99,0.69,734,183,19,51,112,21,0.46,0.6,0,0,1
489,29,405,63,30,0.88,0.7,647,522,20,44,104,20,0.78,0.6,3,0,0
184,255,143,36,85,0.15,0.8,383,355,291,62,8,9,0.65,0.6,0,1,0
378,377,174,58,34,0.47,0.83,783,406,66,68,7,16,0.65,0.8,1,0,0
528,236,308,64,118,0.66,0.3,925,156,268,58,46,11,0.54,0.9,3,1,1
321,123,493,36,86,0.69,0.54,837,322,215,45,12,7,0.55,0.6,1,1,1
160,135,490,75,27,0.5,0.76,393,121,188,47,58,1,0.54,0.6,2,1,1
644,225,161,38,55,0.57,0.45,765,322,117,79,93,22,0.72,0.4,2,0,0
479,265,282,45,109,0.4,0.87,185,412,238,66,103,4,0.68,0.6,1,1,1
505,146,97,33,43,0.96,0.92,263,495,238,30,10,7,0.32,0.4,2,1,1
571,77,289,40,93,0.04,0.67,892,368,94,71,84,7,0.33,0.9,3,0,0
764,163,438,39,74,0.78,0.56,434,94,23,74,76,5,0.71,0.4,3,0,1
437,362,170,47,56,0.46,0.33,305,129,209,37,50,6,0.44,0.4,0,1,1
321,33,487,49,9,0.77,0.38,765,315,91,77,113,3,0.48,0.9,1,0,0
292,164,424,61,95,0.28,0.76,130,111,107,54,37,19,0.39,1.0,0,0,1
156,248,142,32,54,0.91,0.47,565,49,179,74,38,10,0.63,1.0,1,0,0
500,66,469,65,81,0.03,0.76,853,321,253,65,37,1,0.68,0.4,5,0,0
355,177,422,66,109,0.66,0.59,213,444,178,71,116,0,0.5,0.9,0,1,1
401,88,314,48,73,0.6,0.34,317,133,53,48,9,10,0.4,0.8,0,1,1
254,75,362,36,76,0.13,0.8,895,506,247,40,21,12,0.97,1.0,0,0,0
198,222,184,35,61,0.58,0.96,268,266,42,57,95,25,0.48,0.9,2,0,0
271,380,58,54,19,0.08,0.98,825,427,92,63,85,11,0.63,0.4,3,0,0
492,180,302,67,120,0.13,0.92,361,222,103,51,42,8,0.95,0.8,0,1,1
758,346,80,46,64,0.52,0.92,367,56,94,31,116,19,0.53,1.0,5,1,1
448,208,173,72,55,1.0,0.84,867,358,212,65,33,21,0.92,0.6,0,1,1
519,233,411,45,81,0.2,0.82,370,76,233,55,115,17,0.54,0.6,5,0,1
235,149,34,34,117,0.82,0.64,668,429,94,75,99,23,0.49,0.9,0,1,0
57,88,497,47,39,0.23,0.88,749,285,236,62,74,12,0.92,0.6,3,0,0
329,242,188,45,48,0.24,0.98,366,276,211,31,12,8,0.93,0.8,0,1,1
435,59,419,53,120,0.62,1.0,321,387,96,37,2,2,0.68,0.4,2,0,1
338,373,168,78,120,0.91,0.31,903,103,124,42,34,24,0.88,1.0,2,0,1
658,330,391,45,54,0.55,0.88,256,416,274,41,104,22,0.71,0.9,3,1,1
300,182,438,63,119,0.93,0.47,683,191,223,41,3,24,0.69,0.8,0,0,1
207,79,212,55,113,0.25,0.92,616,394,81,63,96,18,0.9,0.8,0,0,0
423,346,47,65,17,0.13,0.34,301,222,278,75,103,11,0.46,0.9,0,1,0
185,321,377,67,12,0.85,0.6,202,339,97,73,90,0,0.66,0.6,0,0,1
153,204,225,69,8,0.03,0.95,163,75,262,66,39,4,0.48,0.4,0,1,1
280,60,276,59,84,0.56,0.99,229,461,271,68,45,4,0.68,0.4,0,1,1
701,279,181,77,8,0.27,0.53,182,319,193,38,43,23,0.46,0.8,5,0,1
488,333,441,55,79,0.43,0.82,417,417,98,72,13,8,0.88,1.0,0,1,1
145,260,369,31,34,0.76,0.84,453,92,119,50,92,0,0.9,0.9,1,0,1
782,355,440,49,68,0.51,0.79,400,306,52,35,116,3,0.8,0.6,5,1,1
493,94,286,50,6,0.37,0.92,381,238,278,32,84,8,0.72,0.9,0,0,1
296,341,124,63,23,0.65,0.9,764,92,183,41,118,2,0.63,0.6,2,0,1
763,100,50,37,32,0.18,0.31,574,269,237,73,71,13,0.73,0.4,0,0,0
474,69,67,67,113,0.48,0.39,814,386,272,35,0,24,0.81,0.4,1,1,0
776,96,241,76,117,0.78,0.73,969,386,68,38,71,15,0.4,1.0,2,0,1
713,40,141,48,98,0.59,0.89,123,187,230,31,87,9,0.82,0.6,5,1,1
546,125,121,46,26,0.48,0.39,720,416,214,42,48,25,0.69,0.8,10,1,0
116,43,372,72,99,0.31,0.49,864,569,131,52,115,11,0.44,0.6,10,0,0
478,22,424,66,4,0.1,0.88,937,171,154,74,48,17,0.78,0.8,0,0,1
539,309,365,31,102,0.75,0.64,681,561,84,32,10,11,0.47,1.0,1,0,1
742,398,204,45,114,0.15,0.65,697,373,208,72,89,15,0.76,0.8,3,0,0
571,66,418,62,80,0.18,0.58,502,288,28,75,4,9,0.37,0.9,1,0,1
463,109,65,39,64,0.41,0.35,606,518,50,50,42,21,0.9,0.9,0,0,0
177,146,293,50,9,0.19,0.74,345,162,158,44,94,25,0.93,0.9,5,0,0
696,68,421,35,26,0.06,0.71,876,398,44,33,36,15,0.63,0.9,1,0,1
381,83,334,53,76,0.36,0.45,278,60,178,58,100,10,0.96,0.4,0,1,1
582,398,161,46,34,0.74,0.45,107,245,126,51,73,0,0.69,0.6,0,1,1
115,159,190,34,82,0.26,0.65,865,239,252,45,68,25,0.88,0.4,10,0,0
470,112,439,72,20,0.16,0.94,731,129,69,50,3,0,0.71,0.4,0,0,1
353,90,441,70,5,0.39,0.69,804,244,181,53,47,8,0.7,0.4,0,0,1
687,156,266,35,120,0.19,0.92,481,579,271,69,87,9,0.81,0.8,0,0,0
318,127,210,41,55,0.47,0.95,322,591,292,50,119,1,0.82,0.9,0,1,0
505,58,333,50,113,0.63,0.8,723,585,174,63,17,3,0.45,0.6,2,1,1
114,237,122,42,46,0.32,1.0,494,341,270,65,9,6,0.36,0.9,0,0,0
542,18,118,53,97,0.77,0.99,334,528,72,36,18,25,0.86,1.0,0,1,1
131,101,462,66,41,0.32,0.37,738,67,180,32,68,15,1.0,0.8,3,0,0
394,20,435,67,109,0.91,0.39,579,457,244,80,115,0,0.36,0.4,10,0,0
579,55,495,71,75,0.01,0.96,230,407,211,71,104,22,0.66,0.4,2,0,1
549,345,85,47,37,0.12,0.51,388,278,104,36,26,18,0.46,0.4,0,0,0
266,64,415,79,50,0.81,0.94,196,111,207,39,102,7,0.5,0.8,5,0,1
632,142,237,52,61,0.99,0.47,885,343,38,75,70,8,0.71,0.6,0,1,0
298,161,172,79,43,0.55,0.6,629,356,206,57,80,14,0.67,0.8,2,1,0
326,211,194,78,11,0.2,0.45,284,223,38,48,65,3,0.75,1.0,0,1,1
153,329,117,68,65,0.26,0.38,102,269,261,45,50,12,0.99,0.9,10,0,0
569,129,484,72,34,0.55,0.9,475,187,88,51,36,1,0.58,0.4,10,1,1
377,94,482,49,99,0.16,0.81,398,99,22,34,37,11,0.74,1.0,0,0,1
443,11,315,56,31,0.03,0.37,254,112,282,30,106,22,0.52,0.4,0,1,1
210,133,147,33,33,0.6,0.35,277,554,268,62,53,2,0.31,0.4,3,0,0
784,160,184,69,9,0.97,0.97,864,173,136,43,100,7,0.45,0.8,0,0,1
54,70,394,69,34,0.52,0.5,197,380,286,78,60,17,0.79,1.0,2,0,0
154,149,210,35,83,0.71,0.79,284,305,248,43,29,19,0.65,1.0,2,1,1
157,348,57,43,71,0.76,0.77,901,368,235,62,78,22,0.78,0.6,3,1,0
450,188,104,76,6,0.33,0.92,751,121,179,79,69,4,0.48,0.6,0,0,1
735,69,435,48,52,0.69,0.73,392,334,204,66,55,4,0.39,0.9,3,0,1
505,388,476,44,21,0.32,0.75,973,248,10,38,33,1,0.54,0.9,3,0,1
736,186,436,76,96,0.21,0.33,471,420,42,52,10,1,0.42,0.9,3,1,1
529,218,499,51,37,0.02,0.83,136,471,57,36,113,18,0.81,0.4,1,0,1
191,265,493,52,99,0.92,0.91,926,475,147,79,88,0,0.34,0.4,10,0,0
602,188,413,34,47,0.48,0.84,600,198,23,49,9,10,0.71,0.8,3,1,1
666,22,404,43,99,0.85,0.86,558,513,185,33,89,9,0.42,0.6,3,1,1
687,235,263,43,59,0.49,0.6,107,522,52,69,30,5,0.47,0.4,1,0,1
370,15,194,49,64,0.97,0.49,642,528,275,76,76,23,0.4,0.9,5,1,0
79,140,49,57,116,0.21,0.53,309,530,145,68,106,7,0.32,1.0,1,1,0
661,339,124,60,62,0.45,0.86,531,482,46,40,10,24,0.76,0.6,0,0,1
123,206,418,38,86,0.4,0.31,946,236,184,80,79,20,0.92,1.0,0,0,0
601,10,64,53,43,0.46,0.89,481,192,299,74,43,1,0.52,0.6,0,0,0
110,281,394,38,54,0.66,0.91,167,479,288,44,111,21,0.39,1.0,5,1,1
386,39,437,62,24,0.51,0.57,113,575,194,34,32,1,0.85,0.8,0,0,1
582,43,311,79,50,0.2,0.78,773,282,129,77,35,16,0.99,0.9,2,0,1
339,354,325,40,82,0.63,0.49,695,277,58,73,74,9,0.73,0.6,3,0,0
377,101,495,52,77,0.73,0.62,402,69,141,46,9,13,0.32,1.0,0,1,1
188,243,269,38,27,0.85,0.85,216,98,271,44,49,6,0.74,0.6,3,0,1
230,79,419,42,55,0.12,0.86,657,122,155,77,22,15,0.4,1.0,5,0,0
108,142,304,41,12,0.28,0.61,796,462,225,47,102,17,0.83,1.0,0,0,0
187,147,313,32,10,0.73,0.32,120,455,216,34,45,14,0.33,1.0,2,1,1
185,116,121,43,88,0.42,0.95,532,452,49,73,56,3,0.91,1.0,0,0,0
693,91,295,31,112,0.42,0.63,219,260,296,32,89,10,0.97,0.8,1,0,1
726,245,38,72,48,0.55,0.74,740,327,96,39,2,1,0.73,0.8,1,0,1
143,245,118,40,45,0.37,0.49,629,447,223,42,7,9,0.36,1.0,0,0,0
101,129,257,79,18,0.78,0.62,828,161,241,39,66,10,0.33,0.4,2,1,0
442,343,414,44,51,0.59,0.94,232,121,272,53,46,8,0.77,0.6,0,0,1
738,22,418,46,16,0.38,0.61,128,589,48,80,13,16,0.94,0.9,0,0,1
610,349,220,66,67,0.85,0.4,368,50,141,77,10,18,0.61,1.0,10,0,1
550,34,117,44,44,0.23,0.42,995,219,236,73,21,7,0.46,0.4,1,0,0
286,249,362,75,63,0.39,0.87,460,259,60,71,67,18,0.56,1.0,0,0,1
327,43,182,36,63,0.43,0.57,858,388,261,55,101,19,0.3,1.0,2,0,0
652,211,320,63,60,0.46,0.71,991,308,260,39,115,22,0.69,0.6,0,0,1
74,187,172,43,12,0.26,0.39,145,584,164,61,17,22,0.6,0.9,2,1,0
752,69,484,31,119,0.68,0.4,102,134,141,54,74,21,0.6,0.8,0,1,1
446,77,186,31,9,0.66,0.71,901,86,42,66,113,18,0.38,0.6,0,0,1
248,308,75,62,90,0.59,0.88,397,251,186,35,34,22,0.97,0.4,5,1,0
476,86,39,63,99,0.87,0.36,941,381,16,37,110,10,0.64,0.8,1,0,0
370,47,355,57,67,0.72,0.37,259,254,142,47,100,12,0.91,0.9,3,1,1
468,46,429,48,6,0.72,0.34,359,504,234,45,62,3,0.57,0.6,1,1,1
171,12,500,63,54,0.29,0.46,341,557,238,40,23,21,0.68,0.8,2,0,0
702,280,168,56,79,0.43,0.61,134,451,241,61,96,22,0.8,0.8,0,0,1
211,363,144,53,118,0.31,0.86,755,517,222,58,118,18,0.56,0.8,0,1,0
242,327,249,49,41,0.31,0.76,859,341,54,72,45,10,0.3,0.8,10,1,0
222,254,426,40,101,0.01,0.57,340,176,35,57,89,25,0.75,0.8,0,1,1
499,21,89,68,13,0.85,0.74,303,451,140,46,76,17,0.44,1.0,0,1,1
778,243,468,43,110,0.0,0.49,379,568,235,55,88,21,0.63,1.0,5,0,0
582,71,220,36,117,0.53,0.59,436,444,296,72,106,0,0.94,0.4,0,0,0
524,375,310,49,74,0.11,0.94,899,120,119,42,16,24,0.57,1.0,0,1,1
292,366,105,69,12,0.33,0.48,761,398,161,57,0,8,0.83,1.0,10,0,0
285,216,316,75,29,0.75,0.99,498,531,152,30,18,25,0.59,0.9,1,0,1
231,263,105,73,72,0.96,0.37,516,597,99,36,55,2,0.84,0.8,1,0,1
376,114,354,54,82,0.83,0.31,644,576,186,65,95,10,0.59,0.8,1,1,0
182,115,497,54,22,0.36,0.61,764,426,168,79,34,5,0.68,0.9,1,1,0
482,300,496,30,80,0.94,0.63,559,523,216,32,74,8,0.53,0.8,0,0,1
735,377,43,36,96,0.91,0.79,448,455,215,50,101,15,0.8,0.4,0,0,0
469,107,99,78,70,0.33,0.62,747,275,227,34,101,7,0.85,0.9,1,1,1
106,82,99,79,36,0.56,0.7,537,61,142,33,31,15,0.54,0.6,2,0,1
593,130,497,69,24,0.7,0.66,908,460,187,72,27,22,0.97,0.4,3,0,0
278,73,486,34,106,0.28,1.0,856,458,117,56,95,18,0.56,0.9,0,0,0
681,254,196,35,92,0.27,0.49,226,479,54,74,62,0,0.45,0.4,3,0,0
501,170,366,51,66,0.92,0.37,334,525,93,30,12,12,0.85,1.0,1,0,1
345,359,237,75,97,0.34,0.94,406,175,117,77,53,12,0.84,1.0,3,0,1
573,240,232,34,7,0.43,0.61,242,537,159,47,29,18,0.32,1.0,0,1,1
123,40,47,73,78,0.6,0.6,135,498,28,44,104,6,0.99,0.6,0,0,0
383,378,235,74,65,0.02,0.89,679,49,236,52,73,4,0.98,0.9,0,0,1
447,70,43,80,84,0.5,0.43,440,142,126,42,11,16,0.42,0.9,10,0,0
700,316,256,72,110,0.46,0.84,159,515,134,62,52,14,0.53,1.0,3,0,1
140,77,194,44,19,0.51,0.98,786,529,279,78,54,19,0.85,0.9,0,0,0
363,367,211,37,46,0.1,0.92,964,393,178,46,102,6,0.87,0.9,5,0,0
570,200,253,65,2,0.53,0.37,972,197,45,69,83,25,0.81,0.6,2,1,0
533,104,211,80,78,0.8,0.6,311,423,142,80,73,24,0.66,0.9,0,0,1
608,186,381,40,107,0.78,0.66,623,200,62,48,1,22,0.95,1.0,3,0,1
613,325,144,49,15,0.65,0.67,611,247,298,52,100,11,0.72,0.4,1,0,0
75,337,440,43,10,0.05,0.41,397,374,194,56,68,12,0.7,0.8,0,1,0
521,164,42,66,3,0.06,0.45,542,192,62,73,3,5,0.9,0.8,10,0,0
358,32,364,70,56,0.39,0.37,915,143,96,78,58,16,0.98,1.0,5,1,0
159,358,480,65,31,0.28,0.88,536,149,196,78,74,23,0.45,0.6,2,1,1
766,171,75,47,99,0.52,0.91,756,496,282,51,113,21,0.43,0.6,2,0,0
545,355,195,62,41,0.92,0.44,865,495,203,71,53,24,0.55,1.0,5,0,0
787,186,130,70,14,0.56,0.57,299,178,66,68,40,8,0.84,0.9,0,1,1
785,154,483,80,68,0.87,0.76,850,380,222,40,70,11,0.68,0.6,3,1,1
500,38,35,47,71,0.12,0.79,245,126,277,45,90,18,0.91,1.0,1,0,0
250,60,223,30,79,0.49,0.62,487,44,200,79,71,1,0.45,0.6,3,1,1
66,88,491,47,34,0.62,0.61,188,579,94,67,64,15,0.87,0.9,5,0,0
429,142,179,43,81,0.07,0.81,366,203,281,52,97,13,0.96,0.8,0,0,0
102,15,433,45,12,0.7,0.5,581,165,209,53,82,1,0.37,0.4,2,1,0
584,231,31,39,54,0.69,0.79,561,440,138,43,109,24,0.76,1.0,1,1,0
375,317,177,30,6,0.79,0.63,864,174,193,66,30,21,0.67,0.8,0,0,0
760,20,476,37,5,0.0,0.4,733,373,187,68,98,11,0.93,1.0,5,0,0
319,281,162,30,60,0.91,0.39,884,597,122,39,58,3,0.88,0.8,0,0,0
571,341,174,61,48,0.24,0.61,359,593,239,32,52,14,0.64,0.9,10,0,0
737,215,244,61,117,0.09,0.96,764,326,296,49,62,12,0.8,0.9,1,0,1
715,186,189,60,88,0.8,0.69,721,403,158,37,25,14,0.42,0.4,10,0,0
444,336,159,52,79,0.4,0.65,335,95,177,39,21,10,0.9,0.6,2,1,1
441,291,332,68,12,0.55,0.91,929,502,59,32,39,5,0.71,1.0,0,1,1
180,156,36,69,25,0.28,0.49,862,466,285,49,5,17,0.72,0.8,0,0,0
139,274,330,74,27,0.67,0.72,920,532,272,55,0,3,0.9,1.0,10,1,0
605,121,71,41,110,0.91,0.5,268,344,199,74,12,18,0.7,0.8,0,1,0
345,55,67,54,1,0.65,0.89,700,410,281,58,101,22,0.51,0.4,3,1,0
54,187,351,80,65,0.78,0.44,437,571,199,68,2,10,0.97,0.8,3,1,0
372,335,129,63,102,0.29,0.81,365,100,134,53,6,12,0.74,1.0,2,0,1
63,211,200,54,102,0.59,0.55,721,347,284,74,113,16,0.97,1.0,0,1,0
152,326,273,60,113,0.24,0.7,632,572,191,43,38,22,0.52,1.0,2,0,0
323,322,367,61,102,0.06,0.73,309,94,225,49,37,22,0.53,1.0,3,0,1
434,255,284,73,20,0.52,1.0,731,91,222,63,4,20,0.8,1.0,1,0,1
559,61,155,50,41,0.45,0.39,107,359,209,30,42,16,0.49,0.6,1,0,1
530,392,150,56,19,0.72,0.64,864,317,259,76,47,7,0.48,0.8,2,0,0
233,247,34,38,18,0.0,0.49,863,405,175,37,72,4,0.61,0.6,0,1,0
332,298,415,35,30,0.08,0.78,638,589,162,62,17,4,0.81,0.6,5,0,0
188,59,114,78,75,0.66,0.53,698,506,133,58,47,20,0.64,0.8,3,0,0
105,25,139,46,50,0.16,0.79,847,365,104,75,22,4,0.63,0.6,3,1,0
551,154,386,42,79,1.0,0.88,961,153,111,51,11,17,0.52,0.6,10,1,0
476,389,374,38,53,0.21,0.55,759,551,271,31,55,22,0.96,0.4,0,0,0
737,235,277,73,21,0.75,0.5,778,140,128,43,72,5,0.63,1.0,0,1,1
419,238,450,44,115,0.07,0.37,165,391,279,80,61,7,0.42,0.8,2,0,1
278,88,210,32,79,0.08,0.83,959,570,162,59,42,6,0.69,0.9,3,0,0
455,330,436,73,29,0.58,0.32,985,336,81,52,93,0,0.33,0.8,0,0,1
263,126,115,45,44,0.28,0.87,369,493,58,43,49,13,0.56,0.9,1,1,0
183,121,392,50,57,0.81,0.6,350,374,108,63,1,24,0.43,0.9,2,0,1
307,304,498,37,103,0.64,0.37,134,342,72,31,103,14,0.55,0.8,3,1,1
277,59,356,65,82,0.05,0.74,886,432,106,64,25,23,0.79,0.6,5,0,0
595,276,30,49,4,0.66,0.31,198,247,195,44,12,22,0.69,0.9,2,1,0
188,342,319,77,65,0.67,0.52,348,514,153,68,93,5,0.97,1.0,10,1,0
622,156,56,50,80,0.76,0.59,266,240,261,55,31,13,0.65,0.4,0,0,1
621,138,382,36,40,0.83,0.73,554,143,223,39,110,14,0.3,0.4,10,0,0
707,191,306,47,31,0.88,0.85,775,393,21,72,39,12,0.55,0.6,3,1,0
467,23,110,32,69,0.59,0.49,349,154,231,55,73,20,0.45,0.4,0,1,0
487,148,222,41,63,0.21,0.52,160,127,176,80,83,21,0.43,0.9,0,1,1
234,136,174,79,24,0.82,0.63,439,304,13,32,89,10,1.0,0.9,0,0,1
442,147,155,79,77,0.15,0.49,144,161,59,37,88,20,0.54,1.0,2,1,1
715,258,381,36,70,0.52,0.7,946,158,268,35,91,5,0.33,1.0,1,0,1
749,48,237,62,59,0.02,0.34,939,242,212,74,73,0,0.73,0.4,3,0,0
588,59,143,48,27,0.54,0.87,746,173,197,42,99,0,0.56,0.6,10,0,0
270,165,474,31,15,0.55,0.89,110,293,47,37,81,18,0.7,0.4,2,1,1
343,247,324,73,56,0.91,0.53,122,102,249,62,63,0,0.34,0.9,3,1,1
197,123,86,35,74,0.03,0.31,795,494,129,64,81,11,0.37,0.4,0,0,0
174,385,299,76,21,0.64,0.66,229,335,99,64,97,1,0.4,0.4,5,0,0
383,381,441,63,69,0.4,0.94,543,311,203,32,79,18,0.32,0.4,1,0,1
785,299,36,54,24,0.01,0.99,922,191,287,67,92,4,0.91,0.9,10,0,0
155,39,348,80,43,0.28,0.51,699,467,121,71,42,11,0.37,0.8,0,1,0
380,236,212,58,89,0.57,0.66,558,232,292,80,62,21,0.51,0.6,2,0,0
259,311,287,48,17,0.02,0.97,761,367,214,41,4,1,0.5,1.0,0,1,1
147,49,344,53,97,0.55,0.99,670,158,147,54,103,8,0.84,0.4,10,0,0
417,265,303,52,35,0.94,0.43,936,173,110,67,0,22,0.37,0.9,0,0,1
245,70,428,45,15,0.6,0.69,578,412,30,70,4,6,0.63,1.0,0,1,1
158,160,424,44,12,0.68,0.31,199,586,194,33,49,10,0.87,0.9,0,0,1
173,373,396,37,64,0.91,0.63,560,307,108,35,93,10,0.9,0.8,0,0,1
185,397,148,53,20,0.25,0.96,126,125,251,78,102,14,0.52,0.9,0,0,1
525,64,60,33,45,0.79,0.93,702,68,248,46,27,22,0.84,0.8,5,0,0
368,261,289,46,32,0.5,0.35,842,197,261,70,120,22,0.67,0.4,1,1,0
607,387,343,30,60,0.31,0.61,574,539,182,41,26,12,0.33,0.4,2,1,1
424,57,76,54,6,0.73,0.89,346,278,300,62,40,7,0.47,1.0,0,1,1
428,345,358,59,99,0.96,0.95,176,569,132,51,53,12,0.35,0.9,1,1,1
370,53,51,70,120,0.21,0.78,543,490,90,46,64,14,0.68,0.9,1,0,0
229,381,327,39,36,0.96,0.6,415,598,226,53,7,19,0.98,0.4,10,1,0
433,205,106,37,19,0.42,0.71,606,458,250,55,25,10,0.42,0.6,5,1,0
455,213,496,70,80,0.85,0.7,760,69,157,44,42,7,0.96,0.6,2,0,1
771,64,455,58,72,0.14,0.35,940,152,122,44,32,18,0.89,0.6,0,1,1
381,73,34,69,47,0.49,0.48,374,460,288,51,110,6,0.86,0.9,10,0,0
108,193,412,45,115,0.43,0.51,195,483,240,43,86,25,0.95,0.4,5,1,0
696,366,387,67,88,0.23,0.75,403,534,66,49,1,13,0.85,0.4,0,0,1
64,386,191,43,105,0.98,0.96,751,365,293,42,78,11,0.53,1.0,10,1,0
534,292,68,71,29,0.7,0.61,830,204,34,72,64,0,0.71,1.0,3,0,0
590,95,366,55,14,0.09,0.87,677,153,11,62,109,8,0.71,1.0,0,0,1
449,355,405,41,94,0.22,0.57,676,102,232,79,97,24,0.41,0.8,0,0,1
256,333,390,60,32,0.38,0.56,156,418,263,60,51,2,0.53,0.6,0,1,1
376,277,330,73,28,0.23,0.32,907,46,72,68,103,22,0.93,0.6,1,0,1
603,62,243,58,43,1.0,0.47,997,84,107,47,33,8,0.49,0.4,0,1,1
160,71,441,66,119,0.95,0.88,234,563,147,55,118,2,0.88,1.0,0,0,1
189,196,218,80,113,0.32,0.83,317,486,12,32,53,5,0.42,0.4,10,0,0
598,351,313,75,106,0.88,0.37,830,147,278,30,21,15,0.89,0.9,5,0,1
347,58,92,57,33,0.66,0.36,479,64,160,74,44,19,0.72,0.4,1,0,0
569,36,360,49,106,0.69,0.93,780,313,94,33,51,2,0.3,1.0,10,0,1
444,48,208,45,120,0.35,0.33,467,496,36,68,65,2,0.66,0.9,5,0,0
610,339,186,59,46,0.8,0.54,646,460,165,49,71,23,0.61,0.6,0,0,0
505,188,429,33,106,0.06,0.89,260,521,284,62,111,17,0.62,0.9,1,0,0
341,78,120,37,112,0.95,0.32,247,571,191,41,67,4,0.47,1.0,0,1,1
288,335,441,43,95,0.64,0.63,797,164,165,51,76,3,0.64,0.6,10,0,0
292,71,113,32,45,0.14,0.88,253,105,192,75,77,11,0.82,1.0,0,0,0
487,280,119,41,100,0.32,0.46,753,532,252,43,38,1,0.66,0.4,1,1,0
116,33,118,67,31,0.43,0.47,829,532,147,55,14,12,0.66,0.9,0,0,0
140,373,434,44,53,0.53,0.38,383,379,186,44,77,14,0.94,0.6,0,1,0
348,275,314,55,11,0.52,0.39,446,288,82,34,20,5,0.91,0.8,0,0,1
202,357,206,35,104,0.92,0.57,496,558,202,80,42,6,0.61,0.4,1,0,0
713,140,291,34,95,0.74,0.98,582,289,193,47,10,6,0.46,0.6,0,0,1
272,37,148,66,115,0.91,0.8,374,293,198,73,46,20,0.49,1.0,0,0,1
761,23,99,32,33,0.13,0.59,963,407,239,42,71,11,0.63,1.0,3,0,0
154,64,476,44,49,0.33,0.52,953,400,198,40,83,10,0.72,0.9,0,0,0
272,54,160,65,115,0.51,0.45,207,362,254,44,108,22,0.52,0.9,2,0,1
147,371,182,76,9,0.62,0.9,276,348,74,32,27,7,0.37,1.0,0,1,1
621,322,431,75,71,0.9,0.37,839,545,13,53,70,6,0.31,0.9,10,0,0
235,25,294,66,92,0.98,0.4,583,96,145,80,14,15,0.86,0.4,0,0,0
257,156,425,54,1,0.77,0.46,441,567,52,53,114,2,0.49,0.4,3,1,0
550,390,480,45,49,0.14,0.77,298,481,46,38,115,13,0.87,0.8,10,0,0
332,340,311,58,83,0.12,0.58,936,408,284,38,59,24,0.98,0.9,0,0,0
477,355,459,66,110,0.42,0.72,588,358,66,60,44,8,0.72,0.6,2,0,1
517,355,323,34,101,0.22,0.47,282,296,214,32,97,20,0.42,0.6,0,0,1
91,199,67,78,117,0.92,0.45,292,58,72,72,66,20,0.73,0.9,2,1,1
613,160,135,60,47,0.7,0.63,782,375,20,51,40,23,0.43,0.4,0,1,1
121,40,332,79,32,0.5,0.71,920,329,246,46,56,18,0.85,0.8,3,1,0
89,197,86,55,118,0.57,0.62,357,451,100,42,61,4,0.88,0.8,0,0,0
436,249,218,63,15,0.88,0.57,635,140,123,55,113,23,0.69,0.8,5,0,0
777,327,260,41,58,0.17,0.75,524,266,124,36,109,0,0.82,0.4,5,0,0
523,152,33,80,22,0.08,0.46,128,103,242,62,108,16,0.56,0.9,5,0,0
298,73,108,79,10,0.01,0.74,860,591,103,80,11,5,0.39,0.9,2,0,0
252,363,136,56,80,0.88,0.8,877,290,172,66,115,17,0.41,1.0,10,1,0
127,180,194,56,79,0.41,0.74,773,377,103,63,104,14,0.34,0.9,0,0,0
527,29,316,33,47,0.81,0.9,634,293,110,67,55,22,0.81,0.9,3,0,0
540,162,457,47,7,0.27,0.66,149,88,125,45,105,19,0.94,1.0,0,0,1
313,137,230,40,101,0.98,0.72,999,202,181,32,98,15,0.5,0.6,0,1,1
493,301,141,68,64,0.82,0.93,264,224,205,50,120,10,0.34,0.9,1,1,1
315,62,480,60,30,0.06,0.35,458,539,127,80,107,14,0.33,0.9,0,0,1
675,146,51,40,2,0.8,0.4,308,262,127,37,54,12,0.77,0.4,3,0,0
580,293,443,69,37,0.07,0.65,567,170,98,66,101,11,0.83,0.6,3,0,1
764,37,332,53,81,0.09,0.65,770,134,280,55,85,22,0.97,1.0,2,0,1
752,145,87,59,67,0.61,0.87,307,208,39,52,56,5,0.63,0.4,0,1,1
524,259,119,61,0,0.92,0.95,565,92,175,33,105,0,0.67,1.0,0,0,1
223,37,260,31,73,0.28,0.9,562,506,171,38,25,22,0.47,0.6,1,0,0
249,357,392,70,98,0.46,0.63,234,402,116,79,12,20,0.9,0.4,3,0,0
393,249,322,73,71,0.82,0.68,707,533,11,77,48,19,0.67,0.9,3,0,1
400,157,84,32,70,0.42,0.42,633,580,97,64,76,4,0.56,0.8,3,0,0
415,83,301,61,77,0.35,0.78,652,65,91,32,59,4,0.39,0.6,5,0,1
237,25,52,66,8,0.5,0.9,496,339,20,46,51,24,0.78,0.8,0,1,0
98,105,275,53,88,0.16,0.4,579,526,152,33,59,15,0.49,0.9,10,0,0
520,335,263,50,97,0.72,0.39,603,485,136,46,14,13,0.89,0.9,10,1,0
167,97,241,65,3,0.44,0.88,237,559,45,54,99,23,0.48,1.0,0,0,1
685,34,30,56,4,0.56,0.75,534,542,224,41,89,13,0.48,0.8,0,1,1
783,247,312,33,106,0.8,0.75,831,485,246,65,74,14,0.62,0.4,0,1,0
207,382,256,71,55,0.99,0.94,765,567,180,64,59,19,0.53,1.0,0,0,1
382,201,361,53,28,0.17,0.73,834,79,111,65,89,0,0.87,1.0,5,1,1
425,329,448,40,18,0.02,1.0,284,210,75,61,18,1,0.7,0.8,0,1,1
424,309,130,58,106,0.28,0.85,854,411,145,64,10,24,0.68,0.6,0,1,0
398,278,480,68,54,0.63,0.49,122,274,257,34,87,0,0.63,0.6,0,0,1
708,169,255,69,85,0.6,0.92,783,418,276,42,68,25,0.9,1.0,2,0,1
738,168,430,35,44,0.38,0.76,611,61,34,45,28,25,0.92,0.6,3,1,1
675,54,100,32,11,0.06,0.75,449,401,247,69,83,15,0.83,0.6,10,1,0
299,381,133,41,63,0.96,0.83,932,267,114,75,63,15,0.39,0.8,3,1,0
487,102,273,47,6,0.71,0.79,217,530,139,78,3,25,0.74,0.6,10,0,0
162,167,107,48,31,0.52,0.48,208,228,24,34,110,10,0.9,0.8,3,0,0
361,77,471,54,93,0.58,0.6,811,549,290,40,119,11,0.46,0.8,1,1,1
518,320,287,44,68,0.27,0.81,773,470,71,61,35,1,0.46,0.8,3,0,0
425,132,246,59,19,0.56,0.76,335,298,116,56,41,0,0.86,0.6,2,0,1
204,254,155,65,38,0.22,0.83,338,171,205,73,112,4,0.36,0.8,5,1,0
439,358,284,64,108,0.35,0.32,994,221,254,33,42,23,0.92,1.0,0,0,1
650,183,469,64,77,0.28,0.95,361,122,252,49,50,7,0.78,0.9,1,0,1
449,47,219,31,56,0.62,0.68,288,445,50,44,40,23,0.93,0.4,0,0,0
273,301,81,49,13,0.69,0.82,611,503,158,72,114,19,0.6,0.8,0,0,0
648,24,106,70,26,0.61,0.49,925,350,187,47,84,12,0.65,0.8,0,0,0
618,68,31,51,25,0.5,0.38,982,64,69,76,101,9,0.54,0.9,1,0,0
342,391,226,51,70,0.71,0.38,327,358,184,72,53,16,0.62,0.4,0,1,0
768,399,328,77,120,0.98,0.96,996,222,186,76,80,1,0.58,0.6,5,1,1
118,141,189,37,49,0.03,0.5,345,110,162,54,97,21,0.86,0.4,0,1,0
725,329,299,30,102,0.18,0.86,370,537,149,45,77,16,0.5,1.0,2,1,1
317,40,410,33,39,0.84,0.67,275,490,270,63,16,8,0.47,1.0,0,0,1
706,38,77,65,56,0.37,0.47,715,99,225,54,66,2,0.7,1.0,5,0,0
754,387,371,80,15,0.39,0.78,169,243,118,76,68,21,0.94,0.8,0,0,1
397,393,61,70,0,0.04,0.61,606,586,67,50,74,20,0.34,0.9,2,1,0
547,114,255,50,85,0.94,0.94,989,289,267,80,91,7,0.74,0.4,10,1,0
474,125,187,73,6,0.98,0.65,464,521,108,57,26,9,0.52,0.8,0,0,1
705,70,130,79,0,0.31,0.69,417,212,51,68,52,24,0.93,1.0,5,0,0
616,275,271,31,25,0.2,0.39,103,558,113,34,99,13,0.86,0.9,5,0,0
700,190,228,51,76,0.15,0.38,107,575,77,53,5,15,0.83,0.9,0,0,1
570,287,165,34,50,0.51,0.67,492,305,70,57,93,19,0.87,0.9,1,0,0
427,187,85,31,29,0.17,0.69,994,228,226,48,92,9,0.49,0.6,3,1,0
294,121,441,62,31,0.77,0.72,209,562,39,77,105,25,0.8,0.8,0,0,1
67,311,400,63,97,0.06,0.96,570,411,111,54,22,3,0.35,0.9,10,0,0
446,57,204,50,54,0.1,0.87,145,325,90,72,53,13,0.32,0.9,1,0,1
56,161,458,43,34,0.72,0.46,951,566,204,79,26,9,0.99,0.8,3,0,0
143,219,126,79,43,0.94,0.91,888,279,104,46,2,9,0.9,1.0,3,1,1
104,55,295,80,50,0.6,0.85,862,205,210,39,41,15,0.32,0.6,0,0,1
640,356,245,63,4,0.05,0.34,730,599,174,41,23,17,0.43,0.6,2,0,0
331,140,163,69,3,0.58,0.41,544,57,167,38,59,4,0.89,0.4,2,0,1
662,349,293,80,97,0.67,0.83,471,542,31,64,79,24,0.78,0.6,0,0,1
98,221,444,32,49,0.85,0.39,150,546,107,77,16,1,0.88,0.9,3,1,0
94,41,273,39,37,0.3,0.36,813,167,55,36,32,3,0.69,0.6,3,0,0
732,360,40,46,70,0.51,0.74,356,48,110,40,45,3,0.33,0.4,3,1,1
743,240,393,73,107,0.27,0.4,172,132,267,60,65,5,0.94,1.0,1,1,1
157,155,79,57,3,0.85,0.85,335,579,271,44,66,15,0.96,0.8,0,0,0
675,351,192,36,118,0.34,0.63,695,573,208,48,16,22,0.95,0.9,0,0,0
68,344,500,72,53,0.3,0.89,508,380,178,80,100,25,0.76,0.6,1,0,0
419,197,283,76,95,0.88,0.6,644,471,141,75,63,0,0.75,0.4,1,1,1
214,340,495,63,108,0.29,0.65,628,521,54,53,107,7,0.42,0.6,2,0,1
107,277,204,72,0,0.23,0.54,137,270,127,63,120,12,0.45,0.4,0,0,1
231,344,393,67,76,0.6,0.89,668,228,243,30,20,24,0.89,1.0,0,1,1
725,363,273,47,56,0.23,0.64,254,220,161,41,3,1,0.37,1.0,5,0,1
235,386,369,53,118,0.47,0.83,878,214,58,37,90,11,0.89,0.4,5,0,0
240,156,331,71,119,0.35,0.71,749,206,257,43,108,12,0.38,1.0,3,0,1
433,16,424,53,89,0.12,0.85,854,77,293,75,80,22,0.42,0.4,3,1,1
433,396,240,58,102,0.63,0.62,106,311,274,41,100,18,0.68,0.8,1,0,1
695,106,135,79,20,0.53,0.77,596,238,42,41,112,14,0.86,0.4,1,1,1
89,115,226,57,96,0.61,0.56,899,89,53,76,73,22,0.61,0.8,0,0,0
550,206,349,31,81,0.07,0.97,931,54,45,80,82,24,0.4,0.8,2,0,1
55,338,106,45,12,0.15,0.55,166,398,195,48,12,18,0.97,0.9,10,1,0
110,63,459,54,85,0.91,0.61,381,391,122,70,42,1,0.63,1.0,3,0,0
496,184,195,33,108,0.46,0.61,997,184,275,54,7,1,0.96,0.8,0,0,0
541,261,446,71,116,0.68,0.32,786,285,55,79,108,22,0.65,0.8,0,0,1
708,155,326,34,113,0.21,0.8,739,441,194,51,21,25,0.76,1.0,5,0,0
151,215,483,49,49,0.03,0.72,619,340,139,45,17,15,0.6,1.0,2,0,1
609,325,215,65,95,0.75,0.71,309,579,195,44,49,15,0.31,0.4,5,0,1
254,377,144,71,10,0.35,0.97,942,161,298,66,64,14,0.57,0.6,2,1,0
482,173,209,38,109,0.9,0.57,714,403,272,49,20,15,0.37,1.0,0,0,1
378,365,444,49,9,0.04,0.99,927,546,161,32,98,15,0.36,1.0,1,1,1
436,367,467,45,94,0.58,0.99,113,541,263,69,92,23,0.9,0.8,0,0,1
668,86,82,54,107,0.22,0.52,114,539,263,48,69,24,0.55,0.8,0,1,1
432,347,469,46,50,0.19,0.44,876,133,240,41,48,10,0.72,0.9,1,1,1
650,216,82,45,119,0.1,0.59,476,398,249,54,64,12,0.59,0.9,10,1,0
272,323,138,52,62,0.82,0.76,998,95,228,33,9,23,0.78,0.6,1,0,1
300,382,435,44,51,0.99,0.63,872,75,274,54,0,2,0.61,0.9,0,0,1
639,321,66,69,58,0.77,0.6,412,123,33,42,11,21,0.91,0.8,10,0,0
168,332,354,53,79,0.3,0.84,851,439,106,45,61,14,0.64,0.8,1,0,0
742,261,375,61,63,0.39,0.65,308,294,291,43,109,20,0.83,0.8,0,0,1
716,139,253,66,71,1.0,0.97,691,427,194,42,40,6,0.9,0.8,0,1,1
696,235,297,54,68,0.48,0.84,383,574,226,76,51,23,0.39,0.6,1,1,1
135,119,429,64,23,0.98,0.45,189,380,266,77,70,11,0.67,0.6,10,0,0
309,239,268,71,30,0.34,0.8,406,302,271,60,13,16,0.48,0.8,3,1,1
766,338,308,48,37,0.28,0.74,107,53,215,30,66,1,0.74,0.4,0,0,1
183,321,332,47,67,0.56,0.47,105,455,67,40,96,9,0.65,0.6,0,0,1
204,202,65,68,59,0.5,0.49,583,121,102,31,111,20,0.96,1.0,0,0,1
558,205,282,59,119,0.29,0.96,216,361,14,48,69,14,0.8,0.8,0,0,1
271,42,403,79,106,0.96,0.94,384,59,55,33,58,3,0.32,0.8,1,0,1
459,54,93,65,9,0.42,0.73,340,530,108,40,4,12,0.66,0.4,0,0,1
793,25,422,48,69,0.22,0.92,392,291,270,54,34,19,0.93,0.4,2,0,1
424,287,245,74,64,0.8,0.56,731,506,142,39,59,24,0.85,0.9,5,1,0
661,354,249,38,116,0.17,0.41,509,425,128,77,46,3,0.63,0.6,0,0,0
195,202,371,78,3,0.18,0.6,485,319,288,75,63,7,0.86,1.0,5,1,0
157,46,201,44,88,0.58,0.33,221,561,190,38,83,8,0.64,1.0,3,0,0
489,216,353,78,18,0.36,0.69,411,577,230,34,10,8,0.5,0.8,10,1,1
644,62,215,52,49,0.75,0.61,866,479,145,47,80,5,0.52,1.0,0,0,1
348,294,110,32,29,0.66,0.31,624,500,104,58,118,13,0.37,0.6,10,1,0
221,345,227,65,87,0.87,0.81,777,350,80,62,55,16,0.83,1.0,0,0,1
270,103,68,32,48,0.77,0.57,928,218,192,35,35,16,0.79,1.0,2,0,0
506,251,372,56,16,0.35,0.69,945,74,14,33,32,21,0.68,0.8,5,0,1
346,347,163,79,63,0.64,0.82,436,295,143,72,4,24,0.62,1.0,5,0,0
473,361,71,45,39,0.99,0.7,949,465,72,69,32,15,0.5,0.8,0,0,0
239,220,223,74,52,0.43,0.46,923,208,125,64,53,15,0.76,1.0,2,1,0
646,245,157,57,5,0.89,0.35,992,143,200,68,14,15,0.82,0.9,0,1,0
727,227,262,54,104,0.49,0.31,739,377,91,38,42,1,0.3,0.8,0,0,1
483,300,221,66,58,0.11,0.46,774,76,114,62,101,2,0.97,0.8,2,1,1
592,203,219,51,21,0.35,0.74,705,508,133,33,21,14,0.65,0.6,5,0,0
716,137,48,75,77,0.64,0.93,256,435,295,77,34,10,0.68,0.9,5,1,1
642,382,440,61,54,0.68,0.9,932,550,36,36,112,19,0.87,0.4,0,0,1
507,80,344,63,86,0.16,0.51,660,77,131,30,26,0,0.5,0.8,0,1,1
118,248,440,80,103,0.33,0.67,557,71,235,33,33,4,0.63,0.4,0,0,1
685,266,124,61,10,0.76,0.69,386,211,157,78,17,20,0.82,0.9,0,1,1
624,142,180,67,116,0.51,0.52,107,588,122,58,14,7,0.59,1.0,5,1,1
742,231,303,36,75,0.45,0.85,230,517,183,77,22,23,0.9,0.8,2,0,0
685,135,210,73,112,0.3,0.51,888,557,218,32,97,17,0.96,0.4,0,0,0
282,109,102,74,29,0.3,0.41,672,405,261,37,20,9,0.47,0.4,0,0,0
87,190,61,67,63,0.03,0.86,469,73,202,36,106,25,0.45,0.8,2,0,0
128,172,118,55,36,0.36,0.63,220,195,16,33,112,7,0.98,1.0,3,1,1
624,26,69,74,33,0.17,0.39,711,58,187,53,27,13,0.71,0.8,10,1,0
690,279,196,42,46,0.34,0.63,337,282,267,46,108,17,0.93,0.4,2,0,0
224,329,492,52,39,0.07,0.75,558,337,258,78,1,25,0.48,0.9,3,1,0
157,144,161,77,4,0.02,0.41,911,325,186,45,109,10,0.69,0.8,0,0,0
705,46,153,56,39,0.46,0.52,444,366,230,61,20,10,0.34,0.4,0,0,1
524,240,197,64,89,0.07,0.35,307,81,76,30,114,13,0.59,1.0,0,0,1
262,220,169,44,65,0.76,0.77,460,235,68,76,32,9,0.9,0.9,0,1,1
530,152,359,67,14,0.19,0.68,397,518,219,70,9,12,0.61,0.8,0,0,1
133,25,384,43,84,0.33,0.85,366,580,131,58,56,6,0.73,0.8,0,1,1
359,237,36,69,42,0.4,0.87,798,119,272,69,45,2,0.99,0.9,0,0,0
84,245,148,75,87,0.54,0.37,445,296,172,30,112,3,0.94,0.6,2,1,0
255,150,235,63,95,0.96,0.93,469,335,126,50,84,17,0.67,1.0,5,1,1
742,273,357,41,53,0.32,0.7,714,436,222,80,7,4,0.4,0.9,0,1,1
616,241,463,57,38,0.72,0.95,726,534,79,68,84,6,0.51,0.6,5,0,0
328,12,113,61,87,0.23,0.98,990,230,97,69,116,0,0.59,0.8,0,1,0
82,389,134,37,71,0.86,0.59,489,443,294,60,74,11,0.98,0.9,10,0,0
374,12,367,41,24,0.69,0.43,808,212,246,57,56,0,0.91,0.9,0,0,0
601,380,47,67,24,0.89,0.5,885,550,28,67,6,0,0.95,1.0,0,0,0
320,116,201,66,65,0.06,0.99,319,101,29,36,12,4,0.79,0.4,1,0,1
83,325,174,69,27,0.3,0.68,394,403,186,53,60,2,0.53,0.8,0,0,0
218,207,328,62,1,0.77,0.6,740,80,274,36,53,23,0.63,0.8,10,1,0
400,191,208,76,67,0.69,0.31,686,289,254,61,23,25,0.39,0.8,0,0,1
711,338,403,56,76,0.43,0.99,502,531,156,71,99,9,0.52,0.4,0,0,1
167,247,70,70,6,0.31,0.35,493,567,13,41,45,4,0.68,0.6,1,1,0
630,394,233,31,2,0.35,0.87,704,527,155,69,58,12,0.84,0.6,10,0,0
302,390,179,51,27,0.59,0.35,513,57,11,45,110,0,0.84,0.8,10,0,0
425,23,417,49,79,0.27,0.86,662,274,297,40,78,11,0.69,0.8,0,1,1
521,140,291,80,33,0.67,0.46,197,64,33,62,43,2,0.64,1.0,0,1,1
507,359,500,54,117,0.65,0.64,824,462,172,35,98,25,0.99,0.9,0,1,1
152,112,343,74,8,0.43,0.47,788,148,134,40,19,24,0.65,0.6,2,0,0
403,313,295,42,79,0.26,0.96,907,596,275,80,3,20,0.55,0.6,1,0,0
708,161,323,39,95,0.35,0.93,407,434,174,46,52,15,0.88,1.0,10,1,0
110,114,211,64,5,0.7,0.44,843,473,207,31,37,22,0.33,0.9,0,0,0
357,124,328,44,12,0.24,0.98,398,90,235,70,85,18,0.45,0.6,0,0,1
364,345,270,48,17,0.7,0.82,493,483,207,36,23,6,0.39,0.6,10,1,0
65,378,287,74,37,0.61,0.66,955,362,255,47,76,21,0.88,0.4,0,1,0
678,107,378,63,73,0.93,0.45,155,583,136,73,22,17,0.61,0.9,5,1,1
208,185,341,34,78,0.93,0.94,408,523,70,71,51,12,0.38,0.8,1,1,1
267,134,240,50,41,0.12,0.52,319,121,24,65,55,1,0.48,0.6,0,0,1
234,311,259,46,104,0.11,0.95,735,394,95,80,27,23,0.94,0.6,0,0,0
439,127,351,37,19,0.96,0.77,461,327,31,74,93,16,0.41,1.0,0,0,1
327,98,270,55,2,0.66,0.81,994,259,169,76,83,4,0.69,0.8,0,0,0
651,216,194,39,55,0.85,0.98,639,410,213,71,4,7,0.64,0.6,0,0,1
404,306,223,64,8,0.2,1.0,950,584,232,54,92,11,0.62,0.6,2,1,0
379,319,403,76,62,0.55,0.62,519,586,161,32,21,3,0.77,0.8,0,0,1
614,244,378,43,113,0.87,0.52,998,426,233,32,22,11,0.7,0.6,3,1,1
743,100,121,35,2,0.34,0.34,626,270,84,32,118,16,0.79,0.8,0,0,0
205,349,460,64,50,0.67,0.75,332,119,107,51,53,23,0.37,1.0,5,0,1
169,178,294,52,2,0.26,0.3,977,192,200,60,97,15,0.46,1.0,0,0,0
610,49,175,45,93,0.29,0.59,860,338,64,78,45,12,0.62,1.0,0,0,0
180,144,280,40,0,0.91,0.34,843,443,185,76,120,3,0.46,1.0,3,1,0
714,93,80,65,88,0.83,0.31,629,350,228,36,6,2,0.85,1.0,0,0,1
341,383,433,36,64,0.9,0.75,494,232,216,60,30,17,0.36,0.9,1,0,1
525,200,72,78,22,0.15,0.77,914,121,235,73,27,12,0.41,1.0,10,1,0
713,249,363,50,17,0.49,0.75,503,113,115,44,19,18,0.84,1.0,0,0,1
309,258,84,51,63,0.55,0.76,428,92,143,78,45,14,0.78,0.4,5,0,0
179,40,201,69,95,0.86,0.68,601,205,280,32,86,9,0.53,0.9,1,1,1
128,380,263,67,110,0.49,0.97,666,404,241,50,49,12,0.83,0.6,5,0,0
458,250,401,69,59,0.39,0.89,793,61,144,45,83,6,0.97,1.0,2,0,1
275,125,175,34,100,0.11,0.67,929,320,208,32,14,5,0.65,0.9,0,0,0
500,18,285,67,30,0.19,0.68,206,491,120,34,18,12,0.86,0.9,5,0,1
592,149,297,51,113,0.25,0.32,249,363,174,54,85,23,0.58,0.9,5,0,0
678,99,351,79,87,0.69,0.94,876,295,72,31,62,24,0.42,0.6,1,1,1
387,322,93,63,98,0.03,0.69,406,202,161,63,39,4,0.92,0.8,0,1,1
670,159,79,73,68,0.57,0.81,613,136,103,36,115,22,0.32,0.9,2,1,1
88,43,422,35,45,0.0,0.96,229,207,79,67,65,20,0.62,0.6,1,1,0
342,121,313,48,70,0.68,0.32,676,283,295,47,35,16,0.91,1.0,10,0,0
460,210,304,33,78,0.29,0.31,849,456,174,41,45,4,0.72,0.8,5,0,0
322,122,162,72,0,0.35,0.48,917,134,16,30,20,22,0.44,0.8,5,0,0
565,210,387,38,36,0.14,0.83,128,393,252,68,14,1,0.74,0.8,0,0,1
505,316,128,31,35,0.92,0.58,499,389,187,70,12,20,0.63,0.8,5,0,0
550,216,32,61,31,0.38,0.89,246,402,183,71,56,20,0.61,1.0,0,0,0
237,306,384,45,71,0.26,0.51,984,580,279,79,29,14,0.73,1.0,3,0,0
588,147,228,80,83,0.36,0.94,145,243,201,49,54,13,0.87,0.6,0,0,1
331,353,398,58,107,0.96,0.46,872,453,35,60,4,9,0.95,0.6,10,1,0
241,208,222,42,64,0.01,0.86,299,426,17,36,41,22,0.43,0.8,2,1,1
401,55,152,30,82,0.93,0.74,549,532,270,45,52,6,0.7,0.4,0,0,0
355,170,38,77,21,0.02,0.96,165,377,191,52,4,2,0.75,1.0,5,1,1
140,291,78,47,48,0.32,0.88,443,418,127,61,118,9,0.83,0.6,2,1,0
360,386,97,79,87,0.21,0.49,933,314,72,47,32,16,0.78,1.0,10,0,0
246,26,142,66,120,0.29,0.53,541,325,285,37,63,9,0.78,0.6,2,0,0
381,361,89,34,54,0.47,0.62,155,576,298,53,84,11,0.55,0.4,10,1,0
695,190,481,43,63,0.3,0.4,995,280,138,69,50,7,0.97,0.4,0,1,0
602,63,308,62,52,0.95,0.76,656,463,164,65,90,19,0.58,0.6,0,0,1
189,162,456,71,54,0.83,0.74,377,531,108,71,31,14,0.96,0.4,10,1,0
163,376,240,74,93,0.7,0.46,516,137,83,58,95,10,0.81,0.8,10,0,0
697,362,140,69,0,0.19,0.34,831,288,276,43,103,14,0.79,0.8,3,0,0
525,355,479,46,96,0.37,0.3,689,265,106,69,19,7,0.35,0.4,1,0,1
556,148,395,71,18,0.72,0.32,378,315,139,60,53,0,0.93,0.8,10,1,0
296,185,388,60,14,0.23,0.48,899,59,14,30,85,21,0.31,0.4,5,0,1
376,385,162,46,110,0.36,0.58,601,532,183,70,106,21,0.85,0.9,3,1,0
64,359,431,67,28,0.79,0.54,794,506,186,46,16,9,0.71,1.0,10,0,0
468,149,305,30,17,0.73,0.63,808,540,282,50,1,7,0.63,0.4,3,1,0
370,131,300,45,101,0.47,0.52,670,270,294,51,12,15,0.41,1.0,2,1,1
477,270,66,61,111,0.09,0.87,841,585,198,78,22,13,0.77,0.8,1,0,0
101,65,326,68,77,0.11,0.96,176,268,16,34,81,1,0.5,0.8,5,1,1
84,48,228,61,108,0.83,1.0,165,582,151,46,117,0,0.69,0.4,1,0,0
149,331,298,58,24,0.58,0.67,196,545,87,54,60,21,0.37,1.0,0,0,1
729,68,104,65,48,0.1,0.77,603,51,69,52,52,23,0.88,0.4,10,1,0
795,273,328,67,88,0.78,0.95,454,238,290,59,112,23,0.67,0.4,2,1,1
283,275,258,80,61,0.88,0.6,682,267,83,76,68,15,0.45,0.8,5,0,0
414,117,289,75,77,0.35,0.73,261,570,178,63,67,16,0.81,1.0,0,1,1
513,326,263,57,73,0.34,0.83,301,308,198,78,91,2,0.54,1.0,3,0,1
752,15,395,48,106,0.67,0.88,112,256,215,44,29,22,0.84,0.4,10,0,1
178,297,478,68,25,0.43,0.81,276,598,139,58,31,19,0.53,0.9,5,1,1
572,274,77,42,98,0.98,0.79,128,450,97,38,77,22,0.99,0.4,1,0,1
455,258,127,59,44,0.26,0.37,617,580,16,44,91,17,0.79,1.0,0,0,0
423,383,165,51,16,0.43,0.38,665,406,47,72,87,2,0.63,0.4,0,1,0
475,306,420,57,44,0.17,0.64,493,138,37,54,91,8,0.55,0.6,3,0,1
289,357,61,48,56,0.62,0.67,268,434,238,38,42,4,0.8,0.6,2,1,1
528,369,293,45,108,0.86,0.86,622,318,86,38,82,25,0.99,0.6,10,0,0
446,320,114,47,117,0.94,0.69,403,43,261,46,7,19,0.43,0.6,2,0,1
172,252,338,67,69,0.07,0.52,602,109,272,60,4,2,0.49,1.0,0,0,1
642,242,487,64,67,0.38,0.49,336,143,77,76,13,0,0.33,0.9,10,0,1
204,57,386,32,24,0.64,0.39,614,364,79,45,3,17,0.75,0.6,0,0,0
656,178,332,32,33,0.91,0.9,998,518,190,56,23,16,0.32,0.9,0,0,1
323,164,81,65,97,0.94,0.98,144,461,165,68,21,13,0.5,0.9,10,0,0
347,104,66,55,25,0.0,0.95,679,353,71,78,93,4,0.48,0.4,0,0,0
499,220,436,68,61,0.82,0.62,617,502,119,76,58,4,0.62,0.6,1,0,1
462,81,207,60,83,0.18,0.42,111,228,150,71,16,7,0.65,0.9,3,0,1
107,377,438,74,85,0.17,0.98,424,459,253,74,0,5,0.79,0.4,0,0,0
430,66,151,31,3,0.53,0.39,351,211,146,35,77,22,0.36,0.9,3,1,1
317,351,460,39,111,0.03,0.55,926,574,205,49,24,18,0.47,0.4,0,1,0
177,333,59,48,92,0.8,0.53,979,256,19,45,9,19,0.51,0.6,0,0,0
166,144,92,64,69,0.61,0.34,134,50,37,49,107,12,0.5,0.8,0,0,1
338,133,157,54,34,0.94,0.37,769,534,180,36,119,13,0.61,0.9,1,0,0
366,132,258,69,46,0.94,0.92,405,600,293,31,21,19,0.75,0.8,3,0,1
372,346,98,44,7,0.02,0.55,410,577,269,32,37,23,0.96,0.6,1,0,0
797,256,115,66,112,0.59,0.65,301,267,294,50,43,1,0.9,0.6,0,0,1
693,180,187,63,67,0.45,0.93,428,568,44,31,87,8,0.86,0.9,0,0,1
60,60,328,39,61,0.03,0.74,537,153,167,42,107,16,0.93,0.9,1,1,0
465,160,33,34,57,0.32,0.8,372,116,190,53,104,4,0.86,1.0,0,1,0
102,157,321,63,96,0.72,0.74,369,304,185,72,41,19,0.78,0.8,0,0,1
426,313,447,55,29,0.42,0.62,754,555,256,39,78,11,0.89,0.6,10,0,0
260,24,398,39,93,0.35,0.39,574,576,218,72,45,12,0.72,0.6,3,0,0
497,202,321,36,20,0.18,0.63,291,413,213,78,93,15,0.32,1.0,0,1,1
505,242,158,67,46,0.84,0.41,104,335,281,70,75,4,0.55,0.4,0,0,1
165,390,468,75,66,0.29,0.57,904,462,114,68,14,12,0.93,0.4,0,0,0
562,296,207,40,87,0.74,0.35,307,342,144,78,86,3,0.78,0.9,5,0,0
342,385,317,72,82,0.54,0.67,990,226,269,31,6,24,0.45,0.8,0,1,1
544,285,47,79,38,0.17,0.76,360,193,11,69,96,16,0.47,0.8,5,0,0
475,47,342,45,54,0.28,0.92,174,52,29,37,36,25,0.76,0.9,2,0,1
793,206,119,78,83,0.43,0.37,117,51,156,30,14,17,0.47,0.4,10,0,1
798,106,160,75,26,0.08,0.73,231,339,15,60,60,5,0.79,0.9,2,0,1
205,317,329,54,27,0.05,0.66,698,161,85,43,3,5,0.4,0.6,0,0,1
565,254,463,57,19,0.26,0.51,729,196,56,61,44,14,0.31,0.4,2,0,1
371,96,314,41,59,0.66,0.73,472,91,114,61,109,7,0.35,0.8,5,0,1
714,68,218,72,67,0.43,0.75,534,481,218,76,116,23,0.48,1.0,0,1,1
452,375,247,51,110,0.56,0.47,303,484,41,60,12,10,0.83,0.4,0,0,1
517,268,265,62,65,0.7,0.97,162,434,262,41,17,21,0.44,0.4,5,0,1
705,126,181,45,56,0.4,0.92,709,435,291,42,108,24,0.83,0.9,1,1,1
253,40,173,53,11,0.19,0.33,280,253,125,77,74,5,0.32,0.8,0,0,0
420,313,492,31,39,0.5,0.73,342,144,146,71,103,8,0.32,0.9,0,0,1
420,96,43,62,113,0.2,0.35,309,140,69,37,32,11,0.59,0.8,10,0,0
510,390,387,41,100,0.56,0.61,867,206,269,33,117,15,0.95,0.9,10,0,0
435,382,429,64,70,0.4,0.95,941,101,22,30,43,2,0.31,0.4,5,0,1
220,334,488,55,38,0.09,0.87,111,374,243,65,115,2,0.55,1.0,2,0,1
429,102,67,67,10,0.81,0.68,434,511,231,31,117,22,0.69,0.4,5,0,0
208,257,102,34,83,0.53,0.35,434,535,131,47,76,6,0.88,0.4,0,0,0
179,205,348,80,100,0.21,0.53,319,86,42,66,53,25,0.73,1.0,10,1,0
554,304,54,77,13,0.43,0.49,600,427,216,54,4,13,0.45,0.6,1,0,1
492,120,102,33,0,0.83,0.96,405,154,233,51,22,19,0.64,0.8,0,0,0
687,12,171,56,17,0.54,0.89,354,410,76,60,27,4,0.36,0.6,2,0,1
88,310,492,50,110,0.93,0.97,574,137,148,56,118,5,0.8,0.4,2,1,1
607,243,303,75,99,0.29,0.48,714,106,125,56,111,4,0.77,0.8,3,0,1
744,324,352,38,77,0.95,0.72,695,95,170,66,66,21,0.82,0.8,0,0,1
186,76,372,51,65,0.13,0.63,1000,348,253,61,60,6,0.81,0.9,2,0,0
54,195,338,43,66,0.56,0.51,450,310,31,78,25,22,0.9,0.4,1,1,0
655,216,100,55,19,0.5,0.95,150,488,50,32,8,6,0.47,0.9,1,0,1
666,129,101,46,69,0.19,0.76,411,139,45,38,27,16,0.31,0.6,10,1,0
157,30,308,76,29,0.69,0.88,898,552,111,77,97,5,0.79,0.4,3,0,0
90,168,120,58,83,0.61,0.98,198,404,95,33,27,16,0.61,0.4,1,0,1
606,100,193,47,41,0.86,0.63,971,149,294,51,44,23,0.54,0.8,0,0,1
558,120,104,52,97,0.67,0.55,699,486,35,31,96,5,0.64,0.9,3,0,1
83,210,336,61,76,0.17,0.44,217,532,173,60,109,23,0.79,0.8,1,0,0
376,127,206,80,49,0.28,0.42,398,534,216,77,5,19,0.47,0.9,0,1,1
256,392,186,43,1,0.06,0.34,387,492,41,34,65,10,0.42,1.0,2,1,1
173,340,184,74,74,0.54,0.38,109,312,126,50,105,20,0.42,0.4,0,0,1
323,107,40,41,115,0.13,0.62,318,300,134,47,45,18,0.65,0.8,2,0,0
583,111,422,74,38,0.12,0.91,405,467,267,75,113,25,0.53,0.4,5,0,0
354,234,133,54,40,0.57,0.52,365,88,93,46,106,0,0.64,0.8,5,0,1
443,24,471,63,84,0.27,0.68,400,287,42,42,34,22,0.69,0.4,1,0,1
527,100,378,74,43,0.59,0.38,960,587,89,45,36,6,0.74,0.9,5,1,0
194,266,122,36,98,0.29,0.84,400,195,224,77,103,1,0.38,0.8,0,0,0
55,393,344,34,36,0.71,0.79,454,540,45,37,78,11,0.77,0.4,10,0,0
225,160,148,66,90,0.79,0.91,476,88,276,49,99,8,0.66,1.0,2,0,1
467,58,62,67,54,0.48,0.8,339,104,153,68,47,25,0.41,0.9,10,1,0
795,142,133,67,32,0.43,0.38,336,338,95,30,36,21,0.81,0.6,0,0,1
97,305,364,41,43,0.14,0.7,339,489,33,48,19,3,0.42,1.0,2,0,1
179,123,31,45,4,0.98,0.45,920,456,98,32,86,7,0.52,0.9,0,0,0
694,372,337,56,34,0.61,0.67,176,505,96,80,35,25,0.43,0.4,5,0,0
126,149,80,32,104,0.09,0.57,240,436,229,31,57,20,0.32,1.0,2,0,0
553,90,89,79,47,0.67,0.73,763,125,295,48,61,22,0.49,0.9,0,0,1
700,105,401,75,28,0.47,1.0,127,467,15,32,112,14,0.69,0.6,0,0,1
658,135,123,48,44,0.61,0.31,143,339,214,48,58,4,0.33,0.8,1,1,1
775,172,188,45,92,0.93,0.96,343,340,14,30,90,1,0.48,0.9,3,1,1
755,221,39,30,97,0.02,0.54,315,290,44,67,2,19,0.77,0.9,10,0,0
318,394,186,78,66,0.11,0.91,952,223,62,77,98,7,0.58,0.8,10,0,0
248,214,309,56,56,0.98,0.56,172,257,258,42,39,13,0.63,0.9,5,0,1
469,261,235,67,44,0.67,0.38,710,358,113,45,114,7,0.34,0.8,0,0,1
422,79,209,49,89,0.19,0.58,738,83,171,35,94,19,0.88,0.6,5,0,0
773,391,447,68,11,0.53,0.42,711,210,269,31,75,7,0.73,0.9,0,0,1
129,70,192,31,5,0.44,0.34,794,330,39,53,117,16,0.89,0.4,3,1,0
410,377,310,76,13,0.48,0.82,320,451,135,42,35,19,0.67,1.0,0,1,1
620,393,50,45,24,0.47,0.32,414,428,111,63,98,3,0.36,0.4,0,0,0
547,365,430,44,97,0.73,0.33,304,164,227,79,105,25,0.9,0.8,5,1,0
365,124,386,66,11,0.44,0.56,332,474,47,78,117,22,0.83,0.6,2,1,0
715,141,367,74,66,0.1,0.72,768,263,276,42,47,11,0.94,0.9,1,1,1
462,146,249,44,79,0.05,0.36,577,235,29,43,104,8,0.54,0.8,5,0,0
485,294,173,78,66,0.69,0.55,750,466,128,72,48,13,0.93,0.4,1,0,0
259,321,111,66,116,0.83,0.73,271,66,290,77,39,24,0.46,0.4,10,1,0
566,292,133,52,94,0.52,0.45,167,137,165,37,71,23,0.31,0.6,0,1,1
580,384,35,64,108,0.59,0.52,672,407,82,53,112,0,0.54,0.4,10,1,0
270,379,239,30,47,0.84,0.47,931,225,91,44,63,10,0.71,1.0,0,1,0
603,367,207,74,91,0.42,0.63,208,600,29,39,34,17,0.7,1.0,0,0,1
778,106,144,78,18,0.39,0.99,491,220,75,32,89,0,0.67,0.9,10,0,1
206,34,81,37,102,0.75,0.58,601,579,254,48,103,10,0.92,0.8,10,0,0
628,232,260,69,22,0.72,0.38,906,299,146,46,78,9,0.95,0.6,3,1,0
538,298,133,43,12,0.77,0.79,442,170,41,70,91,22,0.41,0.6,1,1,1
523,162,361,68,114,0.03,0.35,255,310,239,67,26,13,0.47,0.8,1,1,1
87,149,185,75,118,0.78,0.49,351,125,246,42,113,18,0.5,0.8,2,1,1
787,164,210,63,50,0.78,0.73,580,582,11,35,97,19,0.82,0.4,10,1,0
364,198,383,45,3,0.73,0.39,536,542,168,36,97,16,0.75,0.4,1,1,0
353,318,88,44,20,0.56,0.38,330,298,41,48,6,7,0.83,0.9,1,0,0
132,395,474,35,44,0.88,0.31,559,483,37,67,8,19,0.52,0.9,10,0,0
729,219,226,41,29,0.8,0.4,708,420,176,71,37,19,0.42,0.4,0,0,0
451,336,201,44,4,0.2,0.32,280,355,95,41,95,1,0.3,1.0,3,1,1
539,241,39,47,13,0.73,0.5,573,113,231,42,95,21,0.77,0.6,10,0,0
451,398,115,53,114,0.32,0.76,584,109,264,52,19,23,0.63,0.4,10,0,0
625,360,418,72,109,0.52,0.31,595,135,16,79,21,4,0.87,0.8,2,1,1
77,112,305,70,81,0.93,0.58,902,102,102,38,73,3,0.95,0.4,5,1,0
142,386,159,66,22,0.66,0.36,157,291,284,78,38,19,0.55,0.6,5,0,0
337,272,383,75,76,0.4,0.86,557,360,139,74,63,20,0.99,0.9,0,0,1
551,112,221,53,100,0.24,0.66,909,76,82,80,14,1,0.86,0.4,0,0,0
240,91,31,54,51,0.75,0.37,275,407,114,56,68,1,0.54,0.9,3,1,0
426,388,281,68,41,0.61,0.43,894,546,87,59,95,5,0.89,0.6,10,1,0
595,27,486,68,119,0.62,0.39,289,205,104,70,29,7,0.92,0.8,2,1,1
227,231,328,46,47,0.98,0.7,566,566,104,40,2,12,0.71,0.6,10,0,0
177,118,306,77,31,0.2,0.64,456,96,265,38,34,19,0.53,1.0,3,1,1
662,262,237,66,93,0.59,0.34,344,411,187,44,61,9,0.43,0.8,0,0,1
704,116,306,42,73,0.75,0.99,673,69,254,42,57,8,0.36,0.8,10,0,1
511,184,329,80,32,0.89,0.53,323,503,201,40,80,2,0.83,1.0,10,0,0
760,49,497,52,110,0.35,0.32,900,210,130,41,13,22,0.77,0.9,0,0,1
591,91,217,61,49,0.3,0.37,402,242,132,80,100,0,0.45,0.6,5,0,0
787,222,221,50,86,0.57,0.5,637,82,254,54,99,22,0.4,0.4,3,0,1
176,341,363,32,39,0.61,0.96,406,187,156,41,80,2,0.56,0.6,1,1,1
407,109,111,40,78,0.57,0.42,636,136,130,80,73,12,0.87,1.0,5,1,0
386,26,486,61,111,0.86,0.59,513,266,76,36,65,13,0.39,0.4,3,0,1
380,329,400,76,7,0.02,0.38,502,304,28,75,9,3,0.75,0.9,3,1,1
71,41,64,47,79,0.44,0.97,983,166,166,62,7,22,0.89,0.9,3,1,0
81,228,77,77,56,0.95,0.91,750,548,257,51,67,16,0.77,0.9,5,1,0
779,140,105,30,100,0.81,0.46,818,338,87,78,62,6,0.82,0.8,5,0,0
169,345,322,74,100,0.2,0.77,755,41,223,40,92,22,0.8,0.9,3,1,1
419,252,459,62,35,0.37,0.52,668,111,159,50,35,2,0.84,1.0,3,1,1
187,356,105,74,81,0.76,0.76,364,270,163,67,39,16,0.33,0.9,0,0,1
194,73,478,60,29,0.15,0.79,902,584,188,51,48,13,0.84,1.0,0,1,0
494,104,428,48,69,0.35,0.7,263,255,104,76,105,3,0.79,0.4,3,0,1
407,306,191,33,56,0.82,0.35,479,557,193,53,30,17,0.84,0.9,10,0,0
189,258,365,62,37,0.89,0.92,974,44,284,32,24,11,0.99,0.8,0,1,1
361,103,378,47,96,0.58,0.61,401,456,131,38,13,13,1.0,0.8,0,0,1
496,34,461,64,42,0.12,0.36,555,294,190,43,90,10,0.88,0.4,0,0,1
732,294,243,71,15,0.0,0.68,105,185,58,63,2,1,0.39,1.0,0,1,1
785,306,482,62,116,0.01,0.44,936,395,246,66,101,23,0.98,0.4,0,0,0
259,336,304,76,106,0.25,0.44,975,574,223,63,18,22,0.58,0.9,10,0,0
553,282,481,66,65,0.61,0.94,561,599,253,58,62,25,0.78,0.6,10,1,0
366,200,80,64,102,0.61,0.4,156,553,188,44,88,3,0.66,0.6,1,0,1
350,93,198,39,33,0.99,0.52,807,584,277,56,2,7,0.59,0.9,0,0,0
160,145,386,41,9,0.91,0.75,764,130,109,74,90,9,0.35,0.8,5,0,0
183,194,348,41,20,0.36,0.48,353,301,187,47,27,4,0.83,0.8,0,0,0
556,112,314,47,65,0.54,0.85,453,156,139,46,0,15,0.3,0.8,0,0,1
677,297,393,68,37,0.56,0.32,997,206,85,30,11,13,0.92,0.9,0,0,1
575,275,482,65,79,0.0,0.56,267,109,109,72,25,14,0.47,0.9,1,0,1
638,356,100,47,105,0.8,0.83,658,307,65,31,11,10,0.73,0.8,0,0,1
225,236,48,48,27,0.92,0.46,698,100,279,39,39,21,0.41,0.9,5,0,0
495,174,258,80,113,0.77,0.55,643,354,288,45,23,6,0.67,0.8,1,0,1
723,273,497,40,89,0.69,0.35,128,179,18,32,63,1,0.56,0.6,10,0,1
671,333,159,43,20,0.19,0.37,354,566,196,45,89,19,0.6,1.0,3,0,0
133,57,135,56,76,0.45,0.96,100,556,204,30,50,15,0.99,0.9,0,1,1
604,385,380,60,76,0.3,0.94,118,403,235,40,108,7,0.92,0.6,0,0,1
681,26,331,78,25,0.35,0.92,690,476,108,58,81,2,0.7,0.8,0,0,1
272,158,266,44,118,0.25,0.9,906,201,182,42,105,21,0.86,1.0,2,0,0
568,279,234,69,59,0.37,0.9,697,543,223,65,53,11,0.88,0.6,5,1,0
754,396,251,46,83,0.46,0.96,611,436,212,56,6,18,0.48,0.6,0,0,1
686,381,488,30,85,0.12,0.48,101,223,26,68,82,15,0.54,0.4,0,1,1
592,233,132,56,1,0.37,0.89,973,303,223,39,77,5,0.94,1.0,0,0,1
688,376,286,60,21,0.21,0.52,685,556,263,50,17,22,0.85,0.6,0,1,0
65,257,52,56,61,0.85,0.54,113,518,280,78,75,13,0.51,0.8,0,1,0
438,109,395,80,55,0.81,0.48,270,157,170,74,73,15,0.76,0.6,10,0,0
186,376,393,58,14,0.13,0.68,326,231,39,42,14,3,0.65,0.6,2,1,1
288,289,41,41,51,0.23,0.4,289,81,238,41,106,1,0.63,0.8,5,0,0
363,12,170,60,73,0.84,0.99,980,559,68,41,80,11,0.35,1.0,10,0,0
453,145,36,41,83,0.97,0.8,302,190,107,30,95,24,0.33,0.4,10,0,0
577,374,324,50,58,0.51,0.51,648,432,79,36,114,2,0.6,1.0,0,0,1
363,122,73,75,42,0.69,0.48,679,40,78,63,54,7,0.71,1.0,10,0,0
442,283,191,30,37,0.18,0.69,761,64,13,31,46,10,0.64,0.9,10,1,0
131,376,200,51,70,0.78,0.78,347,143,41,37,25,9,0.47,0.8,10,1,1
140,188,192,32,67,0.6,0.36,228,482,125,45,95,7,0.6,1.0,0,0,0
513,248,337,47,11,0.7,0.35,617,576,255,67,97,2,0.51,0.8,0,1,0
372,339,69,31,50,0.24,0.66,262,113,177,54,32,17,0.38,1.0,0,0,1
481,382,43,35,100,0.63,0.85,835,256,26,67,55,19,0.76,0.8,5,0,0
427,283,167,70,53,0.47,0.56,419,503,198,49,51,22,0.48,1.0,0,1,1
638,321,59,45,77,0.21,0.61,544,210,220,72,41,18,0.95,1.0,10,0,0
556,183,144,31,73,0.16,0.82,822,468,98,69,87,6,0.48,0.4,5,0,0
317,80,402,66,55,0.45,0.48,658,531,258,59,36,2,0.89,0.9,3,0,0
586,164,429,72,92,0.03,0.92,808,273,201,70,8,24,0.91,0.9,10,1,0
715,395,128,30,105,0.26,0.49,123,482,185,32,116,15,0.99,1.0,2,1,1
696,220,114,44,102,0.7,0.96,472,197,269,56,82,25,0.92,0.8,2,0,1
486,49,371,30,43,0.41,0.61,502,106,249,63,66,1,0.34,1.0,1,0,1
492,314,252,75,69,0.64,0.53,659,325,120,54,64,20,0.87,0.6,0,0,1
448,331,257,63,74,0.55,0.3,252,372,80,35,114,19,0.41,0.9,1,0,1
217,234,273,42,34,0.8,0.38,258,266,174,74,23,7,0.4,0.9,3,1,1
279,361,435,62,54,0.62,0.37,349,183,300,45,35,19,0.52,1.0,0,1,1
84,388,207,33,35,0.22,0.94,216,487,201,59,74,21,0.32,0.6,0,0,0
215,155,433,60,37,0.52,0.31,189,68,16,80,28,25,0.44,0.6,1,0,1
164,98,369,69,63,0.68,0.51,767,457,191,63,47,18,0.64,0.4,2,0,0
65,180,107,76,120,0.25,0.74,630,517,73,36,43,23,0.48,1.0,0,0,0
284,109,241,63,94,0.14,0.84,917,366,131,61,47,3,0.75,0.8,2,0,0
639,376,281,64,25,0.54,0.87,307,322,124,31,47,12,0.92,0.8,3,0,1
755,384,190,52,118,0.12,0.45,208,405,289,75,100,10,0.52,0.9,1,0,1
213,165,494,65,4,0.47,0.72,954,415,219,31,21,2,1.0,0.6,0,0,1
92,33,185,62,56,0.31,0.92,555,266,61,31,47,13,0.34,1.0,0,1,1
169,175,448,51,38,0.81,0.74,796,156,13,30,75,14,0.67,1.0,0,0,1
381,305,354,65,34,0.19,0.54,729,565,182,45,45,5,0.86,0.4,2,0,0
100,316,320,40,72,0.2,0.65,177,591,134,55,29,21,0.94,0.9,10,0,0
349,148,222,50,113,0.37,0.83,866,598,138,35,62,16,0.6,1.0,0,0,1
191,342,435,52,8,0.55,0.8,737,121,155,77,88,0,0.61,0.9,3,1,1
547,252,240,48,68,0.56,0.93,476,522,23,57,38,0,0.32,0.8,10,1,0
675,373,329,37,51,0.9,0.41,425,49,159,56,74,18,0.48,1.0,10,1,1
452,230,112,62,19,0.91,0.5,834,390,103,62,75,15,0.49,0.4,5,1,0
445,296,84,44,28,0.1,0.36,727,578,262,67,68,7,0.38,0.8,5,0,0
679,169,456,65,17,0.17,0.45,609,337,244,79,4,18,0.51,0.6,0,0,1
415,156,36,67,62,0.92,0.79,181,584,108,40,40,2,0.99,0.8,0,1,1
796,349,194,79,64,0.39,0.57,996,256,107,41,78,14,0.98,1.0,0,0,1
338,283,375,80,110,0.72,0.71,399,515,285,49,90,19,0.46,0.6,1,0,1
176,379,425,75,10,0.29,0.32,119,539,159,65,41,15,0.3,0.8,0,1,1
284,40,49,35,82,0.18,0.32,230,251,10,36,45,2,0.3,0.8,0,0,0
497,359,295,53,73,0.86,0.72,688,192,206,79,1,13,0.71,1.0,0,0,1
711,44,368,61,36,0.84,0.88,561,516,103,79,29,15,0.73,0.9,0,1,1
522,168,406,35,88,0.39,0.97,521,73,128,38,27,19,0.53,1.0,5,0,1
201,155,474,74,18,0.39,0.77,201,111,40,43,17,12,0.32,0.8,0,1,1
636,325,277,46,120,0.6,0.82,212,66,11,69,31,10,0.56,0.9,0,1,1
409,129,421,31,25,0.83,0.62,945,567,148,80,5,7,0.78,0.6,10,0,0
529,175,305,50,16,0.46,0.6,799,266,26,37,40,7,0.78,1.0,1,0,1
239,162,78,76,53,0.08,0.83,931,261,58,69,77,1,0.76,0.4,5,1,0
235,230,142,74,99,0.43,0.72,724,309,29,30,69,3,0.63,0.8,0,1,1
134,226,323,53,21,0.71,0.92,233,496,257,51,112,7,0.46,0.9,0,0,1
469,392,493,73,36,0.89,0.54,647,370,231,64,93,3,0.92,1.0,2,0,1
301,233,51,32,47,0.19,0.38,576,377,255,35,76,19,0.82,0.6,5,0,0
727,207,172,79,16,0.42,0.97,975,435,236,43,67,0,0.64,0.9,3,0,1
595,190,478,35,91,0.59,0.47,893,307,216,61,14,24,0.51,0.6,0,0,1
313,28,483,80,61,0.31,0.59,448,300,47,58,31,4,0.43,0.8,2,0,1
85,149,390,47,94,0.03,0.71,645,137,234,57,81,25,0.75,0.6,0,1,0
468,366,357,51,113,0.37,0.43,109,208,214,60,87,1,0.9,0.6,0,0,1
641,184,298,41,2,0.9,0.32,516,168,251,38,20,4,0.53,0.8,3,0,1
572,172,236,41,26,0.93,0.99,995,454,154,57,0,19,0.54,1.0,3,0,1
332,156,231,80,86,0.71,0.76,753,425,285,60,89,16,0.43,0.4,0,1,0
186,70,44,64,80,0.02,0.54,702,409,295,68,96,4,1.0,0.9,3,0,0
144,292,102,57,16,0.11,0.41,903,331,130,39,56,16,0.47,0.4,0,0,0
526,164,414,55,72,0.77,0.42,501,581,187,53,47,11,0.54,0.8,1,1,1
393,239,453,50,13,0.62,0.77,132,592,187,45,76,24,0.83,0.6,1,0,1
646,24,412,52,2,0.15,0.36,690,427,117,31,105,10,0.31,0.6,10,0,0
104,207,264,39,6,0.31,0.34,616,504,35,73,34,22,0.93,0.6,1,0,0
361,257,416,66,10,0.84,0.8,137,375,129,66,39,6,0.99,0.9,10,0,0
780,171,101,78,16,0.62,0.8,670,188,190,44,38,7,0.79,0.4,3,0,1
364,152,317,62,4,0.14,0.75,907,240,51,33,19,15,0.94,0.8,2,0,1
582,321,93,42,39,0.5,0.97,756,216,216,74,105,22,0.39,1.0,5,0,0
720,163,182,44,33,0.5,0.89,550,306,178,68,20,12,0.44,0.9,1,0,1
269,347,68,44,33,0.58,0.44,341,516,173,33,89,21,0.48,0.8,0,1,0
119,205,154,42,41,0.74,0.58,808,543,190,63,76,13,0.9,0.6,1,1,0
515,229,173,57,67,0.99,0.66,354,244,56,34,79,24,0.33,0.8,3,1,1
284,86,498,40,53,0.14,0.75,357,558,293,60,9,22,0.98,0.6,0,0,0
204,365,88,45,107,0.24,0.82,179,48,122,37,49,5,0.84,0.8,2,1,1
440,324,306,76,10,0.91,0.75,555,522,285,52,2,17,0.86,0.8,0,0,1
84,176,92,74,62,0.83,0.33,410,301,103,31,62,24,0.96,1.0,2,0,0
614,16,152,71,88,0.74,0.96,556,488,116,50,64,16,0.35,0.6,2,0,1
195,371,174,60,113,0.7,0.51,816,256,177,49,109,22,0.6,0.8,10,1,0
720,326,475,52,51,0.56,0.48,954,161,152,45,119,0,0.37,0.9,3,1,1
569,144,88,74,86,0.65,0.47,941,182,193,36,119,1,0.51,1.0,2,1,1
364,41,422,40,14,0.82,0.66,435,210,38,64,13,14,0.56,0.4,0,1,1
762,167,246,78,65,0.75,0.49,125,284,286,80,43,11,0.48,0.4,1,0,1
206,71,321,42,73,0.8,0.75,386,119,154,79,89,1,0.95,0.4,1,0,0
744,150,352,57,105,0.51,0.82,264,351,100,31,84,12,0.46,0.6,1,1,1
103,313,36,63,9,0.68,0.42,492,125,165,65,59,22,0.49,0.4,0,1,0
111,106,457,33,16,0.29,0.37,945,350,175,51,90,9,1.0,0.8,0,1,0
241,267,242,39,33,0.24,0.31,371,461,129,55,112,2,0.7,0.9,5,0,0
147,387,407,30,54,0.99,0.97,153,206,122,51,109,15,0.6,0.9,0,0,1
645,164,346,42,33,0.63,0.51,104,386,229,30,114,25,0.62,0.4,1,1,1
81,308,96,37,65,0.16,0.59,861,189,176,68,17,19,0.53,0.6,3,1,0
789,277,73,73,4,0.49,0.93,418,409,78,63,4,4,0.6,0.9,0,0,1
786,206,396,44,30,0.72,0.43,416,561,74,55,105,10,0.7,0.8,0,0,1
577,275,279,58,1,0.14,0.48,455,544,139,70,78,17,0.78,0.9,0,0,0
617,233,462,74,12,0.06,0.97,421,446,298,33,58,4,0.75,0.6,0,0,1
569,59,407,30,6,0.69,0.99,675,522,244,60,38,25,0.42,1.0,2,0,0
535,352,496,44,52,0.47,0.54,573,451,230,42,60,23,0.36,0.8,5,1,1
518,151,421,53,39,0.82,0.56,513,508,106,36,117,23,0.66,0.8,0,0,1
573,212,326,66,50,0.09,0.88,713,51,142,60,29,14,1.0,0.4,1,0,1
211,91,146,65,120,0.8,0.72,701,207,84,51,73,18,0.45,0.8,10,0,0
573,377,256,64,92,0.98,0.9,452,394,104,61,86,4,0.39,1.0,10,0,1
152,188,91,74,106,0.69,0.53,512,534,75,72,36,6,0.93,0.6,10,1,0
756,149,291,55,34,0.92,0.56,456,111,260,74,20,5,0.82,0.9,10,0,0
154,150,349,47,15,0.72,0.63,820,373,242,52,97,18,0.95,1.0,0,0,0
311,205,259,73,81,0.95,0.47,480,146,59,36,119,12,0.77,0.8,5,1,1
603,132,183,55,119,0.08,0.42,886,91,265,46,103,10,0.93,0.6,0,0,0
152,370,477,44,118,0.23,0.55,586,588,218,63,91,16,0.94,1.0,10,0,0
721,32,438,51,113,0.67,0.72,635,497,262,70,110,18,0.96,1.0,1,0,1
124,69,481,39,41,0.7,0.53,987,136,236,73,28,15,0.59,0.6,1,0,0
443,221,267,67,66,0.43,0.49,987,518,225,31,67,0,0.36,1.0,1,0,1
748,197,175,64,103,0.57,0.51,844,324,240,73,44,0,0.81,0.4,10,1,0
315,187,372,31,21,0.49,0.41,387,415,298,33,91,12,0.39,1.0,2,0,1
154,84,359,51,106,0.13,0.69,841,332,179,56,43,16,0.52,0.4,0,0,0
276,170,329,42,5,0.27,0.3,325,54,261,57,82,17,0.82,0.8,5,0,0
82,87,189,42,104,0.04,0.66,358,222,136,59,47,15,0.83,0.8,10,0,0
530,109,318,31,30,0.04,0.43,472,177,204,67,1,5,0.32,0.4,5,0,0
763,68,363,63,55,0.14,0.95,235,422,104,42,79,21,0.61,0.6,0,0,1
518,132,60,80,96,0.4,0.39,579,104,214,42,75,15,0.68,0.4,3,0,0
398,283,241,43,114,0.42,0.49,817,218,47,34,116,19,0.56,1.0,2,1,1
625,40,489,65,17,0.03,0.53,491,350,173,64,91,23,0.42,0.9,5,0,1
677,383,84,62,36,0.08,0.82,223,382,292,64,77,17,0.95,0.4,0,0,0
390,399,135,34,85,0.15,0.83,521,336,225,49,28,6,0.62,0.4,0,1,0
343,361,154,30,15,0.21,0.31,173,520,62,41,94,16,0.9,0.6,10,0,0
537,50,268,61,2,0.86,0.72,166,560,40,73,73,21,0.96,0.6,0,0,1
387,175,220,62,98,0.03,0.58,535,138,187,67,30,0,0.65,0.4,1,0,0
204,186,242,56,78,0.97,0.72,881,376,239,41,87,3,0.99,1.0,0,0,0
600,370,203,46,21,0.94,0.63,433,566,250,75,36,4,0.42,0.6,1,0,0
223,73,247,74,18,0.57,0.92,883,537,45,61,110,6,0.89,0.9,1,1,0
296,32,419,50,93,0.98,0.91,687,125,108,51,11,16,0.61,0.8,5,0,1
791,176,245,40,118,0.9,0.35,506,338,199,41,67,9,0.64,0.6,1,0,1
533,226,183,59,71,0.73,0.57,113,440,191,32,26,16,0.45,0.8,10,0,1
102,165,385,34,31,0.93,0.56,218,246,227,63,53,10,0.59,0.8,1,0,0
481,22,416,69,98,0.26,0.49,889,560,179,38,28,15,0.89,1.0,5,1,0
766,292,272,53,35,0.76,0.84,856,318,160,74,107,1,0.46,1.0,0,1,1
421,87,364,53,91,0.14,0.83,282,121,292,39,1,0,0.55,0.8,10,0,1
724,66,340,43,11,0.75,0.52,298,524,142,74,61,11,0.45,0.8,0,0,1
503,330,274,61,30,0.68,0.75,806,557,14,69,68,7,0.55,0.9,1,0,1
651,334,268,37,40,0.21,0.31,832,349,287,75,62,14,0.61,0.4,1,0,0
772,265,350,67,110,0.32,0.63,650,90,279,71,28,5,0.99,1.0,3,1,1
707,116,477,70,63,0.92,0.98,893,411,165,53,52,13,0.82,0.4,0,0,1
579,112,237,60,6,0.95,0.37,304,107,134,32,29,24,0.88,0.9,10,0,0
237,259,452,48,53,0.29,0.97,622,586,117,35,111,3,0.3,1.0,2,0,1
524,383,65,52,34,0.33,0.37,488,42,120,67,25,9,0.69,0.9,2,1,1
208,161,474,71,87,0.42,0.38,156,230,31,44,18,21,0.4,0.9,0,0,1
463,399,177,47,42,0.0,0.64,860,46,148,69,34,22,0.41,0.9,10,0,0
690,289,176,30,40,0.95,0.66,188,415,168,32,61,0,0.64,0.4,0,0,1
252,204,420,73,7,0.48,0.89,765,58,160,52,18,14,0.34,0.8,5,1,1
723,99,41,50,120,0.28,0.68,397,429,48,40,83,23,0.99,0.4,3,0,0
510,260,91,53,111,0.39,0.48,833,103,97,48,84,17,0.72,0.9,0,0,1
522,379,421,59,103,0.09,0.75,803,529,150,43,23,4,0.85,0.9,2,1,1
186,40,150,47,30,0.24,0.43,593,332,292,33,52,15,1.0,0.8,0,0,0
564,276,219,64,84,0.88,0.98,860,561,50,60,15,22,0.83,0.8,0,0,1
438,110,255,57,37,0.89,0.41,207,187,43,38,70,19,0.84,0.4,10,1,0
614,327,97,61,68,0.87,0.86,427,453,120,68,68,21,0.82,0.8,2,1,0
649,181,149,45,45,0.68,0.78,898,382,215,55,8,8,0.65,0.9,2,0,1
571,26,385,31,55,0.81,0.78,602,49,118,49,85,1,0.83,0.6,2,0,1
697,240,481,80,117,0.85,0.89,557,582,133,48,77,25,0.39,0.6,2,0,1
522,170,431,30,108,0.61,0.99,259,525,250,47,27,22,0.97,0.4,10,1,0
164,277,60,61,92,0.58,0.49,239,73,59,52,84,9,0.5,0.6,0,1,1
498,59,454,34,9,0.59,0.86,378,416,183,78,88,15,0.5,0.4,2,0,0
51,320,259,58,62,0.4,0.46,632,428,200,71,20,3,0.71,0.6,0,1,0
627,280,53,79,58,0.77,0.41,879,425,194,54,94,8,0.99,0.6,10,1,0
216,287,199,50,120,0.59,0.51,398,570,95,32,108,9,0.91,0.8,1,0,1
585,265,409,79,12,0.08,0.92,658,451,270,73,22,1,0.8,0.6,5,0,0
549,377,51,64,96,0.14,0.78,844,304,275,50,5,23,0.97,1.0,2,1,0
129,27,155,52,100,0.99,0.66,940,415,107,79,58,3,0.58,0.9,10,0,0
571,382,216,50,34,0.76,0.96,721,480,233,40,55,16,0.31,0.6,0,0,1
754,179,324,77,101,0.37,0.65,111,563,293,51,71,23,0.35,1.0,0,0,1
544,271,413,30,17,0.74,0.49,987,131,92,54,46,1,0.72,0.4,0,0,0
394,146,184,41,86,0.94,0.68,444,134,151,51,96,6,0.79,1.0,5,0,0
621,297,117,65,88,0.82,1.0,284,108,230,58,103,0,0.74,0.4,2,0,1
75,209,434,77,31,0.99,0.93,859,161,71,70,67,1,0.62,0.8,0,0,1
202,54,213,55,37,0.35,0.8,678,398,199,77,3,16,0.71,0.8,0,0,0
118,166,211,63,19,0.28,0.67,522,322,121,71,25,23,0.9,0.9,5,0,0
527,128,41,40,18,0.52,0.66,181,398,125,64,111,3,0.61,1.0,2,1,0
525,94,288,30,115,0.08,0.32,459,107,137,60,60,3,0.81,0.8,1,1,0
548,23,93,46,37,0.26,0.38,276,472,250,68,3,6,0.55,0.9,0,0,0
757,370,129,37,31,0.93,0.69,903,489,175,36,80,21,0.54,0.9,1,1,0
222,83,47,79,46,0.8,0.5,857,144,110,33,64,0,0.9,0.4,3,0,0
338,274,199,33,25,0.76,0.96,953,46,129,76,112,16,0.91,1.0,0,1,1
278,108,176,33,108,0.14,0.82,757,575,178,36,103,6,0.69,0.4,0,0,0
201,136,475,43,81,0.29,0.63,222,288,218,70,24,3,0.81,0.8,0,1,1
671,155,486,68,18,0.21,0.77,780,55,284,36,103,5,0.84,0.6,2,0,1
478,77,300,37,55,0.91,0.52,266,341,285,69,45,18,0.91,0.6,0,1,1
298,395,78,66,15,0.42,0.33,394,320,264,79,100,9,0.77,1.0,10,1,0
796,365,174,66,68,0.97,0.46,177,486,281,61,48,7,0.92,0.8,0,0,1
186,322,442,41,82,0.65,0.67,273,530,47,42,35,18,0.88,0.8,0,0,1
64,381,309,39,6,0.83,0.99,168,305,239,64,62,18,0.96,1.0,0,1,1
91,349,34,35,6,0.2,0.63,273,570,26,56,74,11,0.57,0.8,5,0,0
106,305,292,58,17,0.73,0.35,855,298,138,69,82,5,0.92,0.6,10,0,0
688,349,110,34,36,0.79,0.84,189,483,36,73,1,21,0.47,0.4,5,0,0
455,28,301,49,5,0.84,0.49,288,595,184,47,40,11,0.93,0.8,0,0,1
655,187,239,60,71,0.42,0.81,518,140,105,38,62,10,0.54,0.8,2,0,1
615,24,306,50,85,0.99,0.34,534,364,278,72,87,23,0.39,0.4,0,1,0
512,367,433,43,107,0.02,0.77,999,515,91,64,62,9,0.5,0.9,0,1,1
633,323,329,31,102,0.96,0.35,305,58,203,62,13,25,0.77,0.4,5,0,0
694,367,372,52,3,0.18,0.47,931,367,270,46,89,15,0.78,0.8,10,0,0
76,157,271,39,70,0.44,0.57,806,506,181,57,82,2,0.92,1.0,1,0,0
616,329,314,74,24,0.15,0.65,386,537,132,61,1,24,0.39,0.6,3,0,1
427,279,482,61,40,0.11,0.91,245,189,193,58,58,19,0.46,0.9,3,1,1
162,127,456,46,54,0.12,0.69,952,323,238,46,82,1,0.95,0.8,1,1,0
255,354,449,37,12,0.91,0.71,577,349,216,58,111,20,1.0,0.9,1,0,0
513,272,235,64,10,0.05,0.32,452,489,155,54,40,15,0.3,0.6,2,1,1
517,247,218,60,91,0.33,0.38,605,176,18,64,3,6,0.69,0.4,2,0,0
235,36,242,72,116,0.29,0.78,645,364,249,43,56,8,0.99,0.9,5,0,0
84,164,320,54,100,0.39,0.86,628,52,208,71,72,3,0.36,0.9,0,0,1
299,233,171,71,57,0.06,0.68,826,157,158,66,56,16,0.48,0.9,3,0,0
766,163,408,49,59,0.21,0.96,175,100,234,79,120,0,0.96,1.0,0,0,1
752,96,326,42,9,0.77,0.47,851,483,206,68,75,25,0.61,0.6,0,0,0
167,297,41,64,20,0.25,0.51,270,355,271,76,113,21,0.77,0.4,0,0,0
675,45,222,45,41,0.11,0.52,889,288,206,51,1,14,0.38,0.8,5,0,0
131,253,281,64,19,0.3,0.96,543,543,236,41,96,25,0.74,0.9,2,0,0
121,129,332,39,17,0.25,0.6,419,559,184,77,78,5,0.83,0.9,3,0,0
637,179,70,62,105,0.5,0.83,449,148,118,44,44,24,0.9,1.0,0,0,1
67,260,309,47,59,0.08,0.39,753,240,274,38,108,25,0.75,0.6,3,0,0
673,43,73,32,66,0.62,0.82,630,62,254,80,17,17,0.75,0.8,10,0,0
579,228,203,69,111,0.45,0.49,955,290,43,33,89,14,0.93,0.8,5,0,0
613,352,59,74,7,0.71,0.54,701,258,41,59,88,1,0.94,0.8,5,0,0
232,285,387,72,67,0.68,0.59,339,509,70,79,38,23,0.95,1.0,0,0,1
497,340,144,38,117,0.07,0.82,611,156,16,53,95,6,0.89,0.9,10,0,0
715,90,43,54,26,0.56,0.79,432,276,216,62,2,18,0.64,0.4,10,0,0
113,104,440,42,80,0.06,0.47,896,538,46,38,21,1,0.84,0.4,2,1,0
270,216,279,62,57,0.24,0.59,210,416,126,56,83,20,0.41,0.6,10,0,0
123,109,477,63,107,0.65,0.78,395,221,279,39,109,4,0.84,0.6,1,1,1
496,323,330,39,68,0.5,0.36,843,174,15,46,115,20,0.71,0.9,5,0,0
326,123,270,57,119,0.68,0.42,547,187,228,59,50,17,0.44,0.4,5,0,0
686,315,77,70,23,0.96,0.43,314,94,108,64,23,25,0.64,0.4,3,1,0
709,394,172,47,80,0.81,0.69,692,548,48,30,112,9,0.85,0.8,0,1,1
485,175,90,57,25,0.17,0.65,612,63,136,47,27,25,0.74,0.8,0,0,1
782,111,469,80,44,1.0,0.92,150,449,283,48,51,17,0.96,1.0,0,0,1
249,306,500,59,48,0.28,0.71,722,246,206,78,53,18,0.5,0.8,1,1,1
435,261,476,60,14,0.81,0.32,631,596,279,32,69,13,0.48,1.0,5,0,0
753,345,96,70,42,0.12,0.51,755,306,107,56,107,24,0.4,0.4,5,1,0
326,283,173,34,1,0.32,0.44,922,580,236,43,17,12,0.49,0.9,0,0,0
793,44,171,30,39,0.88,0.46,903,485,116,71,25,4,0.42,0.8,10,0,0
453,33,161,80,11,0.91,0.72,464,463,282,40,9,25,0.43,0.4,10,0,0
427,103,194,67,3,0.45,0.71,432,417,197,64,54,17,0.62,0.4,2,0,0
340,231,348,43,81,0.97,0.88,462,73,111,34,78,21,0.98,1.0,0,1,1
292,214,164,68,25,0.37,0.43,252,61,136,77,42,13,0.6,0.9,10,1,0
237,399,273,78,38,0.26,0.56,773,274,133,56,17,13,0.65,1.0,2,0,1
611,256,409,76,67,0.04,0.69,833,397,161,44,13,18,0.6,0.8,2,1,1
662,202,94,47,14,0.92,0.78,352,260,153,53,29,25,0.51,1.0,1,1,1
387,295,86,37,69,0.28,0.39,299,382,228,52,115,6,0.52,0.6,2,1,0
145,263,160,52,28,0.04,0.58,901,207,50,61,34,0,0.41,0.8,5,0,0
755,105,203,68,101,0.7,0.41,583,556,248,65,54,5,0.89,1.0,0,1,1
791,303,62,45,64,0.57,0.69,581,418,208,35,87,7,0.96,0.9,0,0,1
522,338,396,80,111,0.67,0.85,256,147,87,50,12,18,0.56,0.9,10,0,1
463,276,313,39,45,0.05,0.69,912,364,118,30,69,20,0.75,0.4,0,0,0
86,68,173,60,61,0.21,0.9,393,421,234,57,68,15,0.89,0.9,0,0,0
411,225,371,46,3,0.82,0.41,996,422,231,45,93,23,0.88,0.4,5,0,0
355,242,270,35,0,0.02,0.95,478,505,22,33,101,18,0.65,0.8,0,0,1
78,293,200,59,46,0.58,0.72,202,486,61,56,85,24,0.95,0.9,2,0,0
373,247,443,70,100,0.65,0.81,440,262,277,36,118,7,0.85,0.8,0,0,1
248,345,363,48,64,0.45,0.96,749,288,47,49,56,15,0.64,0.6,2,1,1
315,151,208,41,115,0.93,0.72,843,96,185,59,110,8,0.54,0.8,10,0,0
749,32,328,59,70,0.13,0.7,941,381,181,61,99,22,0.56,0.4,5,0,0
235,219,190,76,86,0.83,0.56,313,538,61,36,107,3,0.32,1.0,3,0,1
753,162,121,63,106,0.24,0.5,667,231,241,57,15,21,0.65,1.0,0,0,1
581,308,223,36,41,0.03,0.37,463,307,31,79,12,18,0.61,0.6,3,1,0
532,103,454,30,55,0.17,0.4,376,369,154,46,17,0,0.37,1.0,2,0,1
93,375,60,67,107,0.65,0.83,487,226,243,59,115,16,0.83,0.6,0,1,0
780,93,328,67,58,0.6,0.86,264,573,12,47,81,16,0.73,0.4,0,0,1
338,54,400,69,41,0.13,0.63,800,388,272,69,50,14,0.89,0.9,1,0,0
171,267,465,75,61,0.1,0.46,418,537,232,46,106,17,0.9,0.4,2,1,0
413,211,64,72,89,0.1,0.35,946,592,53,79,39,22,0.7,0.9,10,0,0
405,173,298,34,45,0.24,0.4,461,471,78,40,69,14,0.32,1.0,5,1,0
90,30,51,59,46,0.2,0.83,894,176,239,45,64,0,0.83,0.8,1,0,0
544,323,56,53,109,0.98,0.36,751,237,124,72,54,18,1.0,0.9,0,0,0
581,57,114,32,4,0.64,0.42,900,473,36,32,56,13,0.66,0.9,2,1,0
204,230,305,56,10,0.07,0.68,733,322,44,53,19,16,0.68,0.8,1,0,0
210,381,293,75,95,0.64,0.87,354,569,55,67,95,21,0.92,0.9,1,1,1
367,171,373,40,78,0.43,0.37,468,184,290,74,101,3,0.53,0.6,10,0,0
190,361,59,80,94,0.69,0.45,846,377,139,43,18,19,0.7,0.4,10,0,0
481,340,419,59,70,0.08,0.84,766,436,176,32,25,15,0.91,0.8,10,0,0
613,32,180,50,42,0.81,0.87,756,591,10,70,59,21,0.77,0.4,0,0,0
263,326,51,43,54,0.33,0.61,532,119,24,47,34,25,0.92,0.6,3,0,0
371,73,428,37,42,0.73,0.97,848,54,197,43,111,2,0.8,1.0,0,0,1
567,47,232,52,84,0.16,0.66,271,442,145,39,56,19,0.67,0.9,3,0,1
607,274,417,76,113,0.6,0.51,238,265,50,31,11,25,0.78,0.4,5,0,1
601,272,79,40,39,0.39,0.61,208,372,204,48,70,9,0.31,1.0,0,1,1
716,207,454,52,40,0.61,0.6,912,152,196,45,56,12,0.48,0.9,1,1,1
500,212,423,31,8,0.65,0.69,948,267,89,31,76,18,0.97,1.0,5,0,0
616,127,106,76,23,0.53,0.76,545,359,280,70,105,0,0.96,0.6,0,1,0
289,208,222,36,96,0.29,0.48,182,447,17,49,75,11,0.49,0.9,1,0,1
221,26,241,59,114,0.01,0.73,392,44,14,55,120,17,0.9,0.4,0,0,1
563,320,175,62,60,0.28,0.97,994,538,213,79,116,3,0.68,0.9,1,0,0
184,66,274,67,100,0.61,0.93,606,319,291,39,53,21,0.76,0.8,0,0,1
579,30,202,56,27,0.63,0.86,552,166,142,79,83,9,0.74,1.0,5,0,0
180,213,367,55,117,0.41,0.79,283,100,296,75,43,20,0.91,0.4,0,1,1
739,316,85,52,24,0.35,0.76,925,252,271,48,69,12,0.78,0.8,2,0,0
344,172,205,33,66,0.99,0.75,736,346,256,60,91,23,0.61,0.4,10,0,0
660,124,478,56,44,0.93,0.66,194,274,12,73,62,6,0.31,0.4,0,0,1
301,32,220,31,43,0.46,0.72,759,79,97,75,70,8,0.4,0.6,0,0,1
279,192,387,63,67,0.34,0.45,221,117,171,73,76,5,0.89,1.0,2,0,1
678,74,460,38,54,0.79,0.74,340,524,22,49,102,11,0.35,0.9,2,0,1
193,38,141,68,61,0.93,0.85,839,267,197,58,52,0,0.53,0.8,2,0,0
517,343,159,71,117,0.45,0.93,239,245,250,64,14,24,0.77,0.8,10,0,0
654,16,173,77,30,0.55,0.86,556,70,80,33,73,1,0.46,0.9,0,1,1
564,47,48,48,84,0.8,0.56,808,144,299,33,16,5,0.33,0.8,0,0,1
434,198,282,55,48,0.26,0.86,396,81,18,48,97,8,0.49,1.0,1,0,1
470,115,37,73,13,0.07,0.37,292,211,173,60,14,19,0.77,1.0,0,1,0
468,340,98,70,53,0.29,0.51,911,567,69,31,57,5,0.96,0.9,0,1,1
534,30,188,65,71,0.26,0.68,439,93,32,30,91,5,0.7,0.4,0,0,1
429,52,89,41,14,0.81,0.84,626,533,162,56,41,21,0.46,0.6,0,0,0
648,220,130,72,7,0.29,0.5,626,412,281,76,40,7,0.31,0.9,1,0,1
522,83,42,68,90,0.32,0.63,329,314,148,48,117,25,0.94,0.9,0,0,1
547,79,466,41,102,0.92,0.57,976,551,83,40,44,18,0.78,1.0,1,0,1
217,298,465,30,96,0.63,0.4,289,126,101,63,67,5,0.79,0.6,10,0,0
644,76,371,73,85,0.1,0.99,738,102,235,64,30,13,0.67,0.8,5,0,1
761,328,255,60,88,0.99,0.84,815,222,125,37,14,13,0.4,0.8,2,0,1
654,122,47,69,64,0.37,0.49,292,303,87,62,108,7,0.65,1.0,0,1,1
708,378,410,40,61,0.32,0.39,576,284,81,31,95,9,0.86,0.9,1,0,1
492,176,38,71,83,0.15,0.75,127,289,193,77,46,14,0.7,0.4,2,1,0
355,207,354,37,63,0.16,0.31,512,165,26,56,30,13,0.64,0.8,2,1,0
79,205,385,58,23,0.91,0.32,345,46,260,74,6,24,0.33,0.4,1,0,1
272,100,417,57,79,0.4,0.73,479,364,185,37,73,22,0.39,0.9,0,0,1
570,279,295,51,88,0.5,0.92,870,340,130,60,64,23,0.71,0.6,3,0,0
796,303,81,33,49,0.37,0.76,792,403,235,33,41,25,0.58,0.4,10,0,0
349,134,43,37,97,0.65,0.99,721,139,235,79,45,12,0.51,1.0,3,1,0
641,239,227,65,120,0.17,0.48,697,187,71,71,69,1,0.44,1.0,0,0,1
579,317,388,71,23,0.46,0.74,964,165,98,34,57,17,0.62,0.8,10,0,0
510,144,288,51,43,0.99,0.63,191,473,245,54,63,0,0.52,0.6,2,0,1
192,177,381,77,6,0.11,0.96,903,215,36,35,25,17,0.82,0.9,0,0,1
625,100,123,76,13,0.12,0.46,945,567,272,64,88,12,0.63,0.9,0,0,0
757,51,446,41,25,0.81,0.98,654,91,180,55,60,11,0.37,0.6,1,0,1
644,171,117,61,24,0.28,0.84,314,301,76,39,12,5,0.88,1.0,0,0,1
591,313,399,72,41,0.05,0.9,256,506,220,43,42,11,0.62,0.6,0,0,1
743,327,186,59,77,0.55,0.82,507,378,102,32,95,0,0.59,1.0,0,0,1
464,285,96,66,45,0.86,0.72,837,280,122,69,25,24,0.58,1.0,1,0,1
201,96,138,30,101,0.2,0.99,981,67,192,64,26,18,0.35,0.4,1,0,0
466,359,384,44,19,0.53,0.79,759,525,204,45,76,7,0.77,1.0,5,0,0
358,207,402,60,75,0.66,0.77,745,40,22,61,114,14,0.46,0.6,2,1,1
424,155,336,67,114,0.18,0.6,358,529,53,56,18,0,0.53,0.8,0,0,1
375,67,393,51,40,0.2,0.47,393,248,26,51,23,17,0.41,1.0,2,0,1
623,239,164,74,75,0.74,0.53,804,509,202,62,3,11,0.68,0.6,1,0,0
415,279,265,45,97,0.59,0.39,385,438,75,54,54,21,0.91,0.4,0,0,0
556,324,57,64,98,0.38,0.52,197,592,271,73,41,7,0.61,0.6,3,1,0
347,209,125,46,43,0.83,0.9,119,139,172,59,79,18,0.31,0.6,5,0,1
629,51,242,67,23,0.66,0.42,200,191,75,77,46,21,0.49,0.6,0,0,1
676,135,189,43,120,0.43,0.85,831,199,266,64,91,23,0.41,0.4,2,0,0
536,50,302,77,43,0.31,0.53,397,286,206,60,78,7,0.52,0.6,2,0,1
79,160,387,73,31,0.19,0.54,316,576,250,69,90,18,0.42,0.6,1,1,0
758,221,49,63,64,0.73,0.67,326,215,239,48,27,6,0.97,0.6,3,0,1
558,345,439,50,2,0.07,0.59,522,174,78,63,16,5,0.56,0.6,1,1,1
338,241,338,80,109,0.25,0.34,210,408,211,72,38,23,0.67,0.8,1,0,1
395,258,454,66,101,0.57,0.88,227,182,223,78,102,6,0.54,0.9,0,0,1
709,338,172,40,117,0.62,0.91,219,401,262,56,36,25,0.33,0.6,1,0,1
650,61,401,65,71,0.13,0.68,110,476,215,55,41,19,0.84,0.6,0,1,1
704,31,430,61,107,0.94,0.83,592,116,145,78,104,16,0.33,1.0,0,0,1
218,253,285,78,27,0.64,0.45,761,155,51,68,77,21,0.7,1.0,5,0,0
150,337,412,76,56,0.27,0.46,649,44,151,71,102,6,0.4,0.6,0,0,1
758,264,202,73,65,0.25,0.62,972,281,247,40,41,11,0.41,0.8,3,0,1
434,275,170,45,64,0.49,0.44,765,361,58,47,50,6,0.31,0.8,0,0,1
411,18,320,57,78,0.06,0.5,454,507,201,43,20,11,0.94,0.8,1,1,1
368,53,416,76,6,0.61,0.32,917,570,291,73,63,19,0.51,0.4,5,0,0
777,195,68,60,103,0.75,0.89,301,341,56,77,53,13,0.42,0.9,3,1,1
697,285,326,41,36,0.65,0.32,486,240,228,38,39,17,0.65,1.0,10,0,0
125,67,333,36,27,0.41,0.6,233,471,96,33,7,4,0.4,0.4,2,0,1
265,330,78,48,11,0.77,0.57,936,429,181,54,81,25,0.86,0.9,2,1,0
528,392,173,41,43,0.41,0.36,219,474,129,79,28,9,0.38,0.9,10,1,0
541,234,231,39,34,0.79,0.89,237,296,82,32,84,11,0.64,0.8,0,0,1
91,89,265,63,105,0.59,0.89,813,142,83,45,11,11,0.63,0.8,0,0,1
601,75,218,32,41,0.42,0.58,963,412,264,53,11,19,0.49,0.4,5,0,0
544,197,271,59,35,0.98,0.79,243,495,298,55,46,0,0.66,0.8,3,0,1
90,85,354,50,36,0.79,0.62,814,544,197,35,42,15,0.4,1.0,5,0,0
632,77,432,80,63,0.55,0.53,723,272,21,44,98,16,0.57,0.4,1,0,1
626,341,84,63,61,0.51,0.97,887,586,47,32,57,15,0.35,0.6,10,0,0
438,241,138,37,48,0.72,0.78,683,432,252,31,44,10,0.87,0.4,3,0,0
791,223,123,42,95,0.99,0.95,914,489,199,78,34,12,0.63,0.4,1,0,0
286,347,296,66,41,0.45,0.7,436,245,53,47,93,22,0.42,0.8,0,1,1
57,27,486,78,102,0.55,0.8,826,547,16,42,66,21,0.45,0.8,0,1,1
498,187,498,44,15,0.45,0.66,980,262,75,54,97,3,0.36,0.4,0,0,1
87,66,474,70,16,0.13,0.65,108,173,127,46,99,7,0.84,0.9,3,0,1
324,287,158,38,66,0.54,0.75,382,292,33,78,0,8,0.39,0.4,0,0,0
794,247,241,35,86,0.36,0.86,877,379,249,33,72,23,0.89,0.6,10,1,0
452,175,134,73,66,0.37,0.3,966,66,105,30,17,18,0.35,0.9,2,0,1
657,220,199,40,95,0.7,0.42,555,537,29,53,82,23,0.94,0.8,5,0,0
261,21,340,43,15,0.95,0.43,411,304,53,44,51,5,0.31,0.8,0,1,1
709,142,219,79,64,0.88,0.41,185,145,19,73,9,21,0.48,0.6,2,1,1
583,331,267,43,110,0.02,0.83,150,86,280,50,110,25,0.4,0.9,0,0,1
312,301,34,41,26,0.37,0.71,421,466,292,53,18,1,0.76,0.4,2,0,0
80,117,227,74,79,0.2,0.6,322,438,93,43,83,25,0.64,0.9,2,0,0
673,125,419,75,78,0.17,0.84,917,256,212,48,72,24,0.33,0.4,1,0,1
741,182,372,39,108,0.36,0.95,649,454,92,33,9,9,0.75,1.0,1,1,1
426,111,216,51,42,0.65,0.56,725,201,106,76,6,10,0.48,0.9,1,1,1
633,366,179,36,84,0.29,0.91,325,274,191,36,47,3,0.67,0.9,2,0,1
134,180,49,33,50,0.54,0.42,929,324,276,57,8,3,0.37,0.9,0,0,0
656,156,181,49,26,0.63,0.84,489,351,95,72,6,17,0.98,0.8,2,0,1
621,155,433,70,36,1.0,0.7,105,233,214,79,78,9,0.56,0.4,0,1,1
163,298,500,56,56,0.64,0.63,363,347,134,55,21,3,0.36,1.0,5,0,1
344,53,455,54,1,0.04,0.9,864,208,197,73,26,7,0.92,0.4,1,0,0
383,309,455,53,20,0.95,0.84,846,306,76,79,53,21,0.73,0.9,1,0,1
781,13,382,76,36,0.47,0.51,279,202,132,30,30,25,0.7,0.8,1,0,1
210,126,71,41,24,0.74,0.63,139,253,237,69,4,22,0.44,0.4,0,1,0
312,342,163,54,70,0.35,0.54,675,53,244,56,83,1,0.6,0.6,10,0,0
513,380,241,58,29,0.3,0.59,230,449,299,33,31,13,0.52,0.6,10,1,0
767,19,306,68,93,0.12,0.96,804,472,70,73,96,14,0.78,0.4,5,0,0
728,10,194,43,57,0.05,0.45,877,560,58,35,93,11,0.83,0.6,3,0,0
183,311,150,33,32,0.43,0.34,574,451,211,68,24,11,0.91,1.0,3,1,0
67,137,67,68,22,0.78,0.75,674,557,239,58,63,12,0.5,1.0,5,1,0
370,199,437,47,115,0.38,0.64,881,246,274,66,71,0,0.51,0.4,0,0,1
117,282,289,34,74,0.85,0.33,267,43,58,58,120,17,0.6,0.8,0,1,1
426,170,169,78,89,0.93,0.5,493,348,293,66,80,19,0.65,0.8,10,0,0
541,80,138,37,113,0.28,0.68,851,460,265,58,44,4,0.36,0.8,2,0,0
282,17,109,79,17,0.78,0.35,283,170,178,35,26,3,0.33,1.0,5,0,1
148,301,108,37,39,0.18,0.58,347,97,113,72,7,5,0.59,1.0,2,1,0
759,50,254,77,102,0.63,0.6,228,596,39,36,55,15,0.67,0.9,1,1,1
139,103,157,54,5,0.56,0.41,308,61,114,66,8,12,0.8,0.9,0,0,1
256,257,313,60,44,0.23,0.87,168,376,249,54,77,2,0.5,0.6,5,1,1
411,239,215,70,32,0.18,0.55,713,493,155,31,102,1,0.38,0.4,0,0,1
574,128,142,75,15,0.24,0.51,205,545,107,50,116,1,0.87,0.6,2,0,1
653,124,284,68,108,0.18,0.54,693,349,35,79,17,11,0.88,0.9,3,0,0
185,95,298,63,39,0.98,0.66,889,347,245,79,28,25,0.38,0.6,1,0,0
289,112,324,48,39,0.66,0.32,711,452,130,69,75,24,0.74,1.0,0,1,0
144,33,453,34,5,0.26,0.67,756,122,211,30,30,24,0.47,0.6,0,0,1
555,153,172,53,2,0.91,0.51,345,157,177,42,45,13,0.95,0.8,0,1,1
54,300,52,74,55,0.7,0.35,463,111,266,53,50,24,0.39,0.8,10,0,0
363,49,373,62,13,0.72,0.51,328,524,119,54,114,0,0.55,0.8,2,0,1
487,278,43,65,88,0.23,0.62,923,393,239,57,5,17,0.89,0.9,0,0,0
199,380,107,34,75,0.45,0.53,958,158,35,36,25,7,0.82,0.8,0,0,0
323,329,323,60,26,0.28,0.34,319,137,48,65,13,2,0.79,0.8,5,1,0
513,359,203,74,71,0.89,0.31,245,407,42,49,104,2,0.66,0.6,10,1,0
577,197,81,76,39,0.19,0.53,838,205,140,70,3,5,0.75,0.8,5,0,0
697,320,282,35,2,0.72,0.92,411,331,245,32,32,23,0.49,1.0,0,0,1
126,295,459,67,8,0.17,0.78,686,266,290,70,98,19,0.36,1.0,10,0,0
777,241,68,34,24,0.75,0.37,868,353,133,68,31,4,0.98,0.4,5,0,0
794,343,424,41,37,0.11,0.89,638,196,217,42,112,22,0.39,0.8,0,0,1
476,335,302,67,15,0.87,0.78,318,474,44,45,86,22,0.44,0.8,10,0,0
787,333,162,73,65,0.47,0.68,472,389,228,72,91,25,0.54,0.6,10,0,0
62,222,335,56,8,0.25,0.36,596,84,146,58,23,15,0.79,0.6,5,1,0
132,297,258,30,10,0.82,0.99,628,469,215,40,3,7,0.59,0.4,1,1,0
430,97,228,44,58,0.77,0.71,165,185,32,74,18,10,0.72,0.4,10,1,0
665,356,168,41,60,0.78,0.43,363,434,43,31,54,1,0.55,0.4,10,0,0
474,96,220,41,75,0.49,0.95,934,546,221,78,103,7,0.94,1.0,0,1,0
579,94,261,65,103,0.15,0.4,515,500,95,73,42,16,0.84,0.9,0,0,0
281,151,147,50,1,0.47,0.69,679,373,39,52,92,0,0.73,0.6,0,0,0
486,107,290,70,0,0.68,0.84,704,200,33,73,91,9,0.46,0.9,3,1,1
263,37,439,77,69,0.42,0.48,155,337,151,71,42,21,0.48,0.4,0,0,1
296,116,77,75,93,0.61,0.68,700,559,59,34,42,22,0.94,0.4,2,1,0
182,361,73,70,70,0.55,0.95,859,282,206,63,3,6,0.85,0.9,3,0,0
102,147,108,76,67,0.06,0.84,908,91,215,59,86,7,0.82,0.6,0,0,0
215,238,30,70,71,0.28,0.66,389,484,125,72,78,6,0.45,0.8,0,1,0
663,333,115,40,69,0.53,0.67,997,400,297,50,32,11,0.59,0.4,5,0,0
235,174,452,55,119,0.36,0.97,849,596,299,50,39,24,0.36,1.0,2,0,1
405,231,295,70,79,0.42,0.98,140,348,260,57,22,22,0.57,0.6,0,0,1
264,304,433,55,115,0.05,0.38,845,449,300,53,6,12,0.41,0.4,0,0,0
378,376,202,76,50,0.08,0.74,232,315,142,53,65,9,0.43,1.0,0,0,1
158,39,258,37,56,0.77,0.3,691,400,45,37,107,20,0.49,0.6,0,0,0
221,331,438,31,4,0.35,0.61,470,536,122,34,80,20,0.81,1.0,0,0,0
130,300,483,71,21,0.72,0.73,534,80,204,40,57,20,0.64,0.8,2,0,1
382,301,264,46,12,0.64,0.76,589,133,104,72,86,14,0.94,0.6,2,0,0
148,42,98,62,52,0.51,0.79,934,137,27,62,5,20,0.98,0.9,1,0,0
456,339,220,50,22,0.98,0.44,165,43,180,42,53,18,0.62,0.8,10,0,1
212,257,383,79,8,0.8,0.88,448,145,70,47,119,24,0.51,1.0,0,1,1
331,185,52,54,83,0.46,0.89,934,76,280,36,39,24,0.84,1.0,1,1,1
287,194,332,50,44,0.6,0.37,480,399,44,40,93,17,0.79,0.4,1,0,0
532,320,238,57,14,0.56,0.92,317,302,157,64,91,15,0.49,0.9,10,0,0
172,339,218,49,116,0.36,0.65,153,166,295,65,50,5,0.62,0.8,10,0,0
629,64,68,41,107,0.95,0.41,625,127,49,46,93,23,0.44,1.0,0,1,1
68,141,306,62,37,0.63,0.69,743,81,74,48,35,4,0.35,0.6,0,0,1
558,20,127,73,96,0.51,0.46,472,485,224,42,101,18,0.94,0.8,0,0,1
291,318,184,50,105,0.59,0.78,836,528,150,33,30,18,0.65,0.9,0,0,1
175,182,236,38,43,0.57,0.73,478,546,18,35,87,15,0.38,0.6,0,0,0
698,132,52,72,20,0.97,0.43,775,142,289,35,49,10,0.7,1.0,1,0,1
616,238,265,48,108,0.76,0.44,283,250,43,37,31,25,0.74,0.6,0,1,1
326,154,35,45,95,0.23,0.79,103,392,188,36,99,4,0.78,0.4,1,1,1
484,215,428,57,12,0.15,0.41,366,468,285,65,64,25,0.43,0.8,0,0,1
283,165,312,58,88,0.4,0.66,790,389,136,43,98,7,0.72,0.9,3,1,0
185,202,382,68,114,0.87,0.9,737,568,68,33,98,14,0.88,0.4,10,0,0
431,398,346,53,114,0.52,0.54,668,520,100,80,57,7,0.54,1.0,5,1,0
625,226,122,73,1,0.95,0.89,967,50,17,34,13,17,0.94,1.0,2,0,1
149,232,119,30,78,0.04,0.88,454,249,175,67,54,11,0.65,1.0,1,0,0
177,195,360,68,7,0.28,0.53,812,352,276,45,3,17,0.56,0.6,3,0,0
646,80,311,63,3,0.1,0.99,793,160,225,41,66,13,0.88,0.9,0,0,1
179,282,55,61,0,1.0,0.37,681,497,183,64,118,10,0.63,0.8,2,1,0
676,40,231,59,113,0.58,0.44,150,227,279,64,114,20,0.5,0.4,0,1,1
450,180,275,73,71,0.05,0.46,566,364,14,78,58,22,0.5,0.4,0,1,0
752,358,119,73,30,0.62,0.57,109,588,195,55,26,2,0.73,0.8,5,0,1
720,247,295,64,10,0.98,0.94,573,275,85,72,0,11,0.67,1.0,0,1,1
768,280,256,56,73,0.73,0.78,946,456,47,80,51,22,0.79,0.4,2,1,0
370,21,252,41,32,0.37,0.43,308,234,63,42,24,9,0.77,0.4,10,0,0
234,187,341,57,49,0.53,0.38,427,394,271,63,8,4,0.6,0.4,2,0,0
268,198,320,71,105,0.6,0.75,412,343,226,68,114,14,0.61,0.9,2,0,1
558,330,71,61,89,0.35,0.92,142,223,207,37,111,1,0.47,0.9,2,0,1
521,326,304,35,39,0.12,0.31,924,52,170,57,79,12,0.79,1.0,2,0,0
747,110,441,55,76,0.49,0.86,149,407,32,78,55,0,0.67,1.0,3,0,1
474,298,457,45,111,0.99,0.4,462,144,177,45,3,13,0.53,0.4,2,0,1
260,28,478,40,53,0.36,0.74,669,245,295,70,57,2,0.59,0.4,5,1,0
156,56,215,55,4,0.13,0.71,198,381,93,52,99,6,0.98,0.8,0,0,0
714,297,436,58,33,0.45,0.35,755,181,276,70,23,17,0.89,0.6,0,1,1
57,318,168,60,91,0.57,0.94,318,499,41,62,13,6,0.85,0.4,5,1,0
224,284,324,53,90,0.69,0.96,942,204,34,41,4,1,0.99,0.8,0,0,1
254,215,39,52,103,0.13,0.75,505,362,203,58,39,12,0.37,0.9,0,0,0
196,345,306,72,15,0.75,0.96,732,298,168,65,63,5,0.48,0.8,1,0,1
228,268,298,60,12,0.81,0.62,132,81,228,61,81,20,0.74,0.6,1,0,1
399,243,254,35,24,0.15,0.38,801,123,11,75,119,2,0.32,0.6,5,0,0
687,263,177,50,10,0.19,0.35,577,242,135,67,114,10,0.85,0.6,0,1,0
478,335,231,76,87,0.04,0.63,380,41,79,43,83,13,0.67,0.9,0,1,1
730,175,408,50,58,0.93,0.66,335,512,69,32,17,17,0.33,0.6,2,0,1
786,286,460,79,72,0.93,0.44,877,110,209,65,42,7,0.63,0.4,2,1,1
694,358,382,65,46,0.56,0.32,835,221,242,64,43,6,0.97,0.6,0,1,1
621,52,500,76,120,0.86,0.44,387,370,160,45,2,16,0.6,0.4,0,1,1
632,215,163,68,23,0.22,0.87,310,275,238,40,81,5,0.83,0.8,3,0,1
551,14,127,63,109,0.67,0.55,640,67,54,43,120,6,0.96,0.6,0,0,1
329,393,324,37,118,0.63,0.46,534,195,44,79,95,14,0.31,0.8,3,0,1
374,131,283,69,24,0.69,0.51,601,210,185,40,96,13,0.73,0.6,3,1,1
124,228,356,77,62,0.6,0.63,462,418,74,36,41,7,0.6,1.0,0,1,1
664,262,147,43,40,0.25,0.65,336,100,176,68,41,23,1.0,1.0,1,0,1
567,288,341,77,58,0.47,0.93,949,392,61,33,62,24,0.97,1.0,0,1,1
574,27,359,57,37,0.82,0.88,155,543,26,32,98,11,0.32,0.6,0,1,1
723,321,101,75,78,0.3,0.38,205,81,109,66,16,25,0.6,0.6,5,1,1
682,330,375,40,96,0.67,0.67,837,193,201,74,36,19,0.83,0.6,1,1,1
267,67,86,71,102,0.19,0.81,832,519,140,65,41,20,0.55,0.9,3,1,0
301,155,145,56,86,0.18,0.75,729,337,236,30,57,25,0.37,0.4,5,0,0
548,33,323,64,49,0.97,0.81,644,287,290,44,16,25,0.41,1.0,0,0,1
135,268,355,75,8,0.97,0.51,342,594,54,52,51,21,0.86,1.0,0,1,1
204,24,338,63,49,0.71,0.43,183,224,255,53,101,5,0.42,0.9,5,0,1
525,254,463,80,100,0.84,0.56,157,471,82,60,45,15,0.34,0.4,0,1,1
355,160,192,53,115,0.57,0.76,930,280,260,39,3,24,0.43,0.9,0,1,1
533,67,165,56,33,0.71,0.39,654,310,234,34,92,5,0.84,0.6,2,0,0
552,358,417,79,0,0.49,0.77,845,284,262,31,40,22,0.76,1.0,1,0,1
413,188,182,32,73,0.91,0.57,188,197,238,33,93,6,0.93,1.0,0,0,1
311,248,359,65,28,0.41,0.58,360,76,209,53,61,5,0.97,0.4,1,0,1
574,75,284,45,32,0.29,0.6,344,183,127,30,78,9,0.53,0.6,5,1,1
776,43,157,55,100,0.57,0.36,675,338,70,76,109,19,0.74,0.8,0,1,0
438,106,437,79,61,0.71,0.78,162,275,52,32,53,8,0.31,0.6,1,1,1
569,49,480,44,49,0.2,0.44,122,322,219,43,62,8,0.85,0.6,1,0,1
405,315,95,71,117,0.72,0.88,250,88,277,56,30,21,0.89,0.9,3,1,1
449,347,334,41,21,0.03,0.49,342,77,239,58,62,21,0.9,0.9,1,1,1
158,29,290,61,54,0.31,0.9,716,347,191,45,8,17,0.84,0.9,10,0,0
99,257,375,42,117,0.13,0.71,482,129,74,44,81,15,0.7,0.6,5,1,0
448,78,425,53,53,0.96,0.38,512,492,10,80,27,0,0.58,1.0,5,1,0
625,325,323,78,35,0.91,0.73,656,389,119,55,104,23,0.87,1.0,3,1,1
85,100,412,33,11,0.14,0.51,967,77,194,73,63,9,0.77,0.9,5,0,0
614,221,410,77,27,0.14,0.63,400,142,241,57,47,0,0.41,0.9,0,0,1
378,131,66,54,37,0.7,0.58,887,346,204,36,57,9,0.41,0.4,0,1,0
404,367,190,45,28,0.11,0.32,684,384,18,75,80,14,0.49,0.6,0,0,0
323,157,116,78,37,0.87,0.3,457,87,183,34,54,11,0.33,0.8,0,0,1
429,154,99,80,78,0.1,0.54,681,164,145,67,37,20,0.47,0.9,2,0,0
420,356,173,72,13,0.8,0.77,719,251,291,45,50,4,0.99,1.0,2,1,1
781,36,447,65,87,0.82,0.32,744,239,17,32,66,10,0.95,0.8,10,0,0
120,18,78,62,52,0.68,0.66,924,172,221,42,90,3,0.87,0.4,0,0,0
128,101,483,76,91,0.17,0.88,176,99,234,43,115,17,0.44,0.6,10,1,1
308,114,256,71,110,0.43,0.58,575,179,64,68,103,4,0.76,0.6,1,0,1
613,300,123,38,99,0.69,0.7,441,298,206,66,80,13,0.76,1.0,0,0,1
147,358,257,53,73,0.75,0.38,715,168,90,34,4,6,0.5,0.6,10,0,0
464,148,116,72,14,0.01,0.47,426,266,269,52,58,17,0.57,0.6,3,1,0
304,83,308,72,50,0.77,0.37,145,364,139,35,115,9,0.33,0.6,1,0,1
101,148,478,48,65,0.07,0.42,136,532,299,31,70,25,0.31,0.9,0,1,1
189,213,359,63,102,0.22,0.6,167,130,52,62,2,18,0.9,1.0,0,0,1
370,294,129,65,61,0.25,0.36,791,570,107,32,72,16,0.35,1.0,0,0,1
191,400,471,61,32,0.23,0.56,421,511,279,39,84,13,0.68,0.8,5,0,0
174,27,71,42,107,0.21,0.35,886,105,37,58,101,5,0.41,0.9,3,0,0
584,302,399,62,108,0.41,0.58,138,429,277,48,8,15,0.46,0.4,1,0,1
239,47,288,80,98,0.69,0.52,268,365,184,41,96,22,0.91,1.0,0,1,1
436,123,162,67,50,0.2,0.64,169,479,182,65,71,17,0.67,0.8,0,0,1
78,389,207,39,15,0.2,0.37,925,429,99,73,110,24,0.34,1.0,1,1,0
378,93,287,32,105,0.43,0.68,579,563,198,59,52,17,0.94,0.9,1,0,0
569,254,270,68,63,0.13,0.34,143,382,122,79,19,3,0.89,0.6,3,0,0
600,122,172,73,98,0.86,0.55,720,338,249,43,41,11,0.85,0.8,1,1,1
669,246,282,75,103,0.11,0.47,298,570,127,39,115,5,0.51,1.0,2,1,1
246,336,106,66,119,0.26,0.73,925,192,94,77,7,10,0.7,0.6,0,0,0
391,90,379,77,103,0.19,0.43,603,120,182,69,119,6,0.95,0.4,0,1,1
619,89,267,33,37,0.63,0.59,428,120,62,67,85,24,0.99,0.9,5,0,0
487,63,434,39,42,0.19,0.33,317,95,183,32,49,10,0.63,1.0,0,1,1
306,378,261,44,88,0.44,0.3,234,256,146,47,103,10,0.66,0.8,2,0,1
489,125,421,63,15,0.75,0.81,592,278,294,80,69,15,0.74,1.0,3,0,1
497,373,116,63,79,0.24,0.61,199,272,231,80,98,7,0.52,0.9,5,1,0
773,172,306,65,32,0.22,0.38,141,88,213,43,88,16,0.9,1.0,0,0,1
194,210,256,47,113,0.57,0.47,884,273,35,72,79,1,0.7,0.4,2,1,0
85,70,422,36,102,0.23,0.82,292,317,104,78,23,11,0.67,0.8,5,0,0
581,45,277,34,55,0.57,0.57,939,456,116,57,119,20,0.66,0.6,3,0,0
463,28,185,49,40,0.74,0.54,579,483,134,45,77,7,0.35,0.8,2,1,1
652,38,379,54,65,0.21,0.66,730,485,123,65,15,0,0.3,0.6,0,0,1
404,131,252,55,76,0.88,0.91,193,275,160,41,94,8,0.73,1.0,0,0,1
653,313,74,44,98,0.63,0.68,909,61,62,41,114,0,0.4,0.6,0,0,1
616,192,204,65,90,0.67,0.56,111,62,92,66,10,20,0.62,0.6,2,0,1
474,303,435,47,103,0.4,0.62,812,249,295,35,82,1,0.98,0.4,1,1,1
184,55,458,62,120,0.28,0.98,120,308,179,30,10,14,0.64,0.6,1,1,1
790,197,39,44,114,0.24,0.51,323,553,217,77,36,25,0.43,0.4,10,1,0
83,114,447,67,71,0.05,0.44,961,427,174,32,31,25,0.86,0.8,3,1,0
325,142,397,76,101,0.27,0.52,960,412,89,58,115,4,0.96,0.4,3,0,0
383,103,430,60,21,0.48,0.98,442,53,290,44,101,13,0.68,0.9,0,0,1
751,28,408,71,17,0.1,0.36,242,95,40,40,39,7,0.8,1.0,5,0,1
507,61,351,58,85,0.05,0.74,860,301,247,51,11,17,0.32,0.6,1,0,1
446,238,243,33,49,0.62,0.59,114,116,284,47,30,1,0.38,0.6,5,1,1
371,314,135,31,19,0.97,0.83,126,382,33,53,93,25,0.76,0.8,3,0,0
151,120,280,66,62,0.18,0.43,205,512,229,54,6,24,0.88,0.8,10,0,0
602,358,54,65,38,0.4,0.81,452,58,27,59,21,12,0.91,0.9,5,0,1
758,150,393,32,1,0.81,0.65,337,419,140,65,23,10,0.82,0.6,0,0,0
674,65,89,41,109,0.47,0.45,862,556,36,53,35,4,0.86,1.0,1,1,0
233,179,239,80,24,0.68,0.65,548,597,227,62,22,12,0.77,0.6,5,0,0
329,322,389,33,66,0.32,0.4,831,348,256,53,76,18,0.71,0.6,1,0,0
264,247,312,31,88,0.23,0.5,371,160,109,41,112,21,0.64,0.6,5,0,0
764,13,339,45,79,0.67,0.41,280,320,24,40,5,5,0.58,0.9,0,0,1
401,140,390,56,60,0.19,0.37,844,92,251,69,41,12,0.86,0.8,1,0,0
281,275,418,42,108,0.91,0.51,232,541,146,42,108,23,0.91,0.9,3,0,0
606,18,434,63,65,0.87,0.74,864,331,224,78,47,2,0.96,1.0,0,1,1
247,48,101,56,20,0.59,0.92,739,507,177,40,72,19,0.91,0.6,5,0,0
668,393,310,47,52,0.44,0.79,199,501,256,70,99,15,0.72,1.0,5,0,0
153,69,89,76,28,0.73,0.8,916,79,72,69,1,2,0.73,1.0,10,0,0
610,306,346,58,19,0.33,0.79,314,188,62,44,101,18,0.36,0.4,0,0,1
481,36,362,60,55,0.15,0.67,382,221,273,51,6,5,0.88,0.6,3,0,1
207,188,240,61,56,0.05,0.58,462,450,201,76,80,2,0.65,0.9,2,1,0
567,73,45,48,92,0.81,0.92,832,378,140,32,29,1,0.77,0.8,3,0,1
525,231,419,63,71,0.28,0.8,978,398,28,40,78,11,0.51,1.0,0,0,1
605,175,464,53,112,0.88,0.8,329,461,230,74,52,15,0.96,0.4,5,0,0
327,245,435,72,49,0.38,0.51,516,238,29,37,118,1,0.74,1.0,0,0,1
712,353,462,33,31,0.51,0.66,871,599,269,43,40,5,0.64,0.8,5,0,0
785,372,439,60,70,0.8,0.92,643,475,175,44,90,19,0.32,1.0,0,0,1
124,290,431,44,9,0.49,0.65,668,304,69,64,48,18,0.67,0.9,0,1,0
50,108,210,36,42,0.42,0.45,126,266,298,70,75,11,0.79,0.6,0,0,0
307,199,259,35,21,0.67,0.86,892,400,158,74,114,0,0.4,0.4,0,0,0
352,121,355,48,27,0.55,0.87,816,262,137,32,47,24,0.78,0.4,0,1,1
626,171,276,38,114,0.58,0.31,536,375,118,63,59,11,0.76,0.8,3,1,0
155,65,259,32,89,0.05,0.96,977,505,221,45,73,5,0.98,0.9,0,0,0
170,27,278,75,7,0.67,0.83,447,380,219,41,45,22,0.31,0.4,0,1,1
680,361,235,65,81,0.42,0.67,342,162,153,67,116,14,0.53,0.4,1,1,1
564,17,273,47,17,0.34,0.8,708,238,19,73,78,7,0.81,0.9,0,0,1
657,38,145,51,0,0.09,0.55,469,414,214,42,13,12,0.35,1.0,2,0,1
293,394,496,37,97,0.18,0.32,309,101,154,44,6,19,0.47,0.9,0,1,1
780,34,76,36,94,0.45,0.87,380,170,112,70,5,5,0.61,1.0,10,0,0
277,285,139,47,71,0.74,0.75,167,424,211,33,93,10,0.7,0.4,2,0,1
494,399,167,70,2,0.35,0.47,235,93,195,31,53,18,0.44,0.6,0,0,1
130,80,304,49,18,0.69,0.47,240,111,110,59,16,16,0.46,0.8,0,0,1
645,141,139,75,6,0.34,0.95,667,62,69,57,60,8,0.64,0.8,0,0,1
490,256,316,41,118,0.16,1.0,306,133,184,47,4,14,0.89,0.9,1,0,1
473,244,491,59,91,0.12,0.74,312,160,109,43,0,11,0.66,1.0,5,0,1
470,217,305,61,7,0.44,0.66,699,335,45,77,83,17,0.31,0.4,1,0,0
135,382,40,77,40,0.75,0.71,620,291,244,64,113,5,0.8,0.4,0,0,0
548,78,129,36,14,0.28,0.77,326,563,247,36,92,14,0.89,0.4,1,1,0
383,46,60,31,74,0.78,0.73,782,239,12,38,92,11,0.64,0.8,3,0,0
429,374,147,55,101,0.3,0.93,907,372,142,54,2,1,0.77,0.6,10,0,0
168,334,117,65,39,0.84,0.66,639,384,278,68,36,16,0.44,0.8,0,0,0
87,97,398,79,107,0.35,0.75,783,348,271,68,111,13,0.99,0.8,10,0,0
671,203,46,61,65,0.65,0.77,122,299,72,61,20,22,0.53,0.8,1,0,1
56,14,338,33,114,0.23,0.52,543,458,255,69,1,25,0.65,1.0,2,0,0
76,276,488,30,99,0.57,0.87,175,535,23,44,5,8,0.99,0.8,2,0,1
758,298,195,46,36,0.2,0.57,665,105,70,80,89,7,0.95,0.9,0,0,1
534,351,151,71,95,0.36,0.94,968,343,53,63,7,20,0.82,0.9,0,1,1
672,330,269,77,96,0.39,0.7,129,271,50,43,43,15,0.82,1.0,5,0,1
377,392,53,44,70,0.6,0.79,258,404,228,42,7,2,0.8,1.0,0,0,1
93,353,440,75,42,0.13,0.61,901,328,265,52,54,9,0.71,0.9,2,0,0
658,182,411,76,116,0.29,0.32,668,72,275,49,1,1,0.82,0.9,0,0,1
270,251,229,42,5,0.43,0.79,429,553,162,77,60,18,0.49,0.8,0,0,0
241,136,267,52,25,0.52,0.96,903,561,277,78,73,4,0.96,1.0,10,0,0
318,54,298,69,14,0.76,0.98,241,252,16,42,116,16,0.88,0.9,1,0,1
332,176,237,65,71,0.87,0.97,286,146,112,61,118,19,0.51,0.6,1,0,1
794,224,341,55,3,0.73,0.83,517,451,71,56,42,12,0.51,0.6,0,1,1
137,196,49,40,16,0.06,0.38,313,305,172,65,42,15,0.64,0.4,2,1,0
159,310,203,70,42,0.15,0.48,970,360,188,50,10,6,0.48,0.8,0,0,0
370,64,70,35,24,0.7,0.44,601,510,173,62,101,21,0.87,0.8,3,0,0
492,391,277,53,58,0.49,0.41,774,245,99,72,29,16,0.58,0.8,0,0,1
350,152,35,46,66,0.11,0.92,968,175,170,72,112,3,0.92,0.9,1,0,0
161,296,299,55,6,0.41,0.7,506,54,166,54,111,8,0.36,1.0,5,1,1
192,16,56,64,66,0.65,0.89,319,422,56,46,78,20,0.31,0.9,0,1,1
273,170,483,64,95,0.59,0.74,710,71,269,69,58,7,0.47,1.0,0,0,1
325,241,221,54,29,0.15,0.74,766,540,141,31,74,22,0.61,0.9,1,0,1
519,333,476,66,24,0.34,0.68,118,167,90,34,50,7,0.95,1.0,2,0,1
616,43,496,57,0,0.1,0.52,322,431,162,47,12,16,0.9,0.9,10,1,0
130,235,330,46,36,0.68,0.5,644,199,24,45,69,16,0.73,0.9,1,1,0
454,347,348,38,111,0.38,0.66,405,158,170,49,4,24,0.71,0.6,0,1,1
758,304,402,60,74,0.42,0.83,187,204,35,42,52,17,0.85,1.0,0,0,1
221,377,249,52,48,0.13,0.53,205,392,26,63,112,8,0.38,1.0,2,1,1
365,299,362,55,35,0.37,0.46,634,579,294,66,44,16,0.65,0.8,0,1,0
62,239,49,46,92,0.55,0.72,344,342,271,38,9,11,0.58,0.9,3,0,0
465,37,377,56,38,0.79,0.98,843,574,70,44,93,25,0.34,0.4,0,0,1
440,373,136,71,52,0.44,0.57,369,416,79,63,60,18,0.98,0.4,1,1,0
90,170,133,60,98,0.13,0.58,528,296,119,48,29,19,0.45,0.4,3,0,0
467,186,498,40,116,0.29,0.5,539,117,16,30,87,22,0.92,0.4,10,0,0
313,168,159,74,5,0.52,0.95,847,279,54,41,29,11,0.49,0.4,2,0,0
379,276,286,57,108,0.83,0.51,348,284,245,51,116,18,0.51,1.0,10,0,0
219,50,301,44,23,0.18,0.47,977,43,177,76,108,0,0.78,0.6,0,0,0
190,290,418,59,108,0.01,0.59,365,351,190,79,17,5,0.63,1.0,1,0,1
216,102,281,48,91,0.1,0.47,245,430,67,37,109,21,0.38,0.4,0,0,1
444,359,482,62,77,0.66,1.0,648,488,61,55,39,0,0.41,0.8,10,0,1
532,332,368,42,17,0.35,0.39,669,459,44,53,9,16,0.64,0.9,0,0,1
584,176,74,71,34,0.92,0.44,346,314,133,53,45,16,0.87,1.0,0,0,1
772,46,348,49,65,0.29,0.48,103,291,218,33,113,17,0.88,0.6,0,0,1
487,307,480,52,71,0.0,0.62,322,287,190,65,101,24,0.71,0.9,1,1,1
265,344,148,41,28,0.17,0.96,813,162,232,38,27,0,0.75,0.6,1,1,0
366,254,250,64,51,0.32,0.78,875,353,155,73,45,6,0.64,1.0,5,0,0
150,328,374,80,50,0.94,0.88,992,591,127,43,117,8,0.96,0.9,10,1,0
197,56,164,64,46,0.67,0.4,367,95,180,67,84,15,0.74,0.4,2,0,0
337,184,159,37,92,0.31,0.85,280,594,187,56,89,25,0.8,0.8,2,0,0
482,172,73,76,89,0.02,0.93,655,420,101,32,32,9,0.61,0.4,0,1,1
155,114,434,54,92,0.06,0.62,549,144,141,51,50,21,0.39,0.6,1,1,1
402,315,74,38,51,0.29,0.73,151,162,55,46,80,13,0.67,0.9,0,0,1
294,127,482,41,112,0.27,0.57,691,371,77,65,63,9,0.52,1.0,0,0,1
474,224,293,79,52,0.28,0.71,572,127,34,58,39,18,0.76,0.9,1,0,1
332,393,421,53,89,0.03,0.76,896,62,68,53,62,2,0.6,0.8,0,0,1
352,385,189,55,5,0.05,0.89,289,494,174,42,28,1,0.75,0.9,1,0,1
503,346,206,65,85,0.28,0.45,986,397,116,48,117,22,0.99,0.9,2,0,0
451,228,242,44,20,0.45,0.85,207,141,85,37,68,15,0.33,0.6,1,0,1
511,243,215,68,99,0.02,0.51,802,119,218,34,10,23,0.45,0.6,5,0,0
799,26,450,40,3,0.43,0.5,222,429,129,68,40,22,0.8,0.4,3,0,0
357,365,459,37,120,0.49,0.73,402,539,124,50,69,21,0.69,0.6,1,0,1
265,128,49,42,102,0.37,0.51,769,405,95,65,17,24,0.82,0.8,3,0,0
257,171,306,77,85,0.95,0.69,754,173,281,49,64,7,0.55,0.9,1,1,1
219,233,119,70,19,0.49,0.42,208,413,39,40,21,5,0.52,0.8,3,1,1
168,210,308,77,23,0.37,0.9,605,59,275,64,27,24,0.31,0.8,1,1,1
697,344,233,63,29,0.49,0.69,939,431,161,32,24,8,0.6,1.0,0,0,1
271,165,90,43,115,0.36,0.99,113,497,256,74,12,6,0.52,1.0,0,0,1
758,312,97,56,42,0.29,0.65,610,372,63,31,67,12,0.75,0.6,3,0,1
652,183,225,46,107,0.25,0.99,998,177,78,62,15,13,0.6,0.6,0,0,1
602,274,113,62,112,0.58,0.79,969,501,115,38,2,24,0.75,0.8,2,0,1
631,74,133,31,37,0.7,0.61,673,592,217,58,75,22,0.77,1.0,10,0,0
268,107,353,55,30,0.74,0.52,765,243,81,34,30,5,0.8,0.6,2,0,0
728,214,289,62,18,0.73,0.44,418,557,252,78,75,15,0.86,0.4,5,0,0
380,38,355,76,54,0.45,0.33,962,125,291,32,43,22,0.53,0.6,3,0,1
203,64,461,75,20,0.66,0.94,855,381,201,76,112,0,0.48,0.4,0,1,1
305,210,50,34,89,0.79,0.5,527,242,292,67,70,2,0.31,0.6,0,1,0
785,104,229,71,120,0.95,1.0,922,427,61,54,2,22,0.68,0.8,2,0,1
391,110,148,33,95,0.22,0.54,517,170,279,59,30,20,0.32,1.0,3,1,0
139,23,254,78,59,0.83,0.67,265,459,156,76,42,7,0.94,0.4,3,0,0
438,371,192,67,18,0.85,0.43,315,205,289,79,87,18,0.43,0.4,3,1,0
155,201,379,71,83,0.66,0.6,483,544,99,32,48,25,0.97,0.4,5,1,0
473,347,452,51,72,0.43,0.57,516,379,205,76,40,20,0.57,0.8,3,1,1
635,267,355,49,60,0.86,0.8,953,307,120,54,74,5,0.43,0.9,1,0,1
475,370,95,41,86,0.74,0.89,117,391,83,74,103,22,0.92,0.8,10,0,0
791,127,495,49,75,0.95,0.45,848,577,127,56,50,19,0.77,1.0,0,0,1
565,220,192,53,38,0.88,0.55,634,572,183,69,107,14,0.63,0.8,3,0,0
301,219,455,37,19,0.69,0.97,557,305,262,68,109,17,0.79,0.9,0,0,0
56,114,493,53,91,0.81,0.83,781,61,103,49,110,14,0.65,0.8,5,0,0
642,217,379,76,45,0.71,0.91,929,252,90,70,21,11,0.95,0.9,2,0,1
769,380,219,66,102,0.98,0.52,996,135,212,80,41,17,0.53,0.4,0,1,1
595,119,473,78,50,0.43,0.3,673,389,144,60,109,21,0.58,1.0,0,0,1
254,279,378,40,50,0.66,0.64,922,512,148,40,14,13,0.59,1.0,2,0,1
81,47,449,60,79,0.0,0.69,496,359,156,47,114,18,0.9,0.4,1,0,0
495,248,211,47,15,0.89,0.52,283,518,287,47,22,1,0.74,0.9,2,0,1
336,25,489,79,93,0.59,0.7,488,145,98,73,0,25,0.82,0.8,1,0,1
112,320,33,57,57,0.99,0.82,231,219,258,64,22,5,0.42,0.8,0,0,1
66,49,226,77,17,0.71,0.97,435,325,56,36,118,21,0.58,1.0,10,0,0
125,203,328,80,90,0.9,0.33,560,381,106,49,7,10,0.68,0.8,0,1,1
341,71,351,56,84,0.58,0.84,251,270,93,45,25,12,0.47,0.9,1,0,1
524,107,342,48,118,0.47,0.96,576,532,109,69,84,25,0.68,0.6,3,0,0
102,240,86,50,32,0.37,0.45,860,588,166,68,6,11,0.56,1.0,1,0,0
447,32,217,45,92,0.88,0.62,773,425,77,49,61,4,0.47,0.8,10,0,0
55,115,284,64,93,0.79,0.51,464,239,126,49,52,6,0.39,0.9,3,0,0
531,60,198,72,84,0.13,0.52,490,439,37,37,65,22,0.71,0.8,5,0,0
493,296,65,55,72,0.77,0.9,523,241,109,51,106,10,0.98,0.9,10,1,0
637,134,119,54,102,0.45,0.56,619,378,234,68,2,21,0.52,0.4,5,0,0
461,370,462,50,6,0.36,0.88,304,69,157,75,62,3,0.3,1.0,1,0,1
407,102,274,69,15,0.69,0.5,422,247,270,60,70,14,0.75,0.4,5,0,0
389,354,178,37,105,0.05,0.64,929,200,186,76,34,4,0.92,1.0,5,0,0
503,396,269,59,55,0.91,0.67,979,423,21,74,60,10,0.89,0.6,2,0,0
152,347,89,69,78,0.11,0.8,805,312,129,37,20,7,0.88,0.4,5,1,0
642,58,189,36,48,0.18,0.86,904,291,172,73,108,7,0.56,0.9,0,0,0
390,203,495,35,102,0.43,0.73,503,435,180,47,81,14,0.83,1.0,0,1,1
606,153,434,38,70,0.92,0.81,765,313,299,65,112,23,0.35,0.4,0,0,1
453,222,322,60,9,0.29,0.41,216,551,175,61,91,9,0.93,0.4,2,1,0
197,247,353,73,64,0.16,0.67,935,260,102,56,8,8,0.61,1.0,0,0,1
330,29,129,38,6,0.83,0.39,729,289,106,68,60,23,0.95,0.6,0,1,0
63,384,360,69,99,0.14,0.44,423,127,205,33,87,12,0.31,1.0,5,0,1
186,26,328,47,118,0.74,0.37,647,575,299,72,20,16,0.87,0.4,10,0,0
288,325,418,51,81,0.65,0.62,113,236,125,60,106,13,0.99,0.8,0,0,1
186,66,298,61,108,0.77,0.59,226,474,143,80,95,1,0.44,0.4,0,0,1
760,114,133,30,57,0.92,1.0,175,479,50,62,115,4,0.8,0.6,10,0,0
756,204,216,38,111,0.51,0.89,825,306,171,34,22,3,0.69,0.8,0,1,1
507,280,383,75,6,0.31,0.46,466,486,299,66,35,12,0.58,0.4,3,1,0
87,311,195,66,66,0.42,0.47,350,462,18,56,93,21,0.43,0.6,1,1,0
249,349,145,70,106,0.74,0.33,480,201,258,61,8,2,0.72,0.8,0,0,1
299,154,177,41,95,0.85,0.94,736,58,280,65,67,7,0.58,1.0,0,1,1
716,300,428,74,113,0.74,0.47,764,157,112,77,25,24,0.6,0.4,0,0,1
603,44,272,49,117,0.2,0.66,701,576,205,31,109,23,0.74,0.4,3,0,0
682,390,218,72,61,0.29,0.74,290,251,10,48,111,1,0.99,1.0,0,0,1
288,127,164,80,39,0.39,0.49,631,269,22,53,60,6,0.94,0.9,3,0,0
298,83,487,72,48,0.25,0.5,603,385,39,57,21,1,0.93,0.9,1,0,1
297,172,499,50,39,0.6,0.82,902,149,55,75,13,2,0.58,0.6,1,1,1
240,112,167,68,10,0.87,0.8,397,330,133,70,88,2,0.54,0.8,0,0,1
445,29,50,51,40,0.69,0.87,326,574,240,35,84,11,0.86,0.8,5,0,0
486,284,294,30,112,0.07,0.36,315,201,141,49,82,6,0.61,1.0,1,0,1
465,400,432,40,103,0.03,0.32,851,310,82,67,54,13,0.34,1.0,5,0,0
371,75,45,59,12,0.08,0.38,505,544,216,64,15,18,0.63,0.4,5,0,0
360,117,163,53,6,0.95,0.53,631,106,211,69,9,20,0.76,0.8,5,0,0
110,319,466,65,101,0.7,0.51,629,482,150,57,69,15,0.95,0.4,2,0,0
435,396,457,78,48,0.77,0.6,877,512,10,55,5,16,0.34,0.8,5,1,1
158,79,176,55,21,0.06,0.97,141,136,84,64,96,4,0.37,0.8,0,0,1
536,25,417,49,17,0.22,0.92,517,138,268,78,21,6,0.69,1.0,1,0,1
57,66,183,64,69,0.01,0.35,841,466,205,41,30,9,0.95,0.9,0,1,0
325,100,389,61,2,0.72,0.75,279,330,272,35,85,14,0.46,0.9,2,0,1
264,373,64,79,24,0.48,0.65,440,337,300,74,19,17,0.91,0.8,3,1,0
82,129,446,66,25,0.29,0.53,247,531,216,33,10,1,0.89,1.0,0,1,1
673,116,271,79,73,0.14,0.57,236,546,274,60,39,25,0.57,0.9,1,1,1
311,173,364,79,118,0.76,0.94,767,145,14,63,97,21,0.96,1.0,3,0,1
593,20,64,34,33,0.09,0.32,960,521,244,44,2,6,0.53,0.8,5,1,0
402,289,179,57,92,0.13,0.64,483,79,57,56,52,17,0.69,0.8,0,0,1
322,240,78,50,68,0.35,0.43,894,562,230,39,101,25,0.87,0.6,0,0,0
254,48,106,66,83,0.52,0.71,430,542,50,31,49,0,0.46,0.4,0,0,1
217,17,155,56,9,0.14,0.6,991,110,111,65,42,0,0.58,0.6,5,0,0
570,25,431,75,97,0.5,0.76,856,528,45,77,21,23,0.62,0.9,0,1,1
456,40,282,43,107,0.37,0.44,947,66,231,36,46,0,0.6,0.4,2,1,1
782,379,440,76,23,0.64,0.77,396,373,135,52,8,8,0.31,0.6,0,1,1
585,203,341,38,55,0.97,0.35,759,599,236,43,10,11,0.52,0.9,0,1,1
91,286,373,67,76,0.7,0.39,799,259,181,38,82,14,0.77,0.6,2,0,0
643,41,433,78,57,0.9,0.94,872,551,43,59,48,21,0.63,0.8,2,1,1
777,185,229,60,25,0.68,0.33,218,583,12,46,1,20,0.34,0.4,10,0,0
736,347,253,69,116,0.8,0.43,179,405,17,77,79,6,0.41,0.6,3,1,1
58,62,442,77,96,0.51,0.63,168,145,168,33,8,6,0.45,0.9,0,0,1
149,197,362,35,53,0.46,0.63,185,217,147,33,3,25,0.3,0.4,10,1,0
469,32,210,38,68,0.2,0.78,987,62,292,66,62,21,0.32,0.8,10,0,0
365,360,422,52,49,0.85,0.64,163,116,24,35,62,18,0.81,0.9,2,0,1
707,181,447,40,103,0.9,0.33,271,329,86,63,56,5,0.93,0.4,3,1,1
457,323,496,72,32,0.46,0.66,493,319,156,48,79,17,0.58,0.6,0,0,1
169,78,68,69,116,0.33,0.73,450,527,42,58,85,11,0.37,0.6,3,1,0
473,124,339,73,26,0.77,0.91,399,52,142,41,4,13,0.91,0.8,3,1,1
164,259,297,78,28,0.72,0.37,553,345,195,76,68,0,0.6,1.0,3,0,0
662,194,41,38,79,0.31,0.84,846,96,102,51,3,19,0.37,0.8,1,0,1
793,137,421,32,106,0.86,0.82,859,255,179,49,39,12,0.33,0.6,10,0,0
329,167,283,70,110,0.97,0.51,214,271,73,74,71,23,0.34,1.0,5,1,1
784,379,182,30,107,0.72,0.74,558,480,200,66,54,14,0.7,0.9,10,0,0
743,191,309,53,104,0.6,0.84,215,426,189,37,58,12,0.72,0.9,0,1,1
310,396,483,41,26,0.06,0.72,819,56,197,35,17,0,0.82,0.9,2,0,1
542,163,434,42,44,0.68,0.99,351,399,46,65,65,5,0.58,0.9,0,0,1
302,55,379,54,42,0.19,0.85,627,103,175,53,78,23,0.48,0.8,1,0,1
120,294,294,65,15,0.49,0.52,887,300,280,61,52,19,0.87,0.9,3,1,0
127,75,53,52,11,0.24,0.87,967,200,215,57,108,23,0.47,0.8,0,0,0
701,383,362,39,114,0.57,0.34,132,49,188,50,107,2,0.56,0.4,5,0,1
723,94,487,56,116,0.74,0.84,944,451,222,67,30,6,0.51,0.9,10,0,0
537,181,468,59,33,0.4,0.6,189,454,160,41,47,15,0.54,1.0,0,0,1
582,53,249,33,101,0.31,0.49,964,146,120,61,119,24,0.98,0.8,3,0,0
567,178,174,55,28,0.48,0.9,933,582,127,71,119,15,0.69,0.8,0,0,0
536,16,33,51,110,0.85,0.53,860,311,161,74,67,24,0.73,1.0,1,0,0
102,110,379,37,112,0.52,0.97,365,280,287,30,64,6,0.71,0.4,5,1,0
628,227,290,32,19,0.29,0.97,426,472,234,74,33,20,0.74,1.0,1,0,0
177,83,150,76,20,0.94,0.58,490,87,169,36,54,25,0.5,0.9,0,1,1
74,155,411,63,89,0.31,0.39,331,103,232,53,13,18,0.85,1.0,0,0,1
115,360,274,35,61,0.43,0.57,689,449,277,36,40,1,0.91,0.9,0,0,0
437,395,330,30,28,0.1,0.71,424,468,166,57,103,12,0.94,0.4,0,1,0
374,276,336,65,112,0.09,0.88,658,155,273,50,12,24,0.31,0.6,3,0,1
745,360,425,50,11,0.79,0.41,943,325,198,70,15,11,0.53,0.9,1,0,1
86,36,208,32,69,0.04,0.95,602,577,245,68,110,16,0.36,0.9,2,1,0
612,59,380,64,48,0.11,0.64,172,254,89,56,15,8,0.57,0.4,2,0,1
490,326,362,41,109,0.38,0.89,354,222,213,67,120,25,0.65,0.4,3,0,0
355,71,370,71,109,0.54,0.62,452,352,277,43,44,18,0.76,0.4,0,0,1
684,354,70,58,78,0.83,0.82,398,445,286,34,95,21,0.51,0.9,10,0,0
181,117,247,40,39,0.05,0.97,160,182,30,37,65,10,0.47,0.4,2,0,1
272,361,174,51,30,0.49,0.73,857,465,158,37,74,19,0.76,0.4,10,0,0
663,275,96,75,20,0.49,0.63,241,359,188,62,93,1,0.44,0.6,0,0,1
474,247,256,50,52,0.88,0.55,472,528,182,72,71,9,0.53,0.8,1,0,0
559,360,396,58,27,0.49,0.84,631,250,58,38,91,20,0.91,0.4,2,0,1
180,198,374,33,67,0.1,0.77,366,564,299,71,74,13,0.36,0.9,1,1,0
783,67,385,64,65,0.53,0.72,633,208,210,80,111,21,0.35,1.0,1,0,1
702,220,30,47,54,0.73,0.45,684,193,78,62,50,22,0.64,1.0,5,0,0
298,152,458,54,38,0.81,0.42,223,508,146,30,115,1,0.87,0.9,3,1,1
216,253,378,61,2,0.78,0.31,254,523,138,51,35,19,0.83,0.4,2,0,0
558,362,266,52,95,0.66,0.5,249,178,277,48,104,16,0.9,1.0,0,0,1
328,375,224,72,54,0.94,0.82,381,98,203,57,82,8,0.92,0.9,0,1,1
778,181,128,41,8,0.95,1.0,664,544,176,57,77,14,0.63,0.9,0,1,0
204,177,485,46,118,0.51,0.73,179,180,272,44,96,1,0.35,0.9,2,0,1
445,42,232,47,31,0.21,0.91,181,535,63,31,56,1,0.98,1.0,10,0,0
346,110,392,49,119,0.37,0.57,804,279,290,44,75,18,0.59,0.6,3,1,1
235,229,171,34,84,0.42,0.98,784,553,84,43,66,10,0.59,0.9,3,1,0
351,174,114,78,73,0.42,0.55,865,317,67,49,88,3,0.65,0.6,0,0,0
226,217,45,74,78,0.25,0.51,841,537,222,77,96,14,0.7,0.8,5,1,0
668,306,34,37,79,0.82,0.92,254,105,178,63,85,22,0.85,0.8,1,1,0
468,172,457,72,55,0.07,0.84,554,348,23,77,32,5,0.99,0.8,5,0,0
382,87,369,30,36,0.12,0.92,747,202,258,31,14,8,0.45,1.0,0,0,1
354,53,388,73,6,0.01,0.68,400,546,274,54,107,19,0.78,1.0,3,1,1
591,371,172,59,91,0.17,0.47,279,213,248,64,23,5,0.91,0.9,10,1,0
322,373,464,71,81,0.52,0.92,296,342,160,31,4,0,0.86,0.9,0,0,1
711,357,356,50,31,0.09,0.5,165,478,107,67,101,24,0.68,1.0,2,0,1
312,314,300,48,37,0.36,0.5,956,175,20,67,105,25,0.45,0.4,0,1,0
145,53,263,62,19,0.2,0.48,909,359,26,44,54,24,0.88,0.4,0,1,0
674,368,274,45,96,0.13,0.51,520,349,97,78,107,0,0.85,0.9,0,1,0
67,246,207,56,68,0.61,0.41,192,551,266,38,57,13,0.46,0.6,5,0,0
191,25,448,65,49,0.9,0.48,729,327,276,38,6,11,0.76,1.0,0,1,1
615,31,411,40,42,0.14,0.9,265,365,26,31,78,7,0.36,0.8,10,1,1
252,389,383,58,58,0.38,0.38,338,359,274,75,102,17,0.33,0.8,0,0,1
263,215,240,73,102,0.24,0.59,128,288,183,39,55,0,0.31,0.4,3,0,1
685,89,95,54,107,0.76,0.42,439,572,102,39,52,6,0.99,0.4,5,0,0
210,126,119,59,5,0.98,0.32,402,185,210,56,21,5,0.65,0.6,1,0,0
457,76,224,76,120,0.95,0.99,736,466,254,71,82,22,0.97,0.6,0,0,1
791,364,361,61,75,0.34,1.0,938,340,73,42,33,0,0.81,0.8,0,0,1
123,298,479,51,69,0.9,0.75,346,141,26,71,6,22,0.58,1.0,5,0,1
157,119,485,67,10,0.79,0.58,416,231,108,53,115,3,0.75,0.8,0,0,1
698,138,489,42,83,0.26,0.47,835,69,29,78,120,15,0.93,0.6,0,1,1
509,359,226,47,62,0.63,0.33,711,196,80,69,55,8,0.37,0.4,3,0,0
653,61,343,67,47,0.44,0.45,605,366,299,50,105,21,0.62,0.8,2,0,1
412,138,85,55,107,0.51,0.88,239,288,203,46,58,10,0.99,0.8,3,0,1
134,168,272,70,65,0.33,0.86,947,581,246,38,104,19,0.43,1.0,5,0,0
437,237,421,37,65,0.5,0.88,383,445,43,30,109,18,0.38,0.8,10,0,0
281,34,322,68,93,0.2,0.5,271,444,257,53,78,9,0.77,0.6,0,0,1
160,152,459,47,76,0.94,0.4,828,585,279,58,45,20,0.31,0.6,0,0,0
446,280,459,44,0,0.05,0.64,601,531,174,45,30,23,0.61,0.8,0,0,1
676,390,394,30,103,0.25,0.89,243,541,269,73,110,24,0.31,0.8,10,0,0
327,224,112,47,64,0.47,0.86,370,476,21,39,104,19,0.57,0.9,0,0,1
292,327,217,54,51,0.53,0.42,214,482,43,36,81,10,0.85,0.9,3,0,1
166,208,218,63,28,0.52,0.66,992,314,28,67,9,3,0.35,0.8,2,1,1
377,228,380,65,41,0.92,0.87,314,228,128,60,101,16,0.64,0.6,2,0,1
649,278,468,72,50,0.43,0.79,204,245,185,34,0,17,0.97,1.0,10,0,1
133,243,288,65,59,0.12,0.77,343,591,18,48,119,23,0.76,0.9,0,1,1
375,193,265,34,90,0.55,0.81,761,597,185,63,19,19,0.54,0.4,1,0,0
104,89,125,32,85,0.22,0.33,234,339,116,63,44,1,0.67,0.8,1,1,0
468,310,290,47,58,0.42,0.95,228,488,229,62,86,11,0.69,0.9,2,0,1
576,361,294,54,36,0.42,0.57,845,376,192,59,21,23,0.92,0.8,3,0,0
89,125,177,46,21,0.54,0.91,243,367,295,58,95,12,0.42,0.6,2,0,0
275,115,177,58,7,0.77,0.33,979,280,269,67,35,10,0.33,0.4,3,0,0
162,215,121,80,72,0.68,0.81,484,235,273,73,30,25,0.62,1.0,0,0,1
348,164,423,59,36,0.04,0.94,854,528,128,39,2,14,0.53,0.8,5,1,0
167,164,480,63,118,0.57,0.33,424,286,203,51,101,0,0.67,0.8,5,0,0
280,384,460,41,120,0.65,0.31,879,491,56,37,37,10,0.3,0.4,3,0,0
149,39,409,49,54,0.77,0.73,600,435,204,61,89,21,0.72,0.6,0,0,0
630,323,470,50,77,0.22,0.88,695,491,120,72,18,23,0.7,0.6,5,0,0
707,165,225,40,8,0.39,0.67,555,166,48,80,8,17,0.36,1.0,1,0,1
678,202,400,56,73,0.74,0.42,638,97,202,70,58,8,0.66,1.0,10,0,0
183,292,395,60,78,0.72,0.91,748,130,208,44,90,20,0.45,0.8,1,0,1
777,221,109,35,76,0.29,0.78,788,269,58,46,118,16,0.99,1.0,2,0,0
292,52,309,62,100,0.64,0.98,551,182,43,79,110,0,0.59,0.8,0,0,1
237,273,199,56,71,0.91,0.78,656,403,211,34,73,20,0.65,0.9,0,0,1
480,30,57,38,77,0.89,0.97,357,176,103,69,91,1,0.32,0.6,2,0,0
289,254,299,78,68,0.43,0.51,811,121,55,30,17,4,0.82,1.0,2,0,1
457,233,193,44,69,0.54,0.52,852,174,150,78,52,3,0.43,0.4,0,0,0
227,150,213,66,85,0.85,0.7,134,62,253,79,91,17,0.79,0.9,10,1,0
133,338,161,37,108,0.16,0.83,828,300,70,66,53,22,0.5,0.9,5,1,0
285,263,430,31,59,0.98,0.31,143,563,97,39,80,20,0.38,0.4,1,0,1
392,395,446,47,12,0.23,0.7,336,226,71,35,72,5,0.59,1.0,0,1,1
402,198,243,67,119,0.8,0.47,677,263,111,80,62,0,0.37,0.8,0,0,1
656,306,72,41,120,0.78,0.74,214,496,130,37,20,14,0.37,0.4,0,0,1
88,222,34,69,79,0.41,0.7,854,443,286,43,24,9,0.51,0.8,0,1,0
588,93,328,35,61,0.25,0.81,718,72,12,46,87,12,0.93,0.6,0,0,1
708,177,69,75,62,0.5,0.85,696,185,240,56,24,23,0.96,0.9,10,1,0
94,341,186,73,20,0.49,0.56,714,120,193,67,115,2,0.52,1.0,0,0,1
472,94,275,31,9,0.59,0.67,906,63,265,75,80,6,0.87,0.8,10,1,0
515,200,312,56,116,0.87,0.86,744,292,134,79,11,1,0.96,0.8,0,1,1
723,104,272,64,87,0.06,0.35,864,91,27,63,32,13,0.95,0.8,1,0,1
113,51,474,75,80,0.02,0.7,148,457,10,75,52,9,0.99,0.9,2,0,1
156,219,478,60,58,0.59,0.79,258,365,27,32,63,12,0.79,0.8,3,0,1
135,243,189,76,89,0.39,0.53,343,394,175,35,36,9,0.64,0.6,5,1,0
457,345,248,44,50,0.77,0.37,981,277,74,39,83,8,0.98,1.0,1,0,0
340,30,437,73,83,0.34,0.7,498,146,240,42,25,25,0.68,0.8,0,0,1
435,97,354,52,2,0.9,0.99,269,574,54,80,14,21,0.64,1.0,0,0,1
144,340,313,77,99,0.54,0.88,856,58,166,59,41,10,0.95,0.4,0,0,1
356,235,82,62,104,0.45,0.46,524,262,211,70,86,23,0.62,0.8,0,0,0
358,98,500,70,94,0.43,0.55,712,305,59,48,117,7,0.6,0.6,3,1,1
416,132,318,63,65,1.0,0.7,423,405,180,73,55,13,0.73,0.8,2,0,1
484,147,350,51,27,0.05,0.68,212,275,283,35,75,13,0.47,0.6,5,0,1
352,365,336,64,77,0.35,0.69,396,381,25,56,31,15,0.85,0.8,5,1,1
59,173,393,79,38,0.51,0.48,320,390,130,33,84,1,0.85,1.0,0,1,1
776,317,366,78,53,0.99,0.64,679,93,122,40,82,7,0.93,1.0,0,1,1
190,177,442,37,102,0.39,0.41,910,323,22,50,97,10,0.86,1.0,2,0,0
95,362,136,76,79,0.74,0.89,992,379,113,50,19,2,0.61,0.6,10,1,0
600,355,147,57,18,0.69,0.37,757,445,65,76,15,4,0.34,0.4,0,0,0
762,344,330,45,79,0.45,0.8,637,246,232,36,9,1,0.48,1.0,10,1,1
591,92,448,59,11,0.22,0.76,169,89,182,73,48,13,0.39,1.0,10,0,1
81,77,418,50,117,0.02,0.48,197,153,162,47,88,24,0.65,0.8,0,1,1
603,97,96,34,51,0.94,0.39,230,67,178,78,91,10,0.49,0.6,0,0,0
692,212,185,78,61,0.04,0.66,180,317,169,46,101,3,0.94,0.8,5,1,1
239,13,441,68,10,0.37,0.97,996,436,48,63,22,3,0.35,1.0,0,0,1
557,318,96,79,63,0.98,0.35,567,335,222,59,80,23,0.49,1.0,0,1,1
606,313,276,65,61,0.1,0.37,459,271,92,39,75,22,0.93,0.8,10,1,0
543,308,399,77,103,0.18,0.64,518,407,296,67,75,7,0.77,1.0,0,1,1
770,165,486,68,5,0.93,0.8,562,156,246,63,80,10,0.81,0.8,1,0,1
799,361,373,46,54,0.09,0.46,643,336,116,58,36,10,0.94,0.8,2,0,0
181,358,54,64,65,0.51,0.47,449,596,211,59,86,15,0.87,0.6,3,1,0
454,234,383,50,105,0.07,0.93,350,227,30,40,71,16,0.61,1.0,0,0,1
563,314,427,61,113,0.8,0.83,284,375,295,45,19,24,0.94,0.4,0,1,1
197,31,409,76,105,0.87,0.63,234,522,134,71,87,15,0.53,0.4,0,0,1
527,241,126,47,28,0.9,0.75,699,222,11,80,12,4,0.38,1.0,0,1,1
554,385,280,64,71,0.06,0.5,441,345,57,37,30,20,0.54,0.4,0,1,1
621,76,80,40,47,0.02,0.43,215,482,207,56,43,18,0.71,0.8,5,1,0
138,370,218,73,103,0.8,0.95,147,164,105,58,43,3,0.71,1.0,0,1,1
349,347,333,68,29,0.02,0.9,201,229,47,37,18,25,0.94,0.4,1,0,1
62,120,43,42,78,0.8,0.51,964,50,207,40,68,16,0.89,0.9,0,0,0
252,157,396,48,63,0.49,0.47,482,490,210,77,55,2,0.77,1.0,10,0,0
643,315,493,67,7,0.5,0.83,145,279,58,37,115,25,0.38,0.8,0,0,1
771,103,442,54,41,0.46,0.47,991,101,134,65,76,19,0.64,0.6,3,0,1
145,31,170,34,120,0.25,0.61,715,321,216,47,79,17,0.98,0.6,0,0,0
121,172,243,33,113,0.66,0.34,649,91,207,74,1,15,0.49,0.6,2,0,0
417,303,101,58,28,0.88,0.93,501,136,299,41,86,10,0.38,0.9,0,1,1
75,81,329,67,103,0.7,0.63,737,399,27,34,95,18,0.5,0.8,0,1,1
510,140,320,45,104,0.89,0.62,525,531,33,65,4,1,0.54,0.4,0,1,1
800,79,248,49,114,0.3,0.45,579,406,100,46,40,3,0.86,0.8,3,0,0
189,360,386,75,80,0.64,0.92,840,546,26,76,18,9,0.76,0.6,2,1,0
551,202,437,67,67,0.99,0.54,282,516,51,59,82,9,1.0,0.6,5,0,0
85,380,379,56,1,0.28,0.6,754,210,134,58,87,11,0.38,0.6,2,0,0
665,338,183,78,99,0.72,0.65,643,275,227,33,42,2,0.65,0.4,3,0,1
573,363,44,46,7,0.59,0.5,213,217,120,77,4,6,0.91,0.4,0,1,0
571,57,379,54,20,0.06,0.32,497,508,268,77,76,3,0.43,0.9,2,0,0
315,313,439,77,12,0.81,0.61,859,124,82,43,93,13,0.47,0.9,0,1,1
75,110,52,73,49,0.53,0.37,278,58,39,43,119,2,0.88,1.0,3,1,0
117,262,465,37,15,0.7,0.54,587,212,217,40,6,1,0.5,0.4,3,0,0
482,290,79,75,97,0.96,0.68,247,359,177,63,33,11,0.89,0.4,5,0,0
646,205,365,69,86,0.49,0.9,190,299,286,38,38,9,0.41,0.8,0,0,1
429,326,147,47,103,0.69,0.91,475,303,187,45,48,1,0.58,0.8,1,0,1
294,27,171,70,35,0.93,0.39,191,105,23,51,11,14,0.65,0.4,2,0,1
685,117,392,42,89,0.85,0.43,717,315,68,66,118,18,0.86,0.6,2,0,0
289,361,477,49,82,0.69,0.81,523,266,254,54,21,2,0.72,0.8,1,0,1
685,89,318,31,12,0.18,0.47,392,199,154,66,46,23,0.65,1.0,0,0,1
356,162,92,76,95,0.19,0.7,664,540,247,77,50,22,0.46,0.6,0,0,0
139,217,168,33,85,0.25,0.6,824,84,155,75,12,6,0.82,0.8,5,0,0
332,101,97,31,103,0.74,0.81,667,472,105,45,39,17,0.65,1.0,0,1,0
330,257,470,76,108,0.43,0.77,696,515,191,69,69,5,0.71,0.4,0,1,1
192,129,233,73,87,0.96,0.33,361,166,95,41,78,25,0.34,0.6,0,1,1
78,179,433,48,100,0.52,0.7,224,448,102,47,0,0,0.36,0.8,0,0,1
185,126,406,58,66,0.47,0.5,786,513,232,56,25,25,0.93,0.8,0,0,0
796,391,127,68,79,0.8,0.79,600,179,175,58,68,6,0.38,0.6,0,1,1
460,130,484,73,50,0.53,0.91,672,232,224,53,55,11,0.56,0.6,5,1,1
390,66,480,35,58,0.95,0.76,180,136,61,54,105,1,0.4,0.6,2,1,1
185,364,489,52,27,0.0,0.71,922,248,142,75,81,19,0.68,0.4,5,0,0
775,263,284,72,82,0.05,0.38,842,387,276,66,75,6,0.57,1.0,1,1,1
570,52,87,64,21,0.52,0.56,591,195,107,49,1,14,0.42,0.9,5,0,0
297,332,121,48,28,0.39,0.42,837,469,134,72,30,8,0.95,0.8,1,0,0
568,158,282,66,29,0.81,0.63,711,185,293,77,117,8,0.53,0.9,2,0,1
504,186,381,50,115,0.91,0.78,403,220,160,44,24,19,0.89,0.4,2,0,1
570,302,111,44,32,0.92,0.34,419,534,210,68,91,23,0.7,0.6,5,0,0
482,171,455,35,109,0.13,0.96,255,574,113,50,98,23,0.63,0.8,0,1,1
674,39,369,78,114,0.36,0.64,597,86,184,36,110,3,0.42,0.6,5,0,1
149,167,147,59,67,0.07,0.35,843,342,212,62,30,3,0.8,0.6,0,0,0
782,69,273,48,58,0.07,0.92,843,316,213,30,13,18,0.58,0.9,0,1,1
759,137,63,62,54,0.59,0.84,578,540,130,45,46,2,0.85,0.6,1,1,1
466,10,192,42,51,0.74,0.42,124,280,152,41,113,18,0.37,0.9,2,0,1
785,28,312,33,13,0.37,0.79,305,163,247,48,22,1,0.93,0.9,10,0,0
518,332,420,58,48,0.58,0.42,725,411,77,33,60,1,0.96,0.4,3,0,0
205,38,420,51,110,0.2,0.9,947,253,172,30,25,15,0.94,0.4,2,0,0
666,153,239,44,109,0.58,0.54,449,439,94,77,35,24,0.6,0.4,10,1,0
630,268,461,33,75,0.67,0.51,113,48,34,64,107,0,0.57,0.6,2,1,1
558,259,355,65,73,0.11,0.81,473,253,274,44,26,5,0.8,0.8,0,0,1
485,113,416,55,73,0.82,0.34,899,560,238,67,57,0,0.66,0.4,2,0,0
704,172,183,66,78,0.92,0.88,976,449,189,35,32,6,0.65,0.4,0,1,1
330,16,267,37,23,0.71,0.49,464,241,92,61,43,16,0.44,0.9,0,1,1
83,280,396,75,87,0.48,0.95,188,46,202,38,99,12,0.56,1.0,5,1,1
255,232,328,73,71,0.79,0.52,571,471,272,47,1,9,0.79,1.0,2,0,1
162,39,203,33,53,0.19,0.49,374,476,170,45,84,1,0.44,0.4,10,1,0
399,62,97,30,51,0.42,0.68,616,355,201,76,118,17,0.49,0.9,10,0,0
428,210,275,55,69,0.01,0.76,900,524,84,57,90,12,0.88,0.9,1,0,0
590,34,188,66,45,0.29,0.38,805,65,163,43,17,23,0.81,0.8,0,0,1
714,390,139,72,60,0.56,0.48,828,371,40,53,8,1,0.5,0.6,10,1,0
80,312,199,34,86,0.59,0.78,225,377,147,63,63,11,0.96,0.9,2,0,0
145,309,317,70,6,0.98,0.59,755,317,248,51,49,5,0.61,1.0,3,0,0
61,185,232,69,77,0.66,0.53,116,470,130,80,12,13,0.7,1.0,5,0,0
296,223,250,47,33,0.93,0.7,415,349,167,54,54,15,0.87,0.6,2,0,0
508,307,65,48,6,0.18,0.78,676,450,216,57,78,17,0.71,0.4,0,0,0
197,93,425,50,47,0.69,0.42,217,384,53,38,71,25,0.96,0.8,2,1,1
352,248,319,43,30,0.03,0.65,214,524,224,63,5,12,0.51,0.6,0,0,0
422,47,286,54,70,0.31,0.84,445,156,183,53,33,6,0.42,0.9,2,0,1
689,248,184,57,13,0.88,0.43,630,91,119,69,14,22,0.85,0.8,0,0,1
480,337,443,55,1,0.79,0.83,662,129,146,55,73,7,0.54,0.6,5,0,1
591,176,441,63,111,0.15,0.93,561,568,132,41,67,21,0.71,1.0,3,0,1
253,302,414,70,12,0.76,0.77,916,223,187,66,11,24,0.49,1.0,5,0,1
708,169,319,55,111,0.24,0.85,256,185,212,69,22,19,0.68,0.6,2,0,1
610,86,188,38,55,0.04,0.45,746,173,89,38,34,14,0.56,0.6,0,0,1
667,246,196,33,45,0.67,0.37,711,371,47,79,10,8,0.58,1.0,10,0,0
669,16,235,48,92,0.58,0.76,214,224,73,43,19,10,0.69,0.4,10,1,1
199,133,127,34,115,0.48,0.36,890,319,49,31,90,2,0.88,0.9,0,1,0
103,255,357,74,0,0.35,0.43,229,284,96,63,60,18,0.65,0.8,0,1,1
318,129,358,65,86,0.42,0.99,845,599,76,32,17,18,0.47,1.0,2,0,1
123,368,317,48,74,0.06,0.33,719,171,60,46,58,14,0.82,0.6,3,1,0
645,88,93,46,115,0.61,0.77,107,197,154,65,6,10,0.48,0.9,0,0,1
137,76,363,56,51,0.33,0.95,407,514,79,75,33,2,0.71,0.6,0,0,0
737,190,192,68,49,0.71,1.0,596,415,40,75,86,2,0.4,0.8,10,0,0
330,363,113,41,102,0.14,0.57,718,483,159,45,68,22,0.74,0.6,5,1,0
456,83,300,43,45,0.66,0.4,337,307,221,66,40,0,0.62,0.4,0,0,1
408,278,222,41,37,0.2,0.74,583,280,81,53,56,25,0.74,0.4,3,0,0
204,192,173,73,47,0.99,0.38,802,318,185,36,48,10,0.54,1.0,1,0,0
177,271,377,30,26,0.64,0.79,153,206,203,64,90,25,0.72,0.4,1,0,0
590,29,405,55,97,0.53,0.31,123,584,126,40,10,2,0.71,0.9,2,1,1
413,312,117,53,40,0.84,0.4,663,264,112,68,36,20,0.63,0.9,1,0,0
470,98,116,45,8,0.96,0.65,490,458,192,64,22,6,0.49,0.4,10,0,0
660,15,47,77,94,0.85,0.62,1000,120,281,34,47,20,0.82,0.6,10,0,0
670,171,431,41,55,0.22,0.37,939,438,104,38,100,15,0.96,0.4,10,1,0
350,88,449,46,120,0.58,0.87,346,388,263,32,103,25,0.75,0.4,0,0,1
622,192,496,49,96,0.65,0.47,427,523,128,52,28,8,0.33,1.0,10,0,1
239,64,245,32,19,0.27,0.32,112,162,177,78,32,11,0.72,0.6,0,1,0
526,19,220,30,26,0.14,0.33,967,151,280,55,73,16,0.92,0.8,0,0,0
470,86,100,67,52,0.34,0.89,562,131,201,49,82,21,0.49,0.8,10,0,0
639,321,64,72,19,0.47,0.33,123,541,203,74,9,14,0.86,0.9,3,0,1
730,366,450,80,29,0.46,0.46,365,473,134,43,72,5,0.69,0.9,1,0,1
151,307,359,41,4,0.75,0.88,674,134,252,74,107,8,0.71,0.8,0,1,1
536,380,98,77,107,0.48,0.66,357,595,48,30,107,5,0.71,0.6,5,1,1
552,186,463,79,70,0.27,0.41,395,336,262,64,12,22,0.82,0.6,10,0,0
507,240,102,33,84,0.06,0.9,815,60,141,41,4,15,0.95,0.4,1,0,0
623,24,318,71,14,0.4,0.81,351,452,253,78,102,4,0.52,0.8,0,0,1
244,109,198,68,53,0.19,0.85,171,368,90,45,75,13,0.9,1.0,0,1,1
779,58,272,34,78,0.73,0.47,650,198,41,39,56,5,0.52,1.0,5,0,1
487,363,324,61,21,0.05,0.56,132,385,176,58,72,3,0.73,0.9,3,1,1
745,337,253,63,16,0.29,0.45,471,108,67,35,42,25,0.76,1.0,3,0,1
744,380,418,49,23,0.2,0.86,585,49,136,66,5,8,0.37,0.8,2,0,1
639,209,404,51,52,0.35,0.77,951,503,126,55,78,12,0.74,0.4,0,1,0
721,346,490,60,97,0.69,0.95,444,61,142,58,99,21,0.64,0.9,3,0,1
277,178,421,41,90,0.22,0.58,907,286,55,39,52,21,0.76,0.8,0,0,0
767,119,377,50,2,0.13,0.62,772,269,212,66,120,24,0.87,0.6,10,0,0
640,231,90,39,31,0.15,0.84,494,203,93,32,113,3,0.87,0.4,3,0,0
753,66,422,49,4,0.29,0.79,524,348,252,55,64,1,0.62,0.8,3,0,1
149,106,249,54,2,0.04,0.67,412,148,83,72,91,13,0.58,0.4,3,0,0
423,226,178,66,5,0.83,0.68,336,109,91,70,87,19,0.39,0.8,1,0,1
283,32,390,80,87,0.47,0.42,973,502,40,59,89,19,0.36,0.4,2,0,0
334,208,172,77,92,0.59,0.76,798,313,203,39,4,9,0.47,0.4,10,0,0
392,183,345,44,22,0.27,0.93,465,255,292,73,95,18,0.77,0.6,0,0,0
365,301,135,48,1,0.8,0.88,910,104,68,63,28,12,0.65,0.4,1,0,0
364,240,249,80,113,0.52,0.77,978,596,30,80,86,10,0.42,0.6,3,0,0
287,174,211,41,17,0.2,0.61,557,397,172,44,62,10,0.54,0.9,2,0,0
167,276,444,36,24,0.52,0.82,298,508,176,38,119,10,0.98,0.4,3,0,0
382,293,433,59,74,0.74,0.68,474,75,294,39,67,23,0.34,1.0,2,0,1
68,209,345,79,27,0.61,0.3,392,424,272,62,70,9,0.83,0.4,0,0,0
799,348,479,31,15,0.12,0.58,211,255,146,49,73,12,0.57,0.6,5,0,1
705,24,460,58,6,0.92,0.42,980,505,164,51,34,19,0.91,1.0,10,0,0
221,342,433,62,39,0.32,0.4,902,140,43,54,100,6,0.76,0.4,0,1,0
339,86,242,42,27,0.64,0.58,295,524,100,58,3,9,0.91,1.0,5,0,0
296,268,197,51,89,0.13,0.69,454,529,225,38,17,8,0.66,0.9,0,0,1
717,221,478,50,119,0.34,0.47,807,145,81,43,52,12,0.67,0.6,10,0,0
566,216,435,65,111,0.1,0.58,797,454,129,44,104,17,0.55,0.6,2,0,1
256,271,467,41,81,0.72,0.52,331,49,90,44,84,7,0.87,0.4,5,0,1
455,23,479,56,102,0.72,0.45,495,337,248,75,6,23,0.61,1.0,0,1,1
220,346,143,65,4,0.48,0.44,180,314,77,77,21,21,0.6,1.0,1,1,1
271,72,257,30,73,0.54,0.9,807,394,60,42,81,9,0.53,1.0,5,0,0
195,122,93,45,98,0.2,0.8,943,281,183,69,24,15,0.67,0.9,10,1,0
286,295,362,39,41,0.79,0.36,713,395,246,73,112,21,0.43,0.4,0,1,0
199,271,426,76,118,0.86,0.84,293,196,283,67,43,5,0.31,0.9,2,1,1
173,238,52,68,76,0.49,0.8,143,379,117,50,105,12,0.64,0.8,3,0,0
177,342,296,34,4,0.27,0.65,509,64,141,46,110,1,0.81,0.6,0,0,1
686,207,306,55,49,0.07,0.94,430,233,112,72,109,24,0.67,0.9,3,0,1
108,335,345,68,15,0.65,0.36,146,266,168,50,67,2,0.33,1.0,3,0,1
106,282,232,51,103,0.03,0.38,376,429,126,30,99,16,0.64,0.9,1,1,0
635,18,126,47,49,0.97,0.44,750,436,275,32,97,3,0.38,0.6,2,0,0
124,313,229,41,55,0.61,0.33,104,550,133,38,29,18,0.32,0.4,0,1,1
659,261,69,44,20,0.07,0.72,573,465,181,79,104,18,0.54,0.8,0,1,0
720,243,131,34,44,0.15,0.94,198,129,202,32,94,19,0.86,0.6,0,0,1
146,133,194,39,78,0.89,0.73,399,132,106,40,82,1,0.4,0.4,2,1,1
415,281,213,43,75,0.93,1.0,649,400,232,34,42,19,0.74,1.0,5,1,1
102,39,319,80,7,0.54,0.63,980,438,84,34,46,10,0.4,0.8,0,0,0
755,182,399,67,24,0.3,0.44,884,592,93,51,39,24,0.69,0.6,3,0,0
583,396,169,30,82,0.01,0.55,376,464,176,40,79,21,0.46,0.6,0,0,0
669,249,357,63,52,0.27,0.56,929,205,155,49,39,7,0.68,0.9,2,1,1
636,376,480,67,103,0.0,0.7,703,202,207,39,61,20,0.65,1.0,1,0,1
730,58,87,48,120,0.21,0.31,446,574,134,80,49,6,0.89,0.4,1,0,0
667,146,363,31,15,0.29,0.7,344,48,157,58,77,5,0.71,0.8,3,1,1
658,378,176,42,75,0.59,0.79,852,421,300,69,50,5,0.93,1.0,0,1,0
467,264,193,53,19,0.97,0.99,188,403,226,61,58,4,0.95,0.4,0,1,1
677,168,345,79,98,0.86,0.53,822,43,214,35,108,1,0.8,0.6,5,1,1
394,300,309,46,78,0.38,0.84,351,317,278,60,51,12,0.66,0.8,2,1,1
551,99,75,38,7,0.51,0.95,404,165,171,34,14,5,1.0,1.0,10,0,0
186,377,319,30,55,0.62,0.99,359,363,148,39,41,13,0.66,0.4,1,0,1
548,81,137,76,104,0.17,0.4,865,511,69,36,4,15,0.58,0.6,5,0,0
324,302,437,65,110,0.91,0.68,779,354,132,37,113,17,0.69,0.8,0,0,1
167,245,130,74,73,0.03,0.48,274,588,252,74,72,0,0.38,0.8,5,0,0
572,294,465,56,67,0.37,0.42,880,280,63,36,49,24,0.7,0.8,3,1,1
360,391,219,71,28,0.69,0.97,935,167,265,73,80,18,0.89,0.9,1,0,1
138,319,368,54,87,0.92,0.67,136,199,111,74,72,0,0.79,0.8,10,0,0
492,232,156,36,88,0.2,0.39,426,484,102,50,117,14,0.77,0.6,5,1,0
238,378,87,47,8,0.23,0.5,378,326,93,72,4,9,0.88,0.4,3,1,0
515,363,31,80,51,0.56,0.34,155,401,297,41,28,13,0.92,0.9,2,0,1
488,390,449,46,39,0.21,0.38,815,426,30,48,24,4,0.89,1.0,0,0,0
248,18,238,59,6,0.38,0.8,340,551,68,59,89,7,0.32,0.6,1,0,1
699,215,284,36,110,0.53,0.68,598,183,140,56,97,9,0.45,1.0,1,0,1
755,213,202,76,78,0.78,0.57,584,361,19,70,7,15,0.46,0.4,0,1,1
172,351,415,63,33,0.68,0.96,613,404,98,51,105,15,0.85,1.0,3,0,1
779,74,261,47,4,0.45,0.37,257,481,23,69,27,2,0.86,0.9,0,1,0
298,171,397,42,9,0.38,0.65,927,419,176,42,67,10,0.75,0.6,0,1,0
700,34,391,36,103,0.46,1.0,945,96,202,65,16,25,0.9,1.0,3,0,1
126,371,337,76,89,0.98,0.57,655,251,261,38,62,6,0.44,0.4,0,1,1
702,157,142,72,62,0.19,0.87,167,524,282,75,77,7,0.63,0.4,1,0,1
293,52,68,50,110,0.43,0.89,529,526,17,34,15,24,0.38,1.0,0,1,1
319,64,92,41,30,0.05,0.71,670,138,253,76,64,18,0.43,1.0,0,1,0
279,249,311,31,38,0.4,0.88,219,260,279,37,50,2,0.6,0.9,1,1,1
660,119,117,34,25,0.87,0.61,146,534,287,79,80,21,0.81,0.9,5,0,0
613,317,435,53,84,0.73,0.46,545,341,196,32,7,20,0.97,0.4,1,1,1
634,133,309,51,95,0.28,0.75,577,437,272,58,43,20,0.46,1.0,0,0,1
436,117,245,63,93,0.45,0.44,674,254,120,34,91,1,0.4,0.6,3,0,1
73,233,87,73,106,0.81,0.77,739,406,159,65,95,10,0.32,0.8,0,0,0
158,50,417,48,59,0.8,0.98,314,355,180,49,82,19,0.45,0.9,0,0,1
672,295,116,50,112,0.62,0.94,838,137,120,50,45,20,0.86,0.6,0,1,1
494,254,315,34,64,0.64,0.3,728,128,240,47,82,10,0.73,0.8,0,1,1
221,344,419,73,44,0.52,0.49,947,73,44,35,69,13,0.46,0.9,10,1,1
631,64,291,33,91,0.65,0.38,427,214,45,77,19,9,0.97,0.6,3,0,0
139,344,441,36,19,0.95,0.36,105,126,100,39,11,4,0.78,0.4,0,1,1
415,38,363,55,36,0.01,0.62,800,171,221,77,118,0,0.87,0.6,10,0,0
550,396,173,46,0,0.41,0.57,359,291,183,44,67,5,0.84,0.8,0,0,1
705,358,177,78,85,0.09,0.36,300,450,145,73,120,15,0.62,1.0,0,0,1
561,343,146,37,99,0.62,0.35,419,144,210,50,56,8,0.35,0.9,0,0,1
611,359,383,79,83,0.98,0.56,914,405,123,58,70,17,0.54,0.4,1,0,1
201,380,321,61,27,0.07,0.96,859,476,110,67,96,7,0.46,0.9,5,1,0
517,200,441,72,85,0.91,0.96,342,574,78,76,51,22,0.34,1.0,1,0,1
217,97,267,44,46,0.1,0.37,893,511,174,52,67,22,0.63,0.4,0,0,0
186,30,126,44,65,0.48,0.38,251,285,178,73,96,24,0.79,0.9,3,1,0
105,85,485,75,40,0.4,0.78,406,66,167,60,102,15,0.5,0.6,10,0,0
478,325,401,57,120,0.56,0.52,951,229,85,73,45,18,0.82,0.6,3,0,0
557,338,179,48,0,0.28,0.69,710,515,289,75,105,7,0.61,0.9,0,0,0
455,106,400,48,104,0.31,0.83,293,262,102,38,113,11,0.72,0.9,10,0,0
243,306,269,63,57,0.8,0.71,192,456,128,79,89,21,0.79,0.9,10,1,0
378,200,168,75,13,0.02,0.62,216,568,173,78,53,7,0.63,1.0,2,0,0
228,173,151,66,15,0.54,0.38,681,440,295,76,11,18,0.52,0.8,0,0,0
257,149,299,32,10,0.64,0.5,536,324,59,56,96,24,0.4,0.9,5,0,0
163,86,89,61,89,0.64,0.31,136,176,96,64,4,0,0.63,0.8,3,1,1
233,22,366,66,72,0.66,0.68,600,554,248,77,3,14,0.45,0.9,2,0,1
316,36,133,49,54,0.94,0.57,150,341,256,35,103,9,0.96,0.6,0,0,1
760,270,438,73,120,0.48,0.84,271,82,265,60,6,6,0.6,0.4,0,0,1
139,121,32,50,94,0.25,0.56,109,347,258,73,42,9,0.91,1.0,10,0,0
533,209,145,59,37,0.51,0.46,335,264,247,34,88,4,0.36,0.6,5,1,1
318,73,470,33,89,0.17,0.83,136,456,67,79,58,24,0.37,0.9,2,0,1
621,263,95,44,73,0.57,0.74,531,467,87,42,35,12,0.52,0.8,1,0,1
163,131,306,49,117,0.04,0.62,782,582,197,41,91,12,0.5,0.6,10,0,0
378,212,136,79,113,0.59,0.6,308,89,16,66,20,10,0.31,0.4,0,0,1
193,276,497,38,88,0.39,0.7,308,470,15,71,20,19,0.33,0.9,0,0,1
330,308,445,69,62,0.26,0.5,907,55,58,65,47,8,0.35,0.8,0,0,1
731,192,138,79,50,0.53,0.96,839,411,32,30,110,7,0.82,0.4,0,0,1
667,82,298,39,30,0.39,0.54,777,391,149,57,39,7,0.67,1.0,1,0,0
292,395,308,53,47,0.37,0.95,107,91,82,65,69,21,0.77,0.6,0,0,1
605,29,37,77,54,0.86,0.39,570,149,160,33,111,5,0.33,0.4,5,0,0
203,101,192,66,24,0.2,0.78,954,149,106,74,28,10,0.64,0.6,1,1,0
709,122,230,66,2,0.2,0.56,407,573,147,68,117,2,0.85,0.6,10,1,0
665,206,365,50,39,0.48,0.67,290,435,219,48,58,5,0.89,1.0,1,1,1
568,127,68,62,82,0.99,0.63,281,375,24,33,24,11,0.36,0.9,2,1,1
571,17,327,35,117,0.99,0.32,183,334,237,69,100,2,0.5,0.4,5,1,0
631,374,144,70,65,0.83,0.59,544,111,296,33,52,17,0.66,0.9,2,0,1
438,256,122,46,12,0.4,0.69,136,418,74,36,37,9,0.55,0.9,1,1,1
240,242,146,72,99,0.59,0.34,672,331,212,37,78,19,0.57,1.0,3,0,0
193,183,201,53,14,0.09,0.88,904,78,108,56,17,24,0.9,0.9,1,0,0
133,10,270,80,36,0.24,0.92,937,108,141,32,6,1,0.69,0.9,5,0,0
127,122,91,66,89,0.01,0.74,808,365,270,78,47,3,0.91,0.4,10,0,0
771,136,480,75,103,0.18,0.31,729,487,161,41,19,25,0.78,0.9,1,1,1
470,43,336,30,88,0.64,0.41,731,436,269,70,116,15,0.53,0.4,0,1,0
247,375,112,76,112,0.1,0.33,951,170,78,57,37,0,0.89,0.6,0,1,0
404,275,87,46,32,0.84,0.57,398,201,294,68,35,12,0.91,1.0,0,1,0
366,154,155,56,59,0.11,0.8,228,101,133,80,111,8,0.7,0.8,10,0,0
508,194,180,48,3,0.75,0.41,789,96,39,80,81,11,0.58,0.6,0,1,1
431,185,360,54,77,0.06,0.77,194,205,144,72,62,17,0.89,0.4,2,0,1
634,160,198,80,94,0.88,0.78,551,534,259,61,25,20,0.54,0.6,10,1,0
384,11,386,79,29,0.25,0.87,561,133,52,32,41,25,1.0,0.6,10,0,0
401,74,318,74,96,0.91,0.47,786,346,119,31,84,22,0.33,0.8,0,0,1
689,310,214,58,84,0.43,0.72,708,598,52,35,70,17,0.48,0.4,10,1,0
421,396,274,80,49,0.31,0.83,865,412,80,30,54,19,0.42,1.0,0,1,1
73,123,44,40,65,0.07,0.62,143,184,297,77,108,0,0.89,1.0,10,0,0
505,291,445,48,73,0.96,0.7,167,336,168,77,82,1,0.68,0.6,0,1,1
409,190,183,69,71,0.83,0.92,493,102,218,76,7,23,0.69,0.8,3,0,1
768,130,443,50,119,0.99,0.96,421,280,285,36,109,21,0.92,1.0,3,0,1
429,216,148,36,36,0.21,0.42,286,397,245,40,48,11,0.85,0.9,1,1,0
112,334,214,47,89,0.71,0.68,700,387,216,39,82,1,0.77,0.8,0,0,1
104,157,436,31,83,0.01,0.48,705,115,66,59,62,22,0.46,0.9,5,0,0
287,357,297,80,119,0.43,0.68,444,256,273,67,36,2,0.87,1.0,2,0,1
498,336,359,35,57,0.8,0.94,180,248,65,30,29,21,0.63,0.9,0,0,1
557,120,98,51,52,0.91,0.7,874,55,117,70,71,19,0.36,0.4,0,0,1
625,45,60,70,36,0.44,0.38,380,340,129,60,41,22,0.72,0.4,2,1,0
413,169,303,45,43,0.07,0.83,323,381,139,44,44,2,0.36,0.4,2,0,1
519,224,409,68,3,0.04,0.87,160,191,23,75,103,15,0.33,0.9,3,0,1
285,357,72,78,85,0.64,0.88,340,118,195,78,48,8,0.43,0.4,0,0,1
360,111,265,64,38,0.46,0.65,966,270,224,40,2,14,0.54,1.0,10,0,0
126,170,367,44,55,0.79,0.67,157,180,168,74,80,13,0.94,0.6,0,0,1
422,281,108,50,28,0.91,0.34,101,439,142,52,101,23,0.73,0.6,0,0,0
172,121,329,54,56,0.99,0.71,754,72,188,60,87,3,0.58,0.8,1,0,1
209,346,123,53,76,0.72,0.72,585,71,220,51,76,21,0.52,0.8,2,1,1
368,89,463,47,59,0.43,0.49,997,232,209,39,25,22,0.58,0.9,0,0,1
360,67,399,31,43,0.13,0.51,969,335,261,50,34,6,0.85,1.0,0,1,0
499,210,460,50,69,0.87,0.7,494,461,90,75,53,15,0.8,0.6,3,0,0
439,238,115,55,15,0.77,0.54,742,498,283,61,28,4,0.9,0.4,1,0,0
333,114,411,31,11,0.31,0.95,772,392,240,55,112,2,0.86,0.6,10,0,0
247,308,315,65,96,0.43,0.54,983,366,82,39,93,20,0.82,1.0,2,0,1
754,228,304,57,35,0.42,0.82,603,534,161,38,22,10,0.91,0.9,3,1,1
512,276,314,44,71,0.62,0.64,594,439,193,62,59,21,0.38,0.6,0,1,1
332,212,279,40,71,0.72,0.72,216,195,199,74,76,16,0.38,0.9,0,0,1
726,326,33,66,120,0.49,0.67,682,278,137,72,98,23,0.82,0.4,5,1,0
359,133,186,52,62,0.98,0.86,564,296,89,42,65,3,0.59,0.9,0,0,1
254,21,186,59,60,0.44,0.45,180,342,279,51,65,2,0.37,0.4,10,0,0
484,217,388,62,116,0.23,0.4,594,301,293,69,120,20,0.98,0.6,10,0,0
753,54,491,78,104,0.11,0.8,401,173,27,45,93,24,0.44,1.0,10,0,1
498,262,131,40,17,0.69,0.74,435,541,259,38,74,9,0.37,1.0,1,0,1
307,121,336,54,50,0.93,0.94,261,402,119,79,83,14,0.91,1.0,1,0,1
577,204,204,59,21,0.28,0.92,198,560,287,46,52,0,0.44,0.8,10,0,0
333,203,118,71,22,0.06,0.8,891,180,127,30,10,8,0.66,1.0,5,1,0
639,363,165,46,51,0.27,0.86,599,149,43,65,21,23,0.76,0.6,0,0,1
206,378,132,36,74,0.58,0.96,410,284,130,60,32,6,0.49,1.0,2,0,1
316,188,195,78,76,0.38,0.82,799,111,223,66,29,14,0.53,0.6,3,0,1
745,26,389,48,9,0.29,0.6,435,365,104,47,62,10,0.82,0.9,10,1,0
783,128,481,76,116,0.65,0.39,660,302,81,32,15,7,0.62,0.6,0,0,1
481,393,436,56,55,0.65,0.47,226,494,186,46,71,12,0.34,0.4,0,1,1
798,44,64,64,37,0.73,0.72,461,134,194,61,104,5,0.93,0.8,3,0,0
701,392,296,46,73,0.67,0.66,626,155,68,49,55,2,0.51,1.0,3,1,1
57,156,305,48,102,0.22,0.75,898,542,223,32,38,11,0.49,0.8,0,0,0
605,149,117,35,111,0.88,0.36,981,414,236,75,120,2,0.95,0.6,5,1,0
346,268,57,33,46,0.77,0.34,174,498,298,30,1,22,0.91,0.4,5,0,0
773,287,324,36,89,0.21,0.53,835,348,265,79,45,14,0.94,1.0,0,1,0
733,13,84,77,31,0.45,0.51,967,247,157,77,7,21,0.53,0.9,0,1,1
75,326,418,69,59,0.6,0.73,603,574,15,48,5,14,0.79,0.8,1,0,1
715,306,117,66,51,0.37,0.36,412,51,222,48,4,11,1.0,0.8,2,1,1
658,52,190,76,28,0.48,0.42,686,148,198,39,19,16,0.95,1.0,1,0,1
374,83,70,36,6,0.35,0.41,827,120,138,80,71,0,0.64,0.8,5,0,0
516,159,430,50,19,0.51,0.98,303,577,228,80,96,18,0.36,0.9,0,1,1
105,87,184,54,89,0.27,0.94,657,512,93,32,76,8,0.78,0.6,3,0,0
557,22,74,53,99,0.69,0.76,165,157,60,78,69,2,0.42,0.8,3,1,1
216,218,320,52,14,0.4,0.4,783,163,238,80,30,0,0.35,0.4,3,0,0
190,165,474,47,33,0.93,0.45,673,105,288,56,62,9,0.88,0.9,0,0,1
119,299,187,57,71,0.95,0.61,909,275,229,33,89,8,0.83,0.8,3,1,0
615,146,378,42,62,0.73,0.64,434,293,178,68,28,4,0.7,0.9,5,0,1
288,208,383,71,18,0.35,0.3,168,386,27,50,117,7,0.95,0.8,1,0,1
708,393,464,78,71,0.65,0.85,433,113,276,57,97,12,0.48,0.4,5,1,1
361,53,62,52,1,0.48,0.66,150,375,233,40,30,12,0.54,0.4,0,1,1
620,330,260,42,17,0.75,0.57,630,155,31,59,37,25,0.77,0.9,5,0,0
497,231,206,36,5,0.57,0.85,522,540,154,47,44,15,0.35,1.0,0,0,1
54,133,472,48,18,0.23,0.34,421,240,52,73,63,24,0.57,0.6,0,0,0
415,162,210,64,100,0.23,0.78,104,426,143,48,103,6,0.57,0.4,1,1,1
429,43,372,67,55,0.37,0.86,480,57,209,61,80,4,0.53,0.9,3,1,1
763,87,469,52,65,0.23,0.43,388,331,194,40,27,11,0.96,0.9,0,0,1
795,322,91,40,70,0.12,0.78,125,85,74,60,49,4,0.81,0.8,10,0,0
256,334,400,46,8,0.16,0.64,338,592,127,71,54,8,0.74,0.6,2,1,0
94,25,127,66,34,0.31,0.56,762,494,159,58,32,16,0.8,0.4,0,1,0
104,165,442,65,88,0.49,0.33,974,97,22,55,26,4,0.61,1.0,0,0,1
292,124,386,72,81,0.67,0.72,497,494,159,62,4,3,0.74,0.9,3,0,1
114,223,215,44,90,0.06,0.97,307,495,163,77,56,18,0.94,0.8,10,1,0
557,210,95,71,26,0.08,0.64,172,248,100,53,87,3,0.3,0.8,10,1,1
489,189,415,70,5,0.42,0.57,804,352,25,73,71,6,0.47,0.4,10,0,0
120,386,173,54,84,0.04,0.95,803,483,46,38,105,21,0.79,1.0,0,0,0
639,267,300,42,41,0.21,0.37,329,344,290,53,13,4,0.43,0.4,5,1,0
556,253,272,41,52,0.41,0.4,906,455,292,68,43,4,0.92,1.0,10,1,0
745,113,162,40,111,0.64,0.36,303,344,107,71,22,22,0.49,0.8,0,1,1
722,85,136,73,109,0.05,0.86,289,554,297,53,59,9,0.44,0.4,10,0,0
657,304,342,61,32,0.34,0.54,761,398,93,43,11,16,0.91,0.8,0,1,1
705,166,97,61,55,0.42,0.74,690,575,217,75,59,14,0.57,0.8,0,0,0
553,277,103,58,118,0.91,0.78,983,126,289,56,10,12,0.45,0.9,1,0,1
293,156,96,56,4,0.64,0.55,520,221,256,39,8,16,0.52,0.6,1,0,0
449,185,431,43,60,0.82,0.54,739,563,62,76,60,9,0.96,1.0,0,1,0
569,15,188,66,99,0.32,0.53,554,164,79,34,51,14,0.46,0.6,10,0,0
97,60,287,63,119,0.39,0.52,859,504,259,75,44,9,0.67,0.4,10,0,0
695,292,289,70,106,0.3,0.91,814,241,73,52,92,1,0.76,0.8,0,1,1
346,142,39,62,9,0.1,0.35,390,587,244,41,36,12,0.91,1.0,0,0,0
594,94,161,30,116,0.4,0.67,823,582,209,31,56,2,0.9,0.8,1,0,0
59,169,307,67,70,0.09,0.48,291,40,112,48,10,3,0.98,1.0,2,0,1
320,93,325,48,101,0.45,0.7,956,279,262,39,73,10,0.61,0.9,10,1,0
494,235,457,53,76,0.31,0.98,847,476,72,79,80,18,0.77,1.0,0,0,0
501,230,282,53,1,0.42,0.4,612,545,229,60,84,15,0.46,1.0,1,0,0
763,145,263,75,83,0.32,0.91,668,180,222,40,12,0,0.45,0.6,5,0,1
678,105,490,45,59,0.42,0.4,249,496,15,44,70,10,0.46,0.4,3,0,1
229,100,299,60,17,0.2,0.92,678,344,142,50,81,13,0.54,1.0,5,0,0
183,238,365,61,119,0.31,0.55,265,432,72,74,41,10,0.35,1.0,0,1,1
83,116,143,76,118,0.63,0.77,912,383,89,62,70,11,0.92,1.0,1,0,0
394,380,457,53,56,0.63,0.96,763,61,256,33,70,1,0.82,0.4,2,0,1
368,226,374,36,103,0.74,0.54,360,195,169,69,94,5,0.57,0.8,0,0,1
83,154,38,63,54,0.35,0.46,338,573,47,65,101,10,0.36,0.6,0,0,0
378,24,144,45,27,0.62,0.58,237,175,78,37,16,14,0.54,0.8,0,1,1
581,338,37,63,27,0.56,0.65,681,346,221,70,98,13,0.82,0.9,3,0,0
183,371,397,53,118,0.91,0.42,1000,588,177,33,112,9,0.55,0.8,5,1,0
275,371,481,55,72,0.87,0.41,931,338,11,66,110,1,0.69,1.0,1,1,1
678,195,458,46,40,0.08,0.67,765,414,19,35,39,8,0.32,0.4,0,1,1
790,314,221,50,67,0.76,0.92,667,79,25,50,59,24,0.77,0.6,5,0,1
138,295,228,52,31,0.44,0.87,406,578,138,50,50,11,0.46,0.9,5,0,0
62,329,404,75,9,0.99,0.69,533,352,10,53,94,20,0.42,0.8,1,0,1
416,81,94,77,75,0.17,0.47,567,88,164,55,76,10,0.37,0.9,5,1,0
223,383,446,42,69,0.81,0.34,862,116,142,53,52,20,0.32,1.0,3,0,1
459,40,435,69,85,0.55,0.83,760,377,118,60,92,5,0.79,0.6,3,0,0
192,328,482,78,74,0.77,0.64,773,254,175,65,17,16,0.85,0.6,0,1,1
65,136,195,63,93,0.28,0.91,152,362,138,79,106,16,0.41,0.9,10,1,0
669,174,141,69,72,0.93,0.35,206,264,193,37,13,7,0.48,1.0,0,0,1
461,205,303,48,104,0.24,0.48,940,211,127,63,7,18,0.46,0.8,0,1,1
617,324,293,50,104,0.27,0.58,947,544,90,75,20,23,0.43,0.9,2,1,0
235,60,158,42,8,0.37,0.36,994,387,143,41,93,22,0.3,0.6,0,1,0
656,356,331,65,90,0.17,0.73,446,328,241,38,59,2,0.7,1.0,0,1,1
317,13,151,67,65,0.02,0.65,181,502,268,53,74,8,0.74,0.6,1,0,1
313,29,222,64,84,0.1,0.7,971,115,96,69,103,17,0.42,0.8,5,0,0
596,292,458,76,75,0.7,1.0,253,126,246,67,88,21,0.5,0.4,0,1,1
373,333,41,72,11,0.32,0.61,727,364,135,57,0,16,0.71,0.9,0,0,0
550,331,165,48,62,0.92,0.74,781,266,150,56,18,11,0.82,0.4,1,0,0
641,43,51,57,23,0.32,0.52,309,340,21,32,108,11,0.85,0.8,3,1,1
479,43,389,31,110,0.15,0.75,746,584,24,77,35,10,0.53,0.6,0,1,0
721,318,50,33,0,0.96,0.66,100,474,168,47,45,12,0.36,0.8,0,1,0
521,94,345,57,18,0.84,0.89,189,478,280,38,22,8,0.59,0.8,0,1,1
201,152,271,32,58,0.51,0.77,280,402,137,61,3,2,0.68,1.0,10,1,0
505,66,181,41,56,0.21,0.85,445,311,79,45,29,7,0.44,0.4,1,0,1
170,303,237,76,108,0.43,0.4,611,492,28,45,108,3,0.77,0.9,1,1,0
516,68,219,80,82,0.1,0.86,660,482,178,52,55,14,0.93,1.0,2,1,1
364,277,449,69,69,0.72,0.93,701,464,277,54,78,17,0.77,0.8,5,0,0
121,208,205,67,38,0.2,0.4,569,374,136,66,20,8,0.31,0.8,10,0,0
607,382,235,51,5,0.42,0.68,824,234,245,71,111,7,0.48,0.9,0,0,1
70,147,260,36,13,0.55,0.61,486,69,264,66,43,3,0.49,0.6,0,1,0
344,278,199,32,22,0.32,0.61,662,311,238,57,20,13,0.79,1.0,0,0,0
696,77,130,67,57,0.4,0.66,809,442,268,64,111,23,0.82,1.0,0,0,0
100,315,60,52,11,0.43,0.98,285,421,262,79,54,5,0.92,1.0,3,0,0
323,374,210,63,48,0.15,0.4,447,270,219,56,24,10,1.0,0.9,0,1,1
660,262,458,75,45,0.41,0.8,240,236,275,35,28,22,0.35,0.4,0,0,1
298,58,396,34,66,0.25,0.55,528,276,68,66,21,15,0.84,0.9,0,0,0
794,199,351,68,49,1.0,0.37,603,186,97,54,62,9,0.78,0.9,0,0,1
74,129,190,49,99,0.49,0.66,982,387,110,38,2,21,0.94,0.6,3,0,0
302,199,378,51,23,0.9,0.38,144,361,25,76,109,5,0.86,1.0,0,0,1
715,359,99,35,37,0.36,0.98,551,571,81,54,66,2,0.55,0.8,1,1,0
417,89,427,56,8,0.76,0.9,530,264,257,43,55,20,0.44,0.8,2,0,1
581,100,251,40,68,0.82,0.33,230,444,253,67,72,5,0.52,1.0,10,0,0
338,45,267,51,50,0.45,0.4,832,492,112,31,58,1,0.81,0.8,0,0,0
218,374,197,30,88,0.19,0.52,905,358,62,47,109,7,0.99,0.4,1,1,0
59,99,183,78,50,0.09,0.69,926,387,225,60,36,7,0.42,0.6,0,1,0
726,266,146,33,21,0.95,0.54,828,314,257,65,89,1,0.44,0.9,10,1,0
622,33,47,32,79,0.05,0.99,120,395,34,39,29,3,0.4,0.6,3,0,0
783,396,167,37,19,0.36,0.99,587,186,255,33,35,0,0.98,0.8,0,0,1
391,209,136,47,69,0.25,0.87,522,41,160,55,100,20,0.65,0.8,0,0,1
609,329,233,52,75,0.12,0.62,140,528,18,78,112,19,0.6,1.0,1,0,1
421,261,450,69,106,0.56,0.48,848,370,193,31,81,23,0.84,0.8,10,0,0
341,312,240,56,92,0.51,0.33,653,251,93,34,70,24,0.95,0.9,2,1,1
244,311,178,59,94,0.74,0.36,871,113,39,62,83,10,0.69,0.6,0,0,0
520,377,405,33,34,0.36,0.99,709,157,18,71,24,11,0.98,0.8,1,1,1
390,140,253,42,9,0.19,0.57,170,132,169,60,97,24,0.5,0.9,1,1,1
168,221,99,36,99,0.89,0.34,571,475,92,60,81,0,0.65,0.8,0,1,0
588,90,303,53,92,0.66,0.88,781,132,122,68,42,10,0.51,0.6,3,0,1
96,175,133,40,45,0.67,0.82,180,366,19,56,102,12,0.74,0.6,5,1,0
133,283,158,74,19,0.23,0.69,641,326,52,44,23,22,0.48,0.4,0,0,0
568,340,417,53,85,0.22,0.34,246,234,115,77,104,20,0.4,1.0,10,1,0
269,256,461,38,43,0.34,0.85,918,340,264,73,61,9,0.98,0.4,0,1,0
125,259,152,47,71,0.39,0.37,128,595,155,63,104,12,0.83,0.6,0,0,0
587,290,252,78,37,0.32,0.37,585,533,250,78,24,6,0.44,0.6,5,0,0
115,222,198,49,99,0.61,0.7,399,594,14,43,10,14,0.39,0.4,5,1,0
722,264,135,73,35,0.02,1.0,633,51,291,77,10,25,0.33,0.4,1,1,1
683,194,456,47,60,0.07,0.31,307,177,247,48,24,0,0.81,0.6,2,0,1
262,386,324,69,73,0.69,0.76,339,239,132,34,94,17,0.75,1.0,0,1,1
242,103,357,31,33,0.02,0.67,950,73,288,53,24,2,0.46,0.4,0,1,0
403,320,135,56,30,0.66,0.7,591,564,82,55,43,6,0.75,0.6,3,0,0
636,83,412,49,79,0.44,0.57,610,553,183,68,21,0,0.91,0.4,3,0,0
148,246,104,47,6,0.22,0.62,364,100,159,60,18,5,0.66,1.0,1,1,0
98,333,159,72,56,0.39,0.9,924,311,291,56,6,9,0.54,0.8,2,1,0
150,347,177,53,21,0.64,0.45,966,68,192,35,98,3,0.65,0.8,1,1,1
698,376,450,42,2,0.52,0.59,331,482,210,55,98,9,0.7,0.9,2,0,1
433,150,129,54,39,0.1,0.59,530,324,80,59,79,7,0.43,0.9,5,0,0
308,54,228,56,97,0.1,0.35,446,546,160,52,5,3,0.42,0.6,1,1,0
292,95,234,59,101,0.48,0.76,216,455,289,66,54,24,0.96,0.8,10,0,0
321,292,101,74,49,0.07,0.57,837,324,100,54,4,25,0.86,1.0,10,0,0
747,22,180,70,1,0.75,0.64,748,541,161,30,53,6,0.47,0.9,0,1,1
404,175,62,43,63,0.97,0.67,253,262,280,50,15,4,0.35,1.0,10,0,0
119,33,288,60,66,0.29,0.57,549,77,262,43,55,4,0.96,1.0,0,1,1
741,41,417,58,107,0.22,0.77,546,546,76,32,47,20,0.97,0.6,0,0,1
435,280,235,74,20,0.56,0.32,965,428,23,53,101,11,0.35,0.6,5,1,0
403,226,319,44,25,0.27,0.53,431,397,194,70,66,13,0.69,0.4,3,0,0
603,184,195,48,38,0.97,0.66,213,197,233,77,94,16,0.39,0.8,0,0,1
784,226,450,59,105,0.38,0.77,262,112,37,57,37,6,0.46,0.9,5,0,1
745,362,226,70,76,0.4,0.62,938,93,47,51,106,19,0.66,0.8,3,0,1
759,187,490,64,84,1.0,0.65,232,589,247,52,109,16,0.98,0.8,0,0,1
59,276,291,36,90,0.73,0.87,669,252,222,35,0,11,0.63,1.0,3,0,0
765,24,58,63,74,0.31,0.75,692,223,82,42,87,14,0.81,0.9,2,0,1
642,230,290,65,47,0.36,0.84,969,168,61,72,12,6,0.97,1.0,2,0,1
597,63,201,52,20,0.49,0.94,917,310,51,30,46,15,0.42,0.8,10,1,0
746,93,304,79,111,0.63,0.74,364,494,170,60,2,15,0.74,0.9,3,0,1
185,37,137,62,106,0.0,0.38,889,551,275,80,16,22,0.33,0.9,3,0,0
111,282,413,57,16,0.91,0.8,594,390,289,41,24,25,0.41,0.4,10,0,0
453,341,433,57,20,0.03,0.78,288,552,48,48,84,15,0.91,0.9,0,0,1
65,394,125,53,62,0.42,0.38,333,339,141,43,110,15,0.74,0.9,1,0,0
195,368,39,62,14,0.1,0.53,976,420,96,61,5,10,0.35,0.4,0,1,0
693,264,71,69,47,0.62,0.87,518,275,263,75,29,0,0.97,0.6,1,0,1
404,385,489,77,112,0.94,0.38,797,266,74,47,15,24,0.64,0.8,0,0,1
118,385,229,37,24,0.68,0.78,269,62,171,69,33,6,0.98,0.9,1,0,1
423,41,154,36,63,0.14,0.44,573,177,142,38,109,4,0.89,0.6,3,0,0
688,62,253,32,25,0.8,0.75,198,236,156,49,17,15,0.9,0.9,0,1,1
769,166,373,30,31,0.47,0.94,410,237,212,56,19,21,0.87,0.9,3,0,1
752,275,324,36,106,0.99,0.32,834,364,207,77,106,7,0.38,0.9,0,1,0
605,212,118,50,31,1.0,0.63,768,423,252,77,26,24,0.69,0.8,10,0,0
489,276,468,42,58,0.7,0.62,424,222,163,77,94,4,0.36,0.8,10,0,0
264,130,415,62,66,0.21,0.8,365,297,64,60,22,3,0.57,0.8,0,0,1
484,258,229,69,10,0.24,0.53,231,267,153,38,83,13,0.49,0.8,3,1,1
291,137,242,47,93,0.88,0.45,531,160,256,44,53,16,0.92,0.8,0,1,1
447,145,194,54,15,0.62,0.44,160,126,278,35,106,1,0.81,0.4,3,0,1
539,283,32,47,37,0.74,0.83,976,119,187,36,88,13,0.34,0.4,1,1,0
558,154,211,33,21,0.12,0.92,328,528,112,33,72,19,0.9,0.4,0,0,0
438,313,385,62,104,0.36,0.82,625,144,68,34,50,9,0.7,0.8,0,0,1
636,315,387,68,26,0.9,0.67,127,395,32,73,67,11,0.8,0.8,5,1,1
153,73,98,77,43,0.37,0.99,831,70,274,52,64,10,0.31,0.6,10,1,0
443,151,303,65,37,0.27,0.52,861,190,39,75,10,0,0.68,1.0,10,0,0
710,365,84,79,65,0.49,0.42,350,238,81,73,31,22,0.87,0.9,3,0,1
491,332,302,67,16,0.92,0.47,408,253,31,59,100,15,0.48,0.6,5,0,0
400,330,258,51,28,0.97,0.81,274,314,227,71,19,23,0.32,0.9,0,0,1
267,400,198,56,39,0.23,0.93,136,390,258,67,28,23,0.68,0.9,2,0,1
715,176,100,78,104,0.77,0.56,218,532,101,76,113,15,0.46,0.6,0,1,1
421,92,367,67,53,0.1,0.94,177,215,143,57,7,6,0.51,0.4,0,1,1
160,217,437,30,63,0.31,0.57,365,297,229,78,16,4,0.43,0.4,3,1,0
595,368,297,71,53,0.03,0.77,163,193,246,65,91,14,0.93,0.4,2,0,1
271,81,373,41,58,0.42,0.81,477,364,169,54,89,0,0.48,0.9,1,0,1
513,90,232,65,88,0.16,0.67,324,375,144,36,58,0,0.93,0.9,0,0,1
692,38,397,40,9,0.58,0.44,632,270,244,74,42,4,0.86,0.4,2,0,0
631,234,222,71,53,0.69,0.94,756,275,23,68,34,3,0.95,0.6,1,0,1
770,245,185,54,95,0.39,0.79,648,313,269,67,112,3,0.37,1.0,1,0,1
182,111,411,76,85,0.39,0.82,244,66,197,56,65,0,0.63,0.9,0,0,1
505,248,232,74,69,0.32,0.62,113,417,112,79,81,14,0.3,0.8,0,1,1
689,351,158,44,3,0.32,0.97,649,451,167,54,99,6,0.49,1.0,5,0,0
387,200,317,66,5,0.3,0.72,754,358,51,78,19,4,0.47,0.8,0,1,1
598,205,206,47,56,0.94,0.41,565,168,11,55,94,12,0.82,0.8,2,0,1
138,244,185,35,75,0.12,0.47,726,182,186,57,96,21,0.79,0.4,0,0,0
580,356,103,76,21,0.41,0.68,109,116,168,65,76,11,0.43,0.4,1,1,1
771,39,268,58,22,0.4,0.78,653,140,246,58,103,22,0.36,0.8,0,1,1
546,388,82,75,111,0.06,0.39,208,74,197,67,26,23,0.64,0.4,10,1,0
284,251,299,65,18,0.79,0.82,825,108,79,80,114,17,0.54,0.9,0,0,1
73,391,433,76,9,0.09,0.67,912,390,58,57,69,24,0.44,0.6,2,1,0
696,364,448,37,49,0.35,0.56,706,105,66,44,89,3,0.53,0.6,2,0,1
457,147,434,65,99,0.62,0.55,428,575,65,72,101,15,0.97,0.9,10,0,0
227,301,175,71,67,0.36,0.51,226,132,110,69,118,20,1.0,0.6,3,1,0
721,230,114,61,23,0.53,0.8,270,585,264,38,91,11,0.62,0.4,5,0,0
518,232,188,73,99,0.39,0.37,566,532,113,72,90,19,0.59,0.6,3,0,0
429,166,160,35,116,0.78,0.8,618,568,119,38,18,14,0.79,0.8,0,0,1
209,258,378,35,101,0.08,0.41,234,152,285,38,33,17,0.7,0.6,10,0,0
515,119,423,77,14,0.64,0.66,276,257,252,71,57,19,0.33,0.4,5,0,1
777,220,365,75,1,0.58,0.32,292,417,236,54,60,25,0.62,0.4,0,0,1
704,120,52,61,31,0.1,0.87,496,128,35,74,95,0,0.59,0.9,2,0,1
345,140,364,37,13,0.4,0.87,992,190,273,30,90,6,0.66,1.0,1,1,1
456,237,176,55,39,0.66,0.83,348,458,278,41,45,7,0.91,0.6,0,0,1
452,257,373,34,63,0.74,0.35,421,323,187,50,68,1,0.5,1.0,10,1,0
161,53,403,54,36,0.91,0.85,681,546,60,76,98,19,0.6,1.0,1,0,0
88,257,193,46,105,0.99,0.43,607,152,13,47,62,17,0.39,1.0,0,0,1
352,98,246,49,119,0.81,0.91,448,296,174,72,31,5,0.86,0.4,0,0,1
762,321,207,50,27,0.88,0.62,756,593,88,70,75,12,0.35,1.0,0,0,1
569,92,342,56,120,0.73,0.37,156,195,177,60,107,1,0.96,0.9,1,0,1
473,13,286,56,9,0.37,0.91,934,232,25,68,34,2,0.93,0.6,1,0,0
239,305,217,69,111,0.97,0.97,142,81,151,50,38,23,0.42,0.8,10,0,1
192,255,457,48,39,0.7,0.84,466,294,19,47,37,9,0.63,0.9,3,0,1
172,368,338,63,34,0.91,0.88,593,473,171,71,89,17,0.67,0.8,0,0,0
569,24,300,47,70,0.46,0.96,897,297,117,71,77,16,0.84,0.8,0,0,0
224,154,445,59,25,0.76,0.48,803,100,25,41,58,7,0.56,1.0,0,0,1
734,34,243,52,73,0.49,0.93,161,564,295,51,82,7,0.64,1.0,2,0,1
631,145,77,66,1,0.07,0.83,183,595,173,48,79,22,0.93,0.9,5,0,0
761,344,435,43,24,0.62,0.59,577,112,56,66,31,4,0.3,0.9,0,1,1
87,157,207,73,98,0.02,0.8,663,308,157,35,113,6,0.77,1.0,5,0,0
739,221,193,32,28,0.97,0.59,658,90,168,57,105,3,0.38,1.0,0,1,1
474,355,280,51,54,0.31,0.51,111,312,65,74,13,5,0.43,1.0,1,0,1
788,317,332,31,94,0.58,0.35,991,331,82,47,29,6,0.73,1.0,1,1,1
402,389,114,66,61,0.32,0.88,772,194,128,75,40,18,0.99,0.4,3,0,0
378,400,213,49,117,0.76,0.59,192,247,82,47,64,6,0.59,0.8,1,0,1
713,36,382,35,116,0.81,1.0,526,63,154,71,57,24,0.93,0.6,0,0,1
136,166,111,40,23,0.22,0.34,159,201,37,55,44,12,0.91,0.4,10,0,0
194,177,377,71,83,0.48,0.58,123,260,181,53,111,15,0.4,0.4,3,1,1
374,382,430,37,52,0.41,0.88,242,400,143,37,114,25,0.39,0.6,0,0,1
645,397,165,75,58,0.91,0.3,359,69,117,62,117,19,0.64,0.4,5,1,0
570,157,173,42,73,0.83,0.75,506,456,61,49,36,17,0.36,0.6,2,0,1
61,340,69,67,49,0.28,0.84,469,439,209,46,88,2,0.54,0.6,5,0,0
400,232,432,50,112,0.21,0.6,492,262,194,64,43,13,0.75,0.6,1,0,1
722,304,408,30,5,0.29,0.96,448,590,73,57,83,9,0.92,0.9,10,1,0
689,79,270,42,74,0.91,0.49,749,493,167,53,106,8,0.74,0.8,10,1,0
353,174,249,41,66,0.36,0.41,361,187,19,60,53,15,0.82,0.6,5,1,0
363,39,118,53,77,0.05,0.39,409,528,142,45,102,1,0.89,0.6,0,1,0
67,190,208,71,68,0.41,0.71,372,346,33,58,39,15,0.96,0.8,0,1,1
783,317,274,56,68,0.53,0.78,448,586,250,57,104,7,0.87,0.8,0,0,1
636,193,480,77,87,0.05,0.66,742,62,97,49,38,14,0.6,0.4,5,0,1
349,47,460,31,50,0.76,0.59,114,535,112,65,46,10,0.52,1.0,10,0,0
456,206,104,47,56,0.43,0.94,706,582,103,42,107,8,0.36,0.6,0,0,0
598,232,491,77,66,0.32,0.64,659,264,298,50,30,8,0.37,0.4,0,1,1
583,111,200,54,81,0.45,0.75,855,298,196,30,112,18,0.56,0.8,2,0,1
267,51,159,47,70,0.14,0.78,719,391,255,54,88,24,0.7,0.4,0,0,0
556,168,290,43,2,0.6,0.44,813,597,241,56,96,18,0.91,0.4,10,0,0
253,13,166,47,85,0.58,0.66,263,264,195,38,5,17,0.4,0.8,0,0,1
397,316,423,32,73,0.62,0.75,432,141,55,32,63,7,0.77,0.4,10,1,0
159,121,102,63,99,0.61,0.75,707,313,80,35,4,13,0.72,0.9,1,1,1
240,41,170,41,38,0.23,0.61,424,581,90,70,31,10,0.6,0.8,5,1,0
302,329,293,72,34,0.12,0.9,518,589,106,43,67,16,0.3,0.6,1,1,1
707,387,45,56,54,0.62,0.62,422,589,117,54,61,21,0.88,0.4,0,1,0
601,341,470,72,40,0.31,0.96,386,223,109,64,76,6,0.99,1.0,3,0,1
649,174,386,76,47,0.25,0.54,955,450,179,74,102,16,0.89,1.0,3,0,0
188,40,120,76,34,0.54,0.77,190,444,163,49,62,15,0.99,0.4,5,0,0
290,188,266,59,88,0.66,0.73,758,99,275,61,35,21,0.76,0.4,2,1,1
700,224,317,32,5,0.23,0.33,551,108,123,39,76,12,0.48,0.9,5,1,1
225,353,55,79,9,0.03,0.51,341,228,18,46,42,21,0.87,0.9,2,0,0
201,282,349,60,37,0.27,0.68,764,348,91,36,24,9,0.37,0.9,0,0,1
567,180,248,65,16,0.94,0.32,356,62,161,47,3,21,0.59,0.6,10,0,0
142,248,96,59,78,0.01,0.88,892,544,248,57,85,10,0.57,1.0,10,1,0
170,387,344,67,28,0.67,0.53,143,463,142,43,92,7,0.71,0.9,0,1,1
562,218,37,59,26,0.72,0.37,310,549,71,56,6,21,0.65,0.8,10,0,0
630,95,77,80,9,0.94,0.4,547,229,264,52,39,1,0.59,0.8,1,1,1
382,184,312,75,6,0.76,0.84,442,128,151,55,68,6,0.85,1.0,2,0,1
633,131,138,64,29,0.7,0.96,749,449,178,70,22,23,0.82,0.4,3,1,0
283,89,221,55,6,0.5,0.55,408,543,296,36,4,16,0.79,0.9,5,0,0
629,353,443,49,33,0.47,0.5,889,246,99,62,112,14,0.79,0.8,2,0,1
209,357,327,45,112,0.29,0.82,531,208,286,63,86,1,0.62,1.0,2,0,1
53,259,119,54,10,0.68,0.49,833,347,26,42,112,20,0.42,0.9,10,0,0
689,162,374,48,119,0.96,0.7,686,516,45,63,17,0,0.64,0.6,0,0,1
441,15,474,69,46,0.79,0.55,856,283,201,47,62,11,0.99,0.6,0,0,1
303,95,441,67,98,0.15,0.54,705,542,112,62,41,9,0.34,0.6,0,1,1
269,158,407,54,29,0.13,0.42,780,525,57,78,16,25,0.81,0.8,5,1,0
214,356,467,47,42,0.35,0.63,697,323,278,59,6,20,0.72,0.8,10,1,0
684,295,354,63,60,0.44,0.43,892,204,225,49,108,0,0.78,0.4,5,0,0
60,108,436,65,112,0.23,0.62,744,200,87,75,17,5,0.97,1.0,0,0,0
553,361,493,44,21,0.71,0.5,918,83,262,60,55,3,0.56,0.4,10,0,0
86,294,186,75,88,0.81,0.33,160,450,158,69,65,6,0.91,0.4,0,0,0
622,334,195,62,32,0.44,0.67,513,359,92,55,51,10,0.53,0.8,1,0,1
104,244,225,71,19,0.57,0.8,558,158,247,74,64,2,0.41,1.0,0,0,1
74,167,178,54,48,0.99,0.85,337,509,250,79,91,0,0.97,0.9,0,1,0
687,243,356,46,84,0.89,0.34,373,455,70,41,31,6,0.44,0.9,3,1,1
492,221,415,48,70,0.82,0.78,465,391,59,51,93,12,0.54,0.9,0,1,1
697,160,248,42,56,0.11,0.77,783,400,130,48,23,25,0.75,1.0,1,1,1
448,168,191,70,33,0.53,0.98,874,402,38,50,45,24,0.66,0.6,10,1,0
111,35,334,71,27,0.15,0.31,260,304,34,53,103,16,0.88,0.4,0,1,0
665,256,436,72,39,0.39,0.65,732,403,227,77,15,11,0.79,0.8,0,0,1
318,355,290,42,76,0.01,0.89,754,138,37,77,14,21,0.94,0.9,2,0,0
669,47,147,76,15,0.6,0.99,155,200,98,59,21,18,0.54,0.4,10,0,0
256,272,77,80,96,0.62,0.46,891,316,148,46,11,10,0.38,0.8,0,0,1
556,256,405,80,47,0.73,0.69,120,87,242,56,55,5,0.32,0.9,2,0,1
484,238,162,45,75,0.02,0.62,727,585,134,73,68,3,0.96,1.0,2,1,0
139,125,496,69,25,0.63,0.89,307,426,238,70,88,11,0.62,1.0,0,0,1
772,138,127,56,96,0.06,0.66,707,140,100,71,65,11,0.58,0.8,0,1,1
467,259,207,74,57,0.73,0.91,736,207,171,35,87,24,0.39,0.4,0,0,1
501,21,358,48,33,0.7,0.66,292,338,45,55,110,5,0.34,1.0,3,1,1
617,336,465,40,78,0.24,0.54,204,531,268,32,1,20,0.8,0.8,5,0,1
62,89,304,66,24,0.89,0.57,921,384,113,57,0,6,0.64,0.6,5,1,0
634,250,129,39,107,0.39,0.93,247,520,131,42,90,12,0.37,0.4,1,0,1
484,54,429,33,90,0.21,0.65,205,559,234,69,69,12,0.87,1.0,0,0,0
684,334,209,40,31,0.66,0.32,141,344,191,73,107,20,0.98,0.4,0,1,0
572,374,428,75,43,0.84,0.73,719,515,139,44,93,8,0.95,0.6,0,0,1
72,196,398,66,39,0.09,0.54,750,339,300,76,11,18,0.63,0.8,3,0,0
120,397,34,56,118,0.74,0.4,977,326,195,33,14,10,0.84,0.4,10,1,0
680,135,344,42,22,0.11,0.59,199,395,179,53,64,6,0.63,0.8,0,0,1
516,284,439,52,8,0.38,0.74,973,477,215,71,64,8,0.81,0.6,0,1,0
151,390,465,36,11,0.98,0.74,360,88,225,56,98,13,0.56,0.8,0,0,1
594,126,98,50,80,0.65,0.5,513,288,44,79,111,19,0.32,0.9,0,1,0
251,274,236,58,98,0.19,0.47,229,103,254,35,22,2,0.53,0.9,3,0,1
751,193,394,80,0,0.28,0.65,495,591,279,62,68,13,0.82,0.6,2,0,1
771,210,468,69,77,0.88,0.84,207,337,26,48,98,23,0.7,0.6,2,0,1
362,336,83,71,70,0.96,0.62,634,102,39,62,47,6,0.44,0.8,3,0,1
546,315,37,67,43,0.38,0.33,839,104,166,69,37,10,0.89,1.0,0,0,0
680,185,103,44,30,0.65,0.87,776,433,78,61,5,24,0.62,0.4,3,0,0
201,302,203,66,34,0.96,0.58,846,162,271,73,64,15,0.78,0.4,5,1,0
653,326,470,36,3,0.56,0.87,837,104,255,63,103,20,0.4,0.9,0,0,1
233,53,171,63,101,0.88,0.49,117,381,217,75,18,13,0.61,0.9,2,0,1
792,389,332,36,76,0.75,0.85,957,227,107,63,84,6,0.71,0.6,0,0,1
578,207,119,55,43,0.41,0.53,820,537,198,75,71,20,0.51,0.6,0,0,0
209,174,73,69,79,0.26,0.58,125,229,12,75,87,16,0.39,0.6,1,0,1
185,185,134,69,97,0.67,0.64,834,360,159,66,118,19,0.57,0.4,5,0,0
546,120,430,67,48,0.24,0.98,918,293,101,60,56,20,0.42,0.6,0,0,1
524,329,444,41,91,0.36,0.47,355,473,101,73,82,7,0.59,0.4,2,0,0
672,165,75,63,120,0.89,0.76,137,364,90,49,39,11,0.63,0.4,0,0,1
605,326,109,44,117,0.57,0.77,233,149,173,58,90,4,0.77,0.8,3,0,1
193,243,82,47,106,0.86,0.33,481,112,199,44,120,6,0.93,0.6,0,1,0
211,201,279,76,45,0.91,0.97,272,126,234,59,29,24,0.37,0.8,0,0,1
535,300,379,32,31,0.35,0.65,710,140,195,35,9,17,0.48,0.9,10,0,0
552,37,333,68,68,0.6,0.54,881,343,164,79,114,6,0.57,0.6,2,1,0
353,125,453,65,69,0.4,0.33,323,352,98,68,54,7,0.58,0.6,0,0,1
351,88,392,56,46,0.36,0.56,551,449,65,42,37,13,0.43,0.4,3,0,1
102,39,313,31,31,0.46,0.88,958,366,221,43,17,6,0.64,1.0,0,0,0
636,102,180,64,44,0.21,0.79,909,528,235,56,107,4,0.5,0.8,10,1,0
714,363,127,78,17,0.64,0.54,320,85,269,41,24,2,0.5,0.6,10,1,1
762,120,92,39,58,0.07,0.94,753,416,288,78,58,22,0.76,1.0,1,0,0
533,310,73,59,48,0.69,0.85,559,199,28,42,34,6,0.61,0.9,2,0,1
104,20,186,71,58,0.16,0.96,926,459,117,61,115,20,0.51,0.8,0,0,0
698,262,158,62,117,0.61,0.45,572,401,297,31,42,2,0.35,1.0,3,1,1
147,67,49,69,47,0.16,0.63,803,64,153,70,76,1,0.85,0.8,0,0,0
52,156,217,51,105,0.6,0.56,392,324,295,63,54,20,0.52,0.8,5,0,0
302,64,37,54,21,0.23,0.44,127,579,33,53,31,24,0.66,1.0,0,0,0
680,295,78,30,59,0.81,0.93,317,590,56,43,64,22,0.51,0.6,0,0,0
606,332,163,62,14,0.86,0.8,232,233,225,41,120,13,0.97,0.9,5,0,1
456,218,472,78,22,0.0,0.9,592,583,82,66,107,15,0.73,0.4,0,0,1
386,199,95,77,15,0.46,0.7,461,546,193,58,25,9,0.32,0.9,10,1,0
732,347,289,69,38,0.12,0.87,929,280,288,38,90,2,0.34,0.9,10,0,1
411,382,217,36,75,0.23,0.31,320,143,149,65,40,24,0.39,1.0,0,1,1
50,357,148,48,61,0.35,0.33,240,435,136,69,11,19,0.66,0.6,5,0,0
104,17,346,57,102,0.19,0.55,289,238,294,78,119,25,0.87,0.4,10,0,0
682,71,150,33,29,0.66,0.46,351,59,205,46,5,11,0.73,0.4,0,1,1
167,245,301,50,85,0.95,0.98,307,147,276,61,65,16,0.88,0.8,5,1,1
324,52,379,47,112,0.41,0.84,141,598,55,77,44,9,0.6,1.0,2,1,1
476,353,265,54,56,0.32,0.52,260,503,67,34,116,12,0.49,0.8,3,1,1
305,10,282,76,118,0.32,0.75,574,261,166,56,97,2,0.56,0.9,0,0,1
581,207,408,50,31,0.92,0.35,244,304,51,38,47,12,0.7,1.0,0,0,1
622,22,159,53,70,0.45,0.82,674,151,114,44,54,9,0.85,0.9,0,1,1
163,392,380,51,47,0.47,0.68,788,229,147,57,47,8,0.93,0.8,5,0,0
488,125,63,39,94,0.47,0.58,481,220,182,45,35,21,0.48,0.4,0,1,0
189,138,420,40,10,0.78,0.68,109,343,245,64,116,22,0.97,0.8,3,0,0
243,71,408,45,51,0.25,0.93,284,547,211,75,58,24,0.98,1.0,10,0,0
80,43,33,62,53,0.04,0.44,916,275,286,56,58,8,0.87,0.9,1,0,0
162,318,40,60,93,0.28,0.33,389,156,157,53,6,5,0.76,0.8,3,0,0
741,260,350,56,90,0.63,0.44,784,587,211,32,16,24,0.58,0.9,0,1,1
249,373,424,63,104,0.91,0.89,820,116,166,30,117,18,0.34,0.8,3,0,1
136,259,455,31,28,0.45,0.86,809,206,262,63,49,8,0.58,0.6,0,0,0
532,183,283,80,79,0.84,0.65,695,322,183,42,95,15,0.48,1.0,0,0,1
150,15,205,58,47,0.46,0.37,145,430,96,37,75,5,0.46,0.8,1,1,1
690,47,399,46,90,0.5,0.74,716,219,259,30,70,23,0.99,0.4,10,0,0
332,337,52,68,65,0.39,0.68,605,270,11,70,3,11,0.56,1.0,3,0,0
332,260,292,73,8,0.21,0.55,743,352,152,67,32,8,0.95,0.4,10,0,0
579,325,291,37,100,0.22,0.75,888,220,274,71,100,8,0.32,1.0,1,0,1
694,400,287,38,40,0.51,0.8,831,385,69,33,44,24,0.56,0.6,10,0,0
659,134,367,52,40,0.88,0.48,652,436,207,62,35,10,0.77,1.0,5,0,0
733,106,287,31,103,0.42,0.73,418,446,140,63,82,23,0.66,0.9,5,0,0
687,74,121,46,104,0.5,0.68,467,196,127,59,66,19,0.9,0.4,5,0,0
313,301,261,78,3,0.94,0.77,921,222,172,75,1,10,0.38,0.4,1,0,1
208,76,473,71,25,0.75,0.75,837,482,245,66,50,11,0.91,1.0,0,0,0
360,125,150,66,63,0.02,0.55,209,309,154,42,105,23,0.38,0.4,3,0,1
134,176,433,68,114,0.32,0.82,121,275,28,61,50,5,0.69,0.8,0,0,1
53,32,471,34,46,1.0,0.82,958,339,251,69,43,25,1.0,0.9,3,0,0
650,60,139,78,38,0.35,0.45,308,132,139,51,92,22,0.94,1.0,0,0,1
240,76,65,38,104,0.52,0.38,224,62,72,52,40,16,0.47,1.0,0,1,1
519,73,34,52,86,0.11,0.5,996,92,150,66,76,13,0.89,0.6,1,0,0
462,149,345,68,113,0.67,0.96,964,582,259,41,85,17,0.85,0.6,2,0,1
587,216,108,51,105,0.92,0.85,811,574,200,57,62,25,0.47,0.4,2,0,0
213,312,168,52,15,0.62,0.83,636,211,173,36,86,15,0.51,0.9,5,1,0
218,335,493,33,13,0.61,0.8,701,291,255,48,14,0,0.8,0.8,1,1,1
77,378,98,57,96,0.79,0.32,200,213,203,31,56,23,0.62,0.9,2,0,1
199,134,101,61,116,0.75,0.39,502,561,156,53,2,14,0.61,0.4,10,1,0
523,288,494,33,56,0.02,0.8,325,378,138,78,110,8,0.75,0.6,0,0,0
661,161,485,63,47,0.66,0.86,328,357,88,47,78,8,0.64,0.6,0,1,1
220,133,225,60,0,0.28,0.57,409,506,50,46,37,1,0.68,0.4,1,1,0
554,87,466,73,46,0.77,0.85,950,588,253,51,0,7,0.94,0.6,10,1,0
314,249,205,33,58,0.68,0.84,852,72,238,47,46,11,0.35,1.0,2,1,1
677,249,132,34,34,0.21,0.31,904,478,168,68,49,10,0.91,0.8,0,1,0
697,321,296,39,55,0.41,0.5,720,121,293,69,2,14,0.44,0.8,2,0,1
500,211,453,38,44,0.36,0.91,732,578,178,51,4,12,0.45,0.4,10,0,0
628,214,412,76,10,0.33,0.35,456,317,222,34,107,15,0.41,0.4,2,0,1
285,135,412,30,82,0.9,0.81,775,181,89,46,41,17,0.34,0.8,10,0,0
721,164,328,80,3,0.31,0.4,455,132,244,46,69,19,0.42,1.0,0,1,1
448,386,282,76,21,0.99,0.54,956,416,132,56,98,20,0.66,0.9,5,1,0
558,39,98,74,45,0.79,0.63,676,459,247,38,59,22,0.4,0.8,2,0,1
653,384,63,67,1,0.57,0.47,620,277,278,61,29,9,0.65,0.4,0,0,0
191,190,156,77,8,0.9,0.73,258,487,197,78,117,11,0.73,0.9,0,1,1
714,133,360,67,101,0.27,0.93,416,152,50,56,66,21,0.73,0.4,3,0,1
687,158,195,64,77,0.22,0.5,658,521,290,80,0,12,0.83,0.4,5,1,0
90,177,181,66,9,1.0,0.84,692,505,128,71,72,5,0.81,0.6,0,1,0
134,333,230,65,73,0.16,0.98,483,134,282,33,63,11,0.96,0.4,2,0,1
527,306,451,46,31,0.33,0.94,767,333,51,53,111,10,0.77,0.6,0,0,1
371,226,133,31,89,0.17,0.96,170,196,189,69,115,24,0.36,0.6,5,1,0
295,335,407,72,58,0.09,0.61,684,417,265,47,8,16,0.86,0.8,3,0,0
154,114,140,44,117,0.03,0.51,293,569,156,45,4,25,0.52,0.6,2,1,0
544,298,264,34,14,0.69,0.43,299,122,149,50,97,0,0.72,0.9,0,0,1
655,389,353,46,76,0.48,0.73,841,447,57,34,6,23,0.97,0.4,1,0,1
435,113,411,46,46,0.4,0.4,713,322,292,58,71,20,0.68,0.4,5,0,0
437,114,384,36,23,0.94,0.69,913,479,157,59,16,19,0.65,1.0,0,0,1
605,344,69,31,52,0.05,0.48,416,599,299,62,24,16,0.93,0.8,1,1,0
661,247,116,77,56,0.42,0.36,768,564,86,70,26,0,0.64,0.9,0,1,1
558,346,454,75,80,0.78,0.75,341,385,257,49,18,1,0.56,0.8,3,0,1
673,359,173,76,72,0.14,0.84,565,90,273,35,19,3,0.53,0.9,0,1,1
494,164,485,62,1,0.32,0.32,986,66,262,66,47,4,0.68,0.8,1,0,1
100,141,357,39,76,0.82,0.31,895,218,31,59,78,24,0.4,0.9,0,1,0
511,306,350,40,34,0.22,0.79,463,502,273,70,111,25,0.79,0.8,0,0,0
638,285,433,54,117,0.45,0.41,843,120,239,35,69,4,0.62,0.4,0,1,1
395,363,392,33,47,0.88,0.3,896,78,51,66,21,2,0.69,0.6,1,0,1
596,275,188,76,37,0.2,0.7,762,381,184,69,95,21,0.88,1.0,1,0,0
135,258,259,72,103,0.49,0.39,666,365,161,61,67,23,0.9,0.8,0,0,0
652,134,294,60,46,0.24,0.71,651,214,158,47,69,14,0.63,0.8,0,0,1
570,349,405,77,93,0.68,0.48,319,220,197,68,27,12,0.93,0.8,3,1,1
301,368,309,35,108,0.82,0.48,906,453,37,31,46,2,0.99,0.8,5,1,0
761,201,93,47,10,0.13,0.32,569,420,146,61,37,0,1.0,0.4,1,0,0
640,146,210,58,24,0.6,0.58,638,94,283,65,77,16,0.32,1.0,3,0,1
521,285,98,79,4,0.32,0.41,277,56,285,43,45,1,0.81,0.6,5,1,1
753,292,351,64,40,0.81,0.49,445,225,294,31,58,25,0.58,0.8,0,0,1
159,124,58,58,88,0.2,0.71,699,244,172,58,18,25,0.41,1.0,0,1,0
131,365,494,58,104,0.98,0.6,250,404,112,59,120,23,0.93,0.4,0,1,0
400,217,293,42,29,0.94,0.63,282,316,10,31,78,10,0.79,1.0,0,0,1
232,244,452,45,34,0.97,0.82,503,97,74,78,47,19,0.93,0.4,0,0,1
504,26,152,43,119,0.44,0.67,886,501,113,68,50,11,0.71,0.4,3,0,0
761,102,77,62,14,0.16,0.48,713,329,192,58,49,20,0.93,0.6,10,1,0
600,391,43,42,23,0.51,0.34,182,308,132,39,96,0,0.41,0.8,10,0,0
460,265,144,59,98,0.17,0.95,519,379,245,66,6,12,0.53,1.0,0,1,1
419,13,208,67,75,0.82,0.86,179,313,268,66,39,15,0.78,0.8,0,0,1
111,240,152,69,75,0.63,0.68,323,70,159,36,106,7,0.67,0.6,0,1,1
321,130,462,50,46,0.84,0.98,557,581,287,57,22,17,0.89,0.4,5,1,0
665,139,114,50,108,0.13,0.35,668,220,62,63,19,6,0.34,1.0,2,1,0
402,149,128,33,17,0.87,0.92,349,599,266,52,43,11,0.79,0.6,0,1,0
781,132,319,53,51,0.78,0.78,449,53,94,76,68,7,0.49,0.8,2,0,1
82,250,181,47,62,0.27,0.37,447,486,89,79,110,17,0.85,0.9,5,0,0
420,219,162,71,120,0.02,0.67,450,496,178,71,21,5,0.73,0.9,1,1,0
386,231,317,37,80,0.1,0.64,518,139,281,75,59,19,0.94,0.4,0,1,0
605,43,120,39,89,0.66,0.47,808,463,60,58,87,22,0.84,0.8,3,1,0
784,62,206,54,16,0.01,0.97,738,371,68,35,79,6,0.75,0.9,0,1,1
204,45,241,58,119,0.99,0.56,564,328,197,71,44,15,0.3,1.0,2,0,1
656,83,301,32,38,0.17,0.36,788,486,106,66,7,14,0.5,0.8,0,0,0
192,73,45,77,0,0.27,0.32,120,401,128,57,63,5,0.5,1.0,10,0,0
148,288,312,31,39,0.09,0.81,737,351,255,36,70,8,0.56,1.0,3,0,0
417,302,359,69,89,0.84,0.35,935,182,271,39,65,22,0.34,0.4,3,0,1
652,369,235,59,77,0.36,0.83,127,370,156,47,53,23,0.42,1.0,5,1,1
245,93,190,77,11,0.09,0.95,103,188,293,65,97,3,0.78,0.8,5,1,1
688,121,191,30,89,0.65,0.71,476,366,103,38,41,2,0.93,1.0,5,0,0
259,60,155,72,17,0.42,0.67,213,423,102,70,102,9,0.78,0.9,10,0,0
520,61,460,54,14,0.59,0.34,904,173,120,54,19,15,0.59,0.4,0,0,0
720,334,116,46,47,0.64,0.8,995,361,247,74,49,8,0.3,0.8,3,1,0
643,292,332,67,6,0.52,0.92,217,96,217,73,115,2,0.77,1.0,10,0,1
465,208,441,40,53,0.05,0.73,888,299,58,50,98,24,0.92,0.6,2,0,0
174,162,130,60,1,0.45,0.97,745,302,250,76,7,21,0.89,1.0,0,0,0
499,313,250,45,119,0.47,0.81,334,189,46,38,94,12,0.34,0.9,5,0,1
379,386,389,30,75,0.99,0.31,474,362,72,69,43,3,0.56,0.9,3,0,0
603,258,253,55,58,0.43,0.93,869,409,186,57,42,5,0.58,0.9,0,0,1
296,160,211,75,110,0.86,0.39,810,254,255,74,33,8,0.48,1.0,1,0,1
762,128,279,70,114,0.71,0.6,514,348,104,60,106,20,0.68,0.8,1,1,1
275,52,335,69,90,0.9,0.55,748,152,244,77,73,22,0.68,0.8,0,0,1
665,119,38,39,8,0.16,0.99,278,420,17,70,31,15,0.75,0.8,1,0,0
733,240,181,76,35,0.74,0.94,848,241,209,59,10,10,0.8,0.6,2,0,1
242,65,337,53,37,0.67,0.57,496,69,148,53,105,0,0.41,0.9,1,1,1
503,371,83,39,23,0.05,0.4,315,245,113,66,82,19,1.0,1.0,5,1,0
125,298,192,75,25,0.57,0.5,941,153,97,37,85,22,0.67,0.4,10,1,0
711,365,65,74,33,0.5,0.86,726,309,47,59,72,2,0.32,0.6,10,1,0
377,368,140,35,11,0.09,0.46,289,375,230,47,24,24,0.98,0.4,5,0,0
655,248,453,65,93,0.59,0.67,365,479,45,36,44,15,0.93,0.8,0,0,1
208,259,45,53,26,0.81,0.87,998,129,282,45,115,12,0.34,0.8,1,1,0
632,41,65,40,27,0.1,0.99,574,556,251,39,46,13,0.69,0.6,5,1,0
207,81,337,40,77,0.86,0.67,356,491,267,39,103,25,0.9,0.4,2,0,0
748,294,465,74,86,0.14,0.73,989,523,214,60,59,20,0.92,0.4,0,0,0
606,24,280,70,33,0.77,0.56,339,401,81,44,10,2,0.35,0.6,0,1,1
200,390,295,39,10,0.81,0.66,495,218,268,63,112,3,0.79,0.4,0,1,0
595,31,479,55,119,0.32,0.98,475,425,15,72,109,9,0.93,1.0,10,0,0
427,149,154,52,85,0.58,0.96,167,453,42,40,83,20,0.9,0.6,10,1,0
745,360,489,77,47,0.79,0.91,280,308,175,49,40,25,0.31,1.0,0,0,1
246,291,419,67,118,0.58,0.73,428,45,202,31,34,2,0.31,0.4,2,0,1
556,376,195,68,82,0.51,0.6,363,315,146,80,34,12,0.83,1.0,2,1,1
370,348,211,33,85,0.38,0.55,808,309,280,49,31,13,0.77,0.8,0,1,0
252,319,136,45,82,0.58,0.32,707,171,11,78,23,8,0.36,0.6,0,0,0
728,392,302,50,93,0.35,0.63,443,469,273,55,60,17,0.48,0.8,10,0,0
614,301,420,41,105,0.73,0.73,194,419,26,78,81,22,0.33,0.6,0,1,1
684,382,319,55,114,0.51,0.35,291,496,148,54,99,10,0.45,0.8,0,0,1
374,243,163,64,22,0.7,0.43,144,365,133,73,117,11,0.49,0.4,10,0,0
704,201,180,51,111,0.9,0.67,833,82,213,65,117,1,0.55,0.4,0,1,1
230,140,389,47,90,0.21,0.97,785,582,43,74,30,8,0.79,0.6,0,0,0
769,202,65,46,33,0.53,0.72,718,591,216,33,23,16,0.95,0.4,0,0,0
224,259,151,70,17,0.24,0.68,114,156,121,72,1,8,0.83,0.8,1,0,1
576,338,105,78,22,0.77,0.98,424,442,168,59,89,9,0.77,0.8,2,0,1
82,60,48,41,9,0.01,0.95,408,487,184,31,88,9,0.64,0.4,5,1,0
452,88,212,50,53,0.49,0.67,740,220,85,71,76,23,0.66,0.4,3,0,0
145,319,180,39,12,0.5,0.73,199,345,264,37,17,24,0.53,0.4,0,0,0
272,320,348,45,61,0.12,0.99,417,196,89,41,60,14,0.52,1.0,3,1,1
487,382,481,75,101,0.43,0.55,251,176,120,60,23,7,0.77,0.4,2,1,1
458,77,138,35,22,0.34,0.45,184,505,147,51,58,11,0.79,0.8,1,0,0
712,123,487,75,84,0.72,0.97,980,577,67,65,66,16,0.53,0.9,2,0,1
451,133,313,58,80,0.7,0.52,277,173,147,67,43,9,0.76,0.6,0,1,1
156,213,276,34,68,0.02,0.5,753,328,260,36,42,2,0.58,0.4,5,0,0
201,195,189,40,89,0.64,0.87,149,68,118,41,38,21,0.3,0.4,0,0,1
154,306,218,63,78,0.54,0.76,262,528,11,57,28,3,0.89,0.9,1,0,1
515,239,59,60,85,0.3,0.51,761,290,132,40,13,22,0.35,0.9,5,0,0
621,323,190,64,46,0.06,0.6,241,170,300,67,41,1,0.31,0.9,1,1,1
525,247,436,37,91,0.02,0.75,712,188,84,62,43,12,0.33,0.4,2,1,1
251,86,294,57,3,0.36,0.72,982,51,281,37,69,14,0.9,0.4,3,0,0
690,371,46,78,85,0.25,0.62,104,105,70,40,24,18,0.81,0.8,5,0,1
580,51,358,41,91,0.79,0.9,447,116,109,37,2,17,0.74,0.9,0,0,1
154,241,165,64,40,0.87,0.38,138,102,286,30,115,19,0.45,0.9,0,1,1
384,206,227,71,67,0.2,0.97,763,275,211,69,22,25,0.61,0.6,0,0,0
626,391,42,58,93,0.48,0.97,252,151,86,60,5,21,0.54,1.0,10,0,0
707,124,479,77,116,0.75,0.47,448,251,158,64,9,13,0.65,0.6,2,1,1
204,257,209,53,48,0.98,0.46,155,513,251,47,19,1,0.91,0.4,0,1,1
224,24,244,74,81,0.4,0.63,213,68,229,56,118,15,0.6,0.8,5,0,1
579,66,82,79,43,0.11,0.33,522,43,157,31,48,22,0.99,1.0,0,0,1
300,61,130,45,94,0.49,0.56,484,193,50,64,102,11,0.45,1.0,3,0,0
598,228,394,34,60,0.69,0.69,185,578,263,74,19,3,0.6,0.4,0,1,1
688,280,72,47,95,0.7,0.81,241,339,261,32,41,9,0.88,0.4,10,0,0
132,184,388,55,70,0.43,0.89,860,94,273,62,2,19,0.52,0.6,2,0,1
649,263,404,65,111,0.15,0.67,255,366,170,32,25,14,0.68,1.0,10,1,1
732,123,261,38,34,0.3,0.91,164,517,19,44,47,14,0.99,1.0,1,0,1
447,182,250,53,41,0.66,0.39,714,486,82,70,77,19,0.33,0.9,0,0,0
251,343,420,50,83,0.31,0.39,759,566,242,62,69,25,0.56,0.4,0,1,0
282,13,293,61,15,0.9,0.54,632,560,192,77,55,14,0.84,0.4,1,0,0
682,288,106,39,100,0.61,0.67,522,454,206,78,77,21,0.53,0.8,0,1,0
150,364,345,40,20,0.62,0.89,603,320,87,46,59,0,0.89,0.6,0,0,0
552,190,233,76,49,0.2,0.53,634,588,32,80,66,21,0.34,0.6,2,0,0
385,71,126,53,113,0.04,0.78,546,232,171,77,92,17,0.87,0.4,0,0,0
177,364,361,59,38,0.44,0.94,999,330,300,76,37,25,0.82,0.6,0,1,0
97,193,39,38,64,0.02,0.87,620,400,161,39,97,1,0.55,0.8,0,1,0
773,43,299,77,17,1.0,0.71,870,460,286,45,25,21,0.87,0.6,0,0,1
697,359,471,49,80,0.34,0.47,272,180,256,65,44,9,0.38,1.0,2,1,1
503,153,480,63,12,0.79,0.98,770,248,128,73,43,6,0.53,0.8,1,1,1
114,362,457,52,12,0.2,0.95,306,580,179,77,13,7,0.93,0.6,1,1,0
93,374,294,62,94,0.66,0.89,492,509,188,75,44,3,0.71,1.0,5,1,0
415,155,225,69,30,0.26,0.66,447,168,120,75,35,5,0.94,0.8,0,1,1
293,27,318,79,51,0.18,0.61,300,584,188,64,14,23,0.66,0.8,2,0,0
795,334,281,73,9,0.24,0.47,106,156,229,50,104,24,0.78,0.4,0,1,1
457,28,483,70,92,0.84,0.31,218,111,112,30,56,8,0.86,0.9,2,0,1
692,108,62,58,86,0.8,0.61,424,305,179,71,56,16,0.87,0.4,1,1,0
476,313,434,66,71,0.29,0.45,691,147,269,69,93,6,0.91,1.0,0,0,1
577,314,374,75,34,0.26,0.86,893,184,288,33,76,13,0.35,0.9,0,0,1
562,109,278,41,38,0.36,0.91,120,449,246,59,76,7,0.91,1.0,10,0,0
396,256,207,75,38,0.49,0.78,142,206,288,74,105,12,0.65,0.8,10,1,0
141,118,287,59,48,0.99,0.89,620,95,232,36,19,14,0.86,0.6,5,0,0
201,387,225,80,99,0.1,0.35,692,493,70,68,43,3,0.77,1.0,0,0,0
722,380,449,59,3,0.52,0.68,936,377,154,70,62,12,0.83,1.0,10,0,0
667,24,419,59,116,0.62,0.64,323,71,269,40,47,1,0.37,0.9,1,0,1
131,329,468,43,49,0.6,0.74,916,355,98,31,31,5,0.34,0.4,0,0,1
315,30,51,75,108,0.94,1.0,970,150,221,72,24,10,0.44,1.0,0,0,1
680,212,374,40,63,0.03,0.3,654,174,168,58,111,23,0.51,1.0,1,0,1
340,249,345,50,112,0.23,0.46,249,545,243,59,107,15,0.51,0.6,0,1,1
90,355,332,63,57,0.44,0.85,876,458,93,34,7,1,0.96,0.4,3,0,0
638,337,290,45,61,0.29,0.49,368,179,85,50,103,9,0.47,0.9,5,0,1
589,326,215,72,112,0.99,0.91,149,176,294,54,13,7,0.33,1.0,0,0,1
345,215,147,58,52,0.4,0.66,161,110,269,36,39,22,0.66,0.9,0,1,1
520,186,73,66,44,0.73,0.33,799,571,193,50,52,16,0.99,0.9,0,1,0
371,217,374,50,117,0.52,0.95,696,201,221,42,87,14,0.41,0.4,3,0,1
771,32,55,34,25,0.8,0.35,110,532,66,34,23,10,0.46,1.0,5,1,1
140,64,436,42,119,0.19,0.96,816,575,171,80,7,0,0.56,0.8,10,0,0
143,95,377,76,83,0.82,0.8,459,533,269,57,3,17,0.69,0.4,0,0,0
605,338,474,56,43,0.19,0.97,270,488,146,43,64,17,0.84,0.4,0,0,1
597,141,294,52,50,0.28,0.58,849,481,172,64,49,8,0.77,0.9,0,0,0
143,42,107,48,36,0.93,0.97,736,499,34,46,94,22,0.87,0.6,2,0,0
662,246,51,34,38,0.2,0.89,744,277,268,61,109,13,0.63,0.4,10,0,0
154,102,55,79,39,0.78,0.76,912,165,115,74,81,13,0.99,0.8,1,0,0
57,40,500,55,32,0.66,0.87,457,365,178,39,83,24,0.79,0.8,0,0,0
469,64,85,63,86,0.48,0.47,850,92,49,36,100,6,0.84,0.4,5,0,0
185,166,132,67,65,0.13,0.49,547,219,15,37,50,25,0.69,0.8,2,1,0
478,269,74,30,112,0.34,0.4,497,146,240,48,4,21,0.78,0.6,0,1,0
599,322,309,61,94,0.29,0.41,707,435,100,48,66,21,0.39,0.4,2,1,0
50,300,155,53,79,0.2,0.54,161,231,215,33,82,11,0.33,1.0,0,0,1
316,157,196,60,12,0.33,0.77,784,290,203,38,18,6,0.33,0.8,5,1,0
609,79,199,71,91,0.99,0.9,309,571,237,35,87,24,0.54,1.0,5,1,1
409,316,364,36,106,0.99,0.87,660,391,250,78,63,17,0.44,0.4,10,1,0
260,141,378,47,97,0.06,0.37,820,563,194,51,101,8,0.46,1.0,2,0,0
462,337,389,71,1,0.67,0.55,175,40,76,43,103,25,0.82,0.9,10,0,1
746,283,123,58,12,0.7,0.62,689,478,300,67,119,19,0.38,0.6,1,1,0
716,303,188,69,69,0.03,0.72,267,218,247,60,6,24,0.67,1.0,10,1,0
553,179,256,51,43,0.87,0.54,143,590,128,74,64,14,0.9,0.8,0,0,0
193,54,126,67,57,0.95,0.75,480,129,204,64,111,24,0.52,0.4,5,0,0
102,158,157,44,19,0.02,0.47,668,50,187,65,82,16,0.41,0.6,3,1,0
505,369,64,61,77,0.34,0.41,100,170,40,74,90,21,0.4,0.6,0,1,1
433,205,483,42,102,0.42,0.98,479,555,149,48,8,20,0.35,0.4,1,0,1
433,376,271,57,118,0.84,0.4,912,578,140,64,12,8,0.62,0.9,5,0,0
639,71,354,62,4,0.8,0.36,209,234,166,80,48,12,0.77,0.8,0,0,1
302,221,357,53,28,0.34,0.84,773,257,41,79,97,3,0.32,0.8,5,1,0
220,189,183,62,8,0.7,0.72,495,409,164,61,116,1,0.55,0.9,0,0,1
193,271,494,72,104,0.9,0.42,264,502,94,41,5,15,0.72,1.0,0,0,1
577,181,167,77,28,0.77,0.68,552,594,210,41,0,10,0.7,1.0,10,1,0
370,59,80,47,36,0.09,1.0,823,44,50,38,96,13,0.88,0.4,5,1,0
327,307,234,34,116,0.38,0.94,119,550,226,35,98,6,0.77,0.8,2,0,1
105,16,482,48,93,0.36,0.73,953,133,114,50,3,13,0.81,0.6,10,1,0
633,147,160,45,46,0.04,0.72,818,237,170,36,51,14,0.38,0.9,10,0,0
286,112,49,54,60,0.92,0.33,578,566,220,48,27,22,0.4,0.6,2,1,0
372,344,160,65,77,0.5,0.39,781,177,58,49,4,8,0.6,0.8,1,1,1
364,58,133,45,86,0.35,0.6,187,40,145,63,8,7,0.4,0.4,2,1,1
247,91,240,77,55,0.54,0.73,899,205,274,36,91,2,0.83,0.9,0,0,1
617,98,395,58,111,0.89,0.91,766,545,80,34,35,22,0.49,0.9,5,1,1
567,364,56,51,60,0.29,0.44,590,529,102,69,77,5,0.82,0.8,0,0,0
246,253,450,49,90,0.95,0.95,508,243,268,36,104,11,0.74,0.4,5,0,0
112,380,50,66,61,0.46,0.81,241,40,188,53,79,12,0.66,1.0,2,0,1
315,398,154,55,47,0.86,0.79,787,183,64,43,51,20,0.84,0.4,1,0,0
246,249,79,52,55,0.14,0.31,326,287,243,69,104,20,0.82,0.6,10,1,0
187,47,405,32,84,0.1,0.42,621,321,220,46,80,12,0.67,0.8,1,1,0
261,178,136,63,61,0.94,0.45,213,81,47,64,46,14,1.0,0.8,5,1,1
112,62,58,78,118,0.01,0.67,529,362,16,73,112,21,0.96,1.0,1,0,0
276,308,67,59,1,0.43,0.32,996,466,94,53,16,10,0.95,0.8,10,0,0
309,123,40,48,1,0.27,0.74,442,59,34,72,15,11,0.84,0.9,0,1,0
759,187,277,49,40,0.94,0.62,359,306,62,63,116,21,0.64,0.8,0,0,1
157,273,217,35,62,0.62,0.56,805,227,160,78,102,12,0.54,0.6,3,1,0
332,312,101,73,103,0.88,0.35,975,244,288,52,88,24,0.8,0.6,1,0,0
411,351,81,71,74,0.09,0.8,555,158,204,34,56,8,0.58,1.0,5,0,1
600,330,78,54,48,0.29,0.6,289,119,231,74,100,7,0.79,0.8,5,0,0
413,35,180,59,60,0.41,0.58,227,235,74,77,90,25,0.72,1.0,5,1,0
792,53,349,63,36,0.52,0.45,946,88,72,65,65,16,0.76,0.9,2,0,1
200,365,128,77,72,0.54,0.79,202,270,58,80,34,19,0.91,0.6,2,1,1
380,352,346,74,25,0.96,0.66,172,260,207,65,92,10,0.83,0.6,10,0,0
642,337,454,76,0,0.27,0.69,106,252,154,31,10,22,0.97,0.8,2,0,1
630,259,446,68,35,0.14,0.38,898,367,38,77,92,25,0.89,1.0,0,1,0
500,334,252,56,120,0.32,0.4,504,319,288,57,51,1,0.58,0.8,10,0,0
666,361,132,30,73,0.26,0.67,875,104,223,73,54,16,0.91,0.6,5,0,0
66,166,89,49,34,0.88,0.79,729,540,152,68,101,0,0.39,0.4,1,0,0
234,396,201,30,71,0.37,0.94,502,178,147,54,95,1,0.33,0.9,2,0,1
489,312,464,63,22,0.38,0.72,798,49,209,47,35,9,0.68,1.0,0,1,1
199,157,407,76,68,0.66,0.52,104,65,129,61,104,21,0.67,1.0,0,0,1
567,338,51,42,79,0.45,0.84,617,351,103,46,41,7,0.73,0.9,2,0,0
478,269,423,61,0,0.17,0.34,243,255,103,51,41,21,0.77,0.9,0,0,1
404,286,314,66,86,0.86,0.49,339,429,99,80,108,17,0.32,0.8,10,1,0
138,103,148,48,111,0.02,0.31,383,224,155,49,33,2,0.74,0.4,0,1,0
72,303,61,63,29,0.5,0.36,943,563,50,68,20,4,0.54,0.8,3,0,0
148,127,174,79,90,0.12,0.82,865,481,93,42,37,15,0.68,0.8,3,0,0
757,304,261,55,98,0.08,0.43,450,391,123,33,71,21,0.89,0.6,0,0,1
72,37,203,76,92,0.78,0.32,145,208,99,40,31,13,0.94,0.6,0,0,1
788,73,455,41,79,0.94,0.48,510,560,25,37,104,22,0.5,0.9,10,1,0
535,319,298,56,78,0.75,0.52,861,63,202,56,53,12,0.5,0.6,10,0,0
749,13,184,70,13,0.53,0.79,441,490,247,44,29,24,0.78,0.9,0,1,1
435,11,117,40,26,0.47,0.48,276,290,129,32,117,7,0.71,0.8,2,0,1
246,155,370,40,18,0.36,0.35,196,152,91,70,116,24,0.63,0.6,5,0,0
361,365,203,68,39,0.97,0.77,927,419,290,56,98,15,0.4,1.0,0,0,1
665,233,53,64,118,0.06,0.39,643,205,114,37,33,19,0.55,0.6,0,0,0
617,198,127,77,21,0.5,0.68,321,63,149,36,108,15,0.67,0.6,3,0,1
338,78,289,39,78,0.05,0.87,694,517,157,76,55,18,0.79,1.0,0,0,0
248,163,72,61,110,0.02,0.83,738,554,201,70,4,23,0.53,0.4,0,1,0
178,229,380,70,114,0.29,0.76,431,244,264,39,36,7,0.37,0.8,5,0,1
434,156,416,75,34,0.14,0.57,797,220,50,68,49,8,0.68,1.0,1,0,1
796,289,176,31,5,0.51,0.48,485,125,152,40,21,0,0.77,1.0,0,0,1
755,109,462,57,90,0.52,0.67,835,40,48,62,9,6,0.41,1.0,10,0,1
234,356,86,60,35,0.58,0.56,543,335,89,57,30,2,0.55,1.0,3,0,0
748,28,401,74,70,0.47,0.47,803,545,85,33,1,8,0.68,0.6,10,0,0
443,199,384,44,56,0.73,0.59,585,362,37,52,109,4,0.97,0.4,0,1,0
421,58,262,41,98,0.55,0.41,635,314,70,67,114,12,0.54,0.4,1,0,0
257,29,81,40,33,0.41,0.96,809,160,199,45,59,1,0.63,0.9,10,1,0
473,222,469,40,10,0.26,0.41,346,399,113,32,81,15,0.63,0.6,1,0,1
109,345,43,31,108,0.77,0.33,647,448,23,65,2,18,0.49,0.8,1,0,0
422,20,274,61,78,0.25,0.89,483,449,97,52,71,25,0.51,0.6,2,0,1
107,126,294,46,82,0.06,0.77,696,372,15,41,58,4,0.58,0.4,5,0,0
58,209,202,61,14,0.46,0.4,937,219,160,57,16,15,0.96,0.4,0,0,0
606,119,420,67,47,0.73,0.31,269,265,160,54,77,9,0.94,0.8,5,0,0
527,368,77,48,107,0.71,0.62,157,593,296,42,104,25,0.99,0.6,0,0,1
409,126,340,62,84,0.99,0.77,318,244,246,63,7,10,0.74,1.0,0,0,1
206,395,214,47,23,0.53,0.89,959,85,257,31,76,15,0.98,0.6,0,0,1
141,127,142,45,79,0.22,0.46,606,372,37,76,67,17,0.65,0.9,0,0,0
172,337,162,44,101,0.93,0.96,130,405,205,47,9,22,0.53,0.9,5,1,1
394,11,437,34,0,0.96,0.34,145,458,227,68,58,19,0.9,1.0,5,1,0
114,329,86,33,96,0.65,0.96,573,388,221,52,25,8,0.59,0.9,1,0,0
666,272,162,36,54,0.38,0.82,205,395,167,78,83,25,0.49,0.4,0,0,0
613,291,168,40,120,0.11,0.74,708,528,86,70,113,14,0.77,0.9,0,1,0
630,344,100,76,47,0.9,0.54,500,485,20,34,38,4,0.53,0.6,0,0,1
634,106,362,57,2,0.18,0.32,943,237,71,38,92,23,0.72,0.6,5,0,0
762,210,80,56,96,0.87,0.57,408,481,237,54,4,21,0.51,1.0,5,0,0
673,174,499,52,119,0.91,0.78,198,573,53,48,44,7,0.48,0.6,0,0,1
466,218,174,59,110,0.37,0.47,664,270,269,72,84,25,0.49,1.0,5,0,0
498,340,109,36,43,0.46,0.82,192,430,71,56,94,2,0.88,0.6,1,1,0
189,302,31,67,10,0.28,0.92,140,425,165,61,79,7,0.6,0.6,2,1,0
469,190,136,32,0,0.95,0.95,923,315,281,58,3,25,0.6,0.4,0,1,0
336,180,431,38,58,0.05,0.49,698,567,11,53,16,0,0.93,0.4,3,1,0
382,176,183,42,43,0.44,0.74,738,532,71,49,40,6,0.34,0.9,0,0,1
457,255,395,34,86,0.78,0.45,288,294,87,66,114,21,0.75,0.9,3,0,0
677,254,43,72,80,0.11,0.37,716,75,66,34,79,24,0.68,0.6,10,0,0
519,225,294,63,86,0.97,0.71,380,586,31,30,18,1,0.78,0.6,0,0,1
604,110,239,54,58,0.3,0.77,984,54,214,39,24,24,0.83,0.4,2,0,1
365,274,212,68,12,0.62,0.63,863,55,57,55,114,13,0.92,0.8,0,0,1
748,377,462,58,81,0.7,0.73,347,266,278,64,115,6,0.46,0.8,3,1,1
689,181,72,63,54,0.69,0.96,324,306,147,31,72,1,0.39,0.4,0,0,1
796,243,378,61,16,0.1,0.62,695,395,59,67,36,22,0.86,0.8,2,0,0
438,374,352,36,11,0.38,0.64,738,268,113,37,39,10,0.51,0.9,0,0,1
767,312,104,31,17,0.95,0.67,843,148,33,80,62,1,0.5,0.8,5,0,0
220,221,218,60,27,0.17,0.93,466,497,260,37,54,24,0.55,0.9,2,1,1
52,236,206,40,101,0.88,0.38,776,441,91,72,64,4,0.71,1.0,0,0,0
165,342,82,31,99,0.42,0.57,446,91,164,53,96,5,0.59,0.9,2,0,0
748,185,34,56,49,0.63,0.78,515,193,194,36,60,8,0.79,0.8,1,0,1
252,96,256,45,109,0.28,0.64,399,401,20,34,69,4,0.98,0.4,0,0,0
268,362,139,79,54,0.35,0.68,573,431,68,78,56,10,0.56,0.6,5,1,0
536,254,255,69,8,0.52,0.4,881,112,113,80,99,11,1.0,1.0,10,1,0
744,206,498,50,59,0.62,0.69,891,176,272,62,81,23,0.89,0.6,1,0,1
251,345,471,40,66,0.8,0.89,457,109,138,75,91,9,0.75,0.4,3,0,1
64,151,334,41,103,0.45,0.74,398,505,259,43,21,8,0.45,0.8,3,0,0
661,396,101,77,53,0.66,0.63,186,146,12,42,98,4,0.72,1.0,0,0,1
285,312,398,48,4,0.65,0.3,584,384,83,34,30,2,0.35,0.9,0,0,1
188,349,490,36,5,0.95,0.85,954,41,113,59,69,5,0.75,0.8,5,1,1
408,289,333,44,49,0.42,0.48,929,397,294,51,92,23,0.66,0.6,0,0,0
169,289,116,55,67,0.58,0.32,360,212,200,73,45,20,0.89,0.4,2,1,0
397,97,187,36,42,0.06,0.31,974,460,28,42,44,25,0.81,0.9,0,1,0
627,383,130,41,3,0.47,0.4,186,224,149,38,52,11,0.87,1.0,3,0,1
273,74,368,58,33,0.19,0.62,455,465,35,78,94,6,0.44,0.8,0,1,1
200,98,148,63,52,0.26,0.49,473,591,65,74,31,19,0.72,0.6,0,0,0
489,10,285,33,88,0.52,0.74,997,442,156,62,27,7,0.34,0.6,2,1,0
524,150,87,58,87,0.34,0.99,937,413,144,50,93,14,0.7,1.0,10,0,0
676,48,323,60,24,0.88,0.39,450,558,27,56,20,8,0.89,0.9,0,0,1
633,384,236,44,88,0.79,0.43,503,381,163,34,66,24,0.52,0.9,5,0,1
336,370,393,57,24,0.55,0.76,849,317,69,67,93,4,0.32,0.9,1,1,1
548,74,372,55,78,0.84,0.34,929,83,146,57,9,8,0.49,0.9,1,1,1
750,391,191,48,120,0.84,0.6,284,204,98,32,49,14,0.84,0.8,5,1,1
609,215,301,74,100,0.17,0.75,528,375,209,43,89,24,0.59,0.6,3,0,1
624,400,302,49,102,0.77,0.51,708,227,182,77,90,22,0.8,0.4,0,0,0
630,174,399,34,24,0.76,0.94,501,485,269,54,110,7,0.9,0.4,0,0,0
357,34,51,43,42,0.33,0.99,711,389,12,64,16,8,0.91,0.6,0,0,0
154,81,188,60,0,0.61,0.65,829,506,48,54,78,5,0.36,0.4,0,0,0
133,400,192,55,104,0.5,0.44,914,287,281,63,99,15,0.91,0.4,0,0,0
317,195,253,54,39,0.16,0.48,719,440,41,78,104,5,0.39,0.9,5,0,0
584,390,143,74,64,0.3,0.36,955,166,224,38,98,22,0.87,0.9,2,1,1
338,192,143,52,56,0.91,0.77,328,575,267,80,90,24,0.79,0.4,3,0,0
294,262,436,40,48,0.85,0.7,327,293,228,30,40,4,0.47,0.6,0,1,1
476,130,374,80,6,0.63,0.52,179,395,31,62,80,21,0.62,1.0,1,1,1
421,232,365,59,18,0.25,0.56,181,144,142,37,70,6,0.31,0.6,3,0,1
640,157,154,67,86,0.1,0.83,676,298,39,32,25,5,0.44,0.6,2,1,1
551,111,198,30,83,0.32,0.34,754,305,74,77,40,9,0.46,0.6,3,0,0
111,24,196,62,34,0.55,0.59,578,587,255,47,113,9,0.66,0.8,3,0,0
684,349,123,75,73,0.55,0.51,963,381,125,47,32,2,0.37,1.0,0,0,1
785,359,313,76,70,0.3,0.58,467,311,124,55,38,8,0.44,0.4,0,0,1
426,264,359,42,60,1.0,0.89,525,498,46,63,81,11,0.4,0.4,1,0,0
680,180,229,58,79,0.67,0.79,875,386,207,46,108,25,0.62,1.0,0,1,1
576,376,109,53,18,0.07,0.52,194,249,234,50,119,20,0.84,0.6,2,0,0
735,215,488,55,96,0.04,0.38,372,337,69,48,27,4,0.93,0.4,5,0,0
190,296,480,33,41,0.15,1.0,276,571,210,72,24,12,0.47,0.8,2,1,0
583,347,180,79,60,0.52,0.59,999,251,139,68,115,11,0.42,0.4,2,0,0
605,303,102,75,58,0.18,0.53,917,109,240,70,64,4,0.58,1.0,5,0,0
653,65,187,59,28,0.3,0.65,533,545,13,38,63,10,0.59,1.0,3,0,1
609,252,386,63,4,0.56,0.75,936,231,128,66,90,2,0.59,0.4,0,1,1
367,38,222,55,61,0.93,0.49,700,547,109,56,92,12,0.41,0.4,0,1,0
90,248,90,58,81,0.15,0.68,491,507,96,59,39,24,0.83,1.0,0,0,0
147,63,393,31,79,0.1,0.8,148,342,16,42,52,25,0.78,1.0,5,0,0
221,147,326,37,43,0.72,0.47,914,491,203,44,89,23,0.33,0.6,3,0,0
605,240,174,43,93,0.69,0.55,143,319,166,35,26,18,0.54,0.9,0,1,1
52,380,477,63,16,0.47,0.86,123,323,143,59,118,24,0.62,1.0,3,1,1
372,281,271,49,80,0.07,0.37,228,89,78,79,81,7,0.73,0.6,10,1,0
222,215,84,33,83,0.2,0.34,887,42,89,77,63,7,0.42,0.4,0,0,0
665,212,466,50,73,0.22,0.9,799,494,171,58,79,11,0.85,0.6,3,0,0
548,157,487,31,35,0.97,0.84,536,510,122,31,100,24,0.59,1.0,0,0,1
489,91,341,45,45,0.72,0.62,313,568,51,51,119,9,0.72,0.8,0,1,1
531,212,245,33,60,0.66,0.88,681,155,202,75,99,4,0.64,0.6,2,0,0
113,384,493,50,41,0.77,0.74,967,437,199,59,104,5,0.47,0.8,0,0,0
76,87,378,45,110,0.4,0.37,975,571,264,59,91,7,0.88,0.6,10,0,0
789,32,192,44,43,0.82,0.67,147,163,204,40,13,7,0.66,0.9,5,0,1
559,360,32,30,115,0.08,0.38,274,209,59,56,6,12,0.38,0.4,1,1,0
575,126,355,38,39,0.91,0.94,716,521,189,53,62,8,0.64,0.9,0,0,1
73,295,311,77,100,0.86,0.46,238,383,63,70,14,25,0.92,0.9,0,0,1
544,216,138,33,37,0.38,0.38,287,593,166,38,50,19,0.79,0.6,3,0,0
284,287,331,66,42,0.35,0.52,112,218,186,40,6,10,0.51,0.9,10,0,1
590,363,493,65,4,0.9,0.78,339,231,55,54,30,4,0.46,1.0,3,1,1
180,206,104,34,97,0.58,0.53,403,253,237,59,88,8,0.93,0.6,2,0,0
548,255,233,56,116,0.16,0.31,462,408,18,37,90,23,0.9,0.8,5,0,0
445,378,145,55,37,0.36,0.79,398,582,79,60,12,5,0.48,0.6,3,1,1
436,188,373,37,42,0.87,0.94,455,232,38,65,61,3,0.54,0.8,1,1,1
491,53,87,54,104,0.71,0.31,461,188,80,79,62,11,0.94,0.9,0,0,0
174,145,320,64,9,0.27,0.53,747,475,194,40,81,17,0.9,1.0,0,0,0
107,236,379,52,94,0.31,0.67,732,489,286,55,40,13,0.41,1.0,1,1,1
256,264,294,51,37,0.5,0.79,485,281,235,43,54,19,0.38,0.9,10,1,0
319,134,70,53,38,0.48,0.88,921,332,232,71,1,20,0.72,0.6,0,0,0
151,214,246,43,13,0.36,0.79,807,222,236,38,87,15,0.69,1.0,1,1,0
219,370,311,54,26,0.86,0.33,355,200,244,45,59,11,0.58,0.4,10,0,0
688,372,412,33,70,0.21,0.9,146,192,142,71,59,0,0.92,1.0,1,0,1
214,65,271,49,51,0.97,0.43,795,154,72,60,15,18,0.92,1.0,5,1,0
188,311,214,66,81,0.46,0.36,232,95,142,47,32,13,0.67,0.8,0,0,1
306,376,157,75,35,0.02,0.83,653,466,249,67,40,13,0.74,1.0,1,1,0
277,252,357,80,2,0.27,0.81,796,271,223,37,16,1,0.61,0.9,1,0,1
144,239,222,30,56,0.25,0.65,202,375,250,70,81,16,0.86,0.9,0,1,0
722,125,461,46,86,0.53,0.73,590,144,274,67,43,12,0.46,0.4,2,0,1
406,167,341,44,12,0.72,0.59,942,284,177,55,44,16,0.66,0.8,2,0,0
632,10,432,30,12,0.46,0.55,878,464,283,38,106,8,0.36,0.4,3,1,0
155,69,169,35,75,0.88,0.56,277,213,121,39,63,24,0.49,1.0,3,0,1
589,338,267,44,10,0.54,0.52,351,225,267,34,94,24,0.89,0.6,0,0,1
657,326,51,35,93,0.87,0.57,548,420,195,37,100,16,0.61,0.8,3,0,0
70,387,225,57,53,0.81,0.87,597,277,149,58,94,15,0.5,0.8,2,0,0
691,87,367,71,81,0.89,0.49,326,169,130,40,52,2,0.64,0.9,5,0,1
136,230,202,69,27,0.93,0.58,161,108,204,36,59,9,0.39,0.9,0,1,1
126,192,226,45,114,0.69,0.61,481,577,24,40,55,22,0.49,0.6,10,0,0
702,299,297,75,90,0.24,0.59,131,318,44,55,61,2,0.33,0.8,5,0,1
514,22,287,48,69,0.67,0.36,579,518,284,62,47,17,0.6,0.8,2,0,0
699,339,121,32,63,0.61,0.77,645,106,218,35,114,16,1.0,0.9,0,1,1
755,305,418,42,10,0.93,0.92,767,247,282,70,16,13,0.59,0.6,0,0,1
758,394,321,60,41,0.22,0.89,563,117,282,34,17,13,0.68,1.0,1,0,1
435,229,467,30,12,0.99,0.54,433,400,272,55,20,11,0.83,0.6,10,0,0
179,61,335,42,77,0.63,0.39,413,520,186,40,84,11,0.98,1.0,1,1,0
154,49,188,30,3,0.17,0.41,556,521,224,66,50,14,0.69,1.0,0,0,0
716,20,289,64,65,0.26,0.43,850,178,245,36,12,18,0.93,0.8,0,0,1
579,57,178,76,69,0.04,0.93,847,114,136,67,105,12,0.82,0.8,1,0,1
631,134,39,33,81,0.58,0.78,786,500,143,71,54,17,0.5,1.0,2,1,0
274,32,239,63,102,0.36,0.58,319,482,140,38,87,9,0.85,0.8,2,0,1
77,108,45,58,11,0.64,0.72,901,284,220,44,47,19,0.97,0.6,1,0,0
627,224,57,33,68,1.0,0.68,864,101,47,65,86,21,0.43,1.0,1,0,0
527,77,493,58,74,0.72,0.7,266,201,245,68,95,14,0.32,0.4,1,0,1
229,150,377,32,31,0.75,0.55,791,361,226,56,43,16,0.36,0.9,0,0,0
565,231,200,33,75,0.8,0.43,528,222,50,48,45,23,0.47,0.9,2,0,1
139,259,249,49,32,0.28,0.96,186,471,161,37,82,20,0.68,0.8,5,0,0
514,125,398,75,37,0.52,0.52,444,493,213,76,32,20,0.57,0.9,0,1,1
691,287,72,70,33,0.28,0.75,161,586,145,39,101,20,0.75,0.6,10,0,0
338,221,197,71,81,0.36,0.96,431,351,107,32,83,2,0.9,1.0,10,1,0
167,286,406,39,54,0.55,0.43,403,509,121,74,73,14,0.5,0.8,0,1,0
211,257,139,39,101,0.87,0.88,863,597,285,59,98,21,0.58,0.8,10,1,0
301,125,108,68,7,0.16,0.31,758,303,94,50,87,7,0.65,1.0,0,1,0
177,94,369,51,47,0.42,0.89,408,392,56,62,70,19,0.87,1.0,0,0,0
348,262,413,79,107,0.61,0.54,402,132,236,74,76,1,0.96,0.4,5,1,1
304,129,255,30,68,0.57,0.76,564,163,292,58,73,17,0.82,0.8,1,0,0
702,218,322,49,95,0.14,0.7,389,358,153,64,83,21,0.95,0.6,0,0,0
639,159,330,79,110,0.05,0.59,521,443,216,60,29,11,0.62,1.0,2,0,1
795,91,206,31,74,0.07,0.93,619,272,179,71,68,22,0.66,0.6,0,0,0
738,202,321,32,87,0.0,0.45,484,378,143,51,78,9,0.88,1.0,1,0,0
202,306,424,41,1,0.05,0.51,684,419,74,48,15,11,0.92,0.9,5,0,0
513,104,345,34,39,0.99,0.7,434,172,32,51,38,9,0.82,1.0,5,1,1
428,91,35,63,35,0.15,0.69,394,271,19,61,78,21,0.45,0.9,0,1,0
324,160,283,68,34,0.38,0.7,302,83,141,64,57,12,0.91,0.4,2,1,1
124,321,225,66,43,0.15,0.88,760,430,47,72,50,3,0.38,0.9,5,0,0
63,166,42,62,20,0.84,0.42,564,324,196,66,79,18,0.49,0.8,0,1,0
509,393,44,60,111,0.52,0.32,946,430,152,31,44,5,0.54,0.9,1,0,1
512,279,236,77,19,0.29,0.56,652,243,100,65,2,25,0.33,0.6,3,1,1
245,127,459,35,42,0.71,0.54,676,92,159,33,63,0,0.58,0.9,10,0,0
396,111,205,39,26,0.16,0.54,574,67,235,38,64,6,0.8,0.9,0,0,1
628,38,415,73,49,0.94,0.54,839,238,42,41,92,4,0.57,0.6,0,1,1
108,184,107,80,90,0.47,0.7,291,141,100,53,25,13,0.59,0.9,5,0,0
675,288,445,65,10,0.88,0.33,853,556,257,77,63,20,0.71,0.4,1,0,0
542,116,141,35,37,0.72,0.46,750,302,233,42,30,9,0.43,0.6,0,0,0
343,26,152,53,42,0.33,0.44,886,123,135,54,23,2,0.73,0.9,10,1,0
132,92,457,58,87,0.54,0.77,973,274,12,57,36,22,0.63,0.6,0,0,0
345,254,40,72,56,0.31,0.67,853,442,249,69,114,3,0.8,1.0,2,0,0
354,202,259,53,38,0.68,0.49,663,432,244,62,40,11,0.62,0.9,0,0,0
624,34,391,63,78,0.34,0.92,374,108,183,36,31,12,0.57,0.9,0,1,1
735,106,61,65,108,0.23,0.46,539,206,13,47,112,23,0.82,0.8,3,0,0
142,383,354,73,89,0.52,0.39,955,313,131,34,119,6,0.41,0.4,0,0,0
362,212,207,56,3,0.56,0.85,569,456,63,36,57,3,0.35,0.4,5,1,0
724,259,130,63,8,0.06,0.36,731,240,271,34,41,9,0.36,0.6,5,0,0
135,21,238,34,106,0.45,0.82,755,302,244,44,73,9,0.65,0.9,5,0,0
95,65,259,56,100,0.75,0.49,161,63,81,74,38,23,0.42,0.9,5,0,1
583,25,115,37,80,0.27,0.62,309,259,258,67,78,7,0.51,0.8,3,0,0
455,150,148,56,103,0.43,0.67,708,405,82,80,108,12,0.92,0.8,5,0,0
553,119,109,53,48,0.82,0.48,653,411,95,39,93,19,0.32,0.8,0,1,1
569,251,431,79,82,0.13,0.76,819,588,194,46,89,0,0.84,1.0,0,0,1
122,56,360,64,107,0.37,0.46,767,435,160,58,49,13,0.52,0.9,0,1,0
375,355,357,67,104,0.75,0.55,516,186,296,74,65,7,0.38,0.8,3,1,1
505,327,43,31,77,0.69,0.5,951,111,236,74,75,3,0.87,0.4,0,1,0
391,256,230,36,119,0.3,0.74,775,325,236,57,73,21,0.97,1.0,10,0,0
238,273,287,72,1,0.63,0.41,446,333,40,73,48,1,0.7,0.9,5,0,0
502,39,307,69,44,0.5,0.72,647,528,176,41,107,20,0.91,0.8,5,0,0
695,78,358,57,68,0.61,0.74,215,124,167,71,40,11,0.52,0.6,1,1,1
758,344,53,63,112,0.19,0.33,778,84,73,58,30,0,0.37,0.4,0,1,1
141,39,35,71,18,0.01,0.64,481,358,166,77,13,24,0.92,1.0,5,0,0
703,167,326,71,116,0.73,0.37,525,133,194,42,103,3,0.5,0.6,0,0,1
338,168,259,34,38,0.44,0.54,138,265,231,68,14,15,0.91,0.9,10,0,0
549,367,442,36,21,0.67,0.62,144,515,233,69,23,15,0.4,0.9,0,0,1
417,172,360,77,70,0.8,0.43,158,79,128,76,81,9,0.7,0.8,0,1,1
574,201,161,64,18,0.57,0.56,704,356,210,48,98,21,0.51,1.0,5,1,0
750,351,200,54,68,0.57,0.84,537,502,89,68,25,6,0.43,0.8,3,1,1
489,93,326,37,18,0.62,0.52,931,345,190,71,52,22,0.77,0.9,3,0,0
740,21,178,48,32,0.83,0.73,696,557,289,60,76,11,0.68,1.0,10,0,0
686,281,471,36,27,0.18,0.94,603,316,182,46,1,2,0.94,1.0,1,0,1
239,384,73,30,109,0.58,0.81,432,83,178,66,40,24,0.35,0.4,1,0,0
599,310,148,40,42,0.75,0.33,744,451,249,76,24,18,0.98,0.4,1,0,0
779,354,213,80,116,0.55,0.57,348,534,210,37,69,8,0.72,0.9,3,0,1
730,148,418,56,57,0.64,0.67,622,155,212,58,88,11,0.56,1.0,5,0,1
711,93,31,39,104,0.93,0.33,937,356,119,70,39,17,0.44,0.6,3,0,0
607,80,243,74,43,0.33,0.44,991,45,134,73,108,0,0.79,0.8,3,0,1
564,394,329,60,61,0.47,0.49,810,595,99,34,40,9,0.4,0.8,3,0,1
353,98,444,55,98,0.32,0.41,912,127,65,44,60,19,0.8,0.4,10,1,0
761,188,66,40,89,0.14,0.38,595,490,270,44,38,8,0.81,0.8,2,0,0
140,203,57,54,12,0.89,0.85,122,408,173,76,37,17,0.45,0.6,2,0,0
170,342,331,58,79,0.13,0.88,838,73,222,51,48,13,0.54,0.9,0,1,1
317,98,36,77,67,0.26,0.94,725,57,24,61,2,2,0.46,0.6,0,0,1
751,100,240,42,109,0.24,0.7,611,137,261,49,45,13,0.47,0.8,0,0,1
282,89,65,41,94,0.18,0.51,845,423,286,41,65,6,0.41,0.4,5,1,0
169,338,332,71,69,0.16,0.32,254,105,134,75,81,23,0.63,0.9,0,0,1
174,347,240,59,88,0.9,0.95,522,299,84,58,97,25,0.55,0.9,2,1,1
333,139,247,58,82,0.51,0.56,136,366,82,56,8,23,0.43,0.4,0,0,1
228,242,446,54,55,0.89,0.68,753,353,241,43,8,0,0.94,0.6,0,1,1
116,104,485,55,81,0.89,0.5,700,137,219,58,67,22,0.68,0.6,0,0,0
249,327,488,30,22,0.07,0.35,584,493,168,51,10,16,0.77,0.6,0,1,0
376,349,37,72,54,0.08,0.84,710,507,248,37,14,18,0.83,0.4,0,0,0
537,369,223,69,52,0.55,0.34,512,528,126,35,59,19,0.73,0.8,0,1,1
210,178,404,63,14,0.7,0.32,452,70,205,41,60,7,0.53,0.9,2,0,1
187,292,185,68,86,0.37,0.58,939,473,288,58,4,25,0.99,0.4,0,0,0
256,393,191,57,37,0.56,0.94,463,534,138,41,51,13,0.45,1.0,0,0,1
512,163,249,63,110,0.19,0.74,750,219,113,72,34,19,0.94,1.0,0,0,1
176,12,232,68,103,0.21,0.98,665,156,141,44,27,18,0.32,0.4,3,0,0
570,369,213,39,71,0.26,0.3,119,187,46,79,81,11,0.81,0.8,0,0,1
174,58,414,64,25,0.82,0.43,624,438,87,38,11,20,0.4,0.9,5,0,0
194,244,377,37,41,0.7,0.45,258,133,287,34,8,9,0.92,0.8,0,0,1
746,32,266,61,29,0.79,0.94,111,188,292,38,111,14,0.56,0.4,2,0,1
735,64,285,36,103,0.1,0.39,630,123,199,58,62,6,0.76,0.4,0,1,0
368,75,106,38,22,0.23,0.35,229,183,31,36,26,0,0.57,0.9,10,0,0
672,115,111,80,97,0.13,0.94,708,414,212,60,41,13,0.65,0.6,1,1,1
781,362,420,80,111,0.57,0.62,687,556,173,35,48,13,0.62,0.8,5,0,1
170,115,177,70,115,0.07,0.35,690,468,286,64,55,19,0.32,0.8,3,0,0
355,30,310,30,12,0.65,0.85,772,557,279,54,75,23,1.0,0.6,0,1,0
271,29,184,60,88,0.14,0.35,741,146,97,39,44,20,0.42,0.9,10,1,0
388,297,157,65,10,0.89,0.43,963,156,40,77,87,6,0.31,0.4,0,0,0
516,157,129,32,30,0.03,0.59,671,426,179,45,100,23,0.83,0.9,1,1,0
564,307,432,48,55,0.06,0.95,915,95,193,56,54,25,0.78,0.6,2,0,1
72,227,199,40,57,0.68,0.5,296,139,201,75,54,6,0.77,0.4,10,0,0
54,321,61,58,71,0.16,0.43,290,373,244,32,18,14,0.96,1.0,10,0,0
474,190,401,36,20,0.13,0.61,278,482,191,30,66,0,0.87,0.4,1,0,1
697,304,445,75,30,0.42,0.66,391,443,154,60,17,18,0.48,0.6,1,0,1
59,73,330,53,80,0.16,0.36,589,429,92,55,8,14,0.53,0.4,1,1,0
252,173,130,50,32,0.6,0.71,783,228,215,59,93,25,0.8,1.0,5,1,0
444,262,368,37,77,0.09,0.74,497,93,245,59,103,24,0.55,1.0,0,1,1
384,61,105,48,25,0.16,0.48,557,551,248,35,96,0,0.31,0.6,2,1,0
360,368,145,55,49,0.56,0.39,535,421,278,57,38,8,0.6,0.9,0,0,1
779,367,106,44,35,0.51,0.41,637,546,101,36,2,12,0.86,1.0,0,1,1
686,164,300,77,103,0.5,0.65,973,531,101,42,36,11,0.66,0.9,1,0,1
510,339,55,80,89,0.89,0.37,514,127,209,63,32,4,0.36,0.6,2,1,1
81,139,120,32,4,0.83,0.43,597,546,71,45,104,12,0.92,0.4,0,0,0
222,100,36,32,79,0.91,0.97,828,431,95,57,98,9,0.9,0.4,0,0,0
704,394,279,51,41,0.98,0.4,598,488,187,60,72,16,0.45,1.0,1,0,1
160,377,377,43,41,0.04,0.45,959,292,66,65,82,22,0.47,0.9,3,0,0
554,349,140,56,20,0.72,0.79,911,347,282,34,6,19,0.64,0.6,10,1,0
645,258,37,58,60,0.7,0.71,628,415,183,41,113,25,0.35,0.4,10,1,0
741,399,222,78,4,0.91,0.7,527,580,74,53,56,18,0.35,0.4,0,0,1
128,127,376,78,59,0.38,0.5,149,465,159,47,92,9,0.5,0.8,0,0,1
688,350,331,53,38,0.27,0.92,969,305,257,78,46,8,0.57,1.0,0,1,1
467,244,238,72,63,0.91,0.55,211,213,44,50,114,15,0.43,0.4,3,1,1
235,377,180,32,35,0.28,0.58,218,235,15,36,20,2,0.35,0.6,1,0,1
133,361,332,69,115,0.49,0.9,683,374,257,58,102,22,0.95,0.8,5,1,0
184,175,348,42,86,0.07,0.66,962,437,158,64,0,7,0.89,0.6,1,1,0
622,284,198,67,41,0.71,0.93,775,311,95,38,118,24,0.35,0.6,0,0,1
52,31,69,33,86,0.15,0.32,430,53,247,32,79,18,0.46,0.8,5,1,0
257,320,212,40,15,0.3,0.66,767,564,236,31,52,7,0.79,1.0,0,1,0
263,148,409,33,115,0.62,0.53,481,393,244,52,69,21,0.47,0.9,2,0,1
284,193,294,38,76,0.7,0.61,883,537,294,35,80,20,0.38,1.0,0,0,0
496,65,211,71,39,0.4,0.95,360,555,152,51,57,11,0.9,0.6,3,1,1
587,277,347,55,80,0.98,0.52,162,429,111,54,110,8,0.83,0.4,0,1,1
751,180,364,53,31,0.23,0.42,727,445,199,36,12,18,0.97,0.9,0,0,1
493,62,378,79,119,0.03,0.42,262,247,13,66,2,0,0.32,0.9,0,0,1
263,376,498,80,106,0.96,0.73,675,532,174,42,57,13,0.56,1.0,3,1,1
531,334,54,41,48,0.26,0.87,622,169,103,40,85,23,0.81,0.9,0,0,0
770,390,298,31,24,0.29,0.79,865,549,205,53,22,5,0.95,0.6,5,1,0
103,34,347,63,46,0.07,0.53,278,530,189,67,30,9,0.41,1.0,0,1,1
755,83,230,56,44,0.71,0.43,308,347,258,67,12,17,0.47,1.0,0,0,1
349,198,190,74,28,0.53,0.35,138,331,168,46,113,16,0.47,0.9,10,0,0
623,295,234,58,101,0.18,0.99,452,306,156,50,50,23,0.42,0.8,0,1,1
126,120,480,36,37,0.65,0.34,820,485,91,74,106,3,0.51,0.4,0,0,0
167,100,84,57,72,0.43,0.79,591,461,215,43,55,24,0.9,0.6,1,0,0
160,249,163,77,29,0.36,0.64,335,72,127,40,98,23,0.44,0.6,5,0,1
99,246,217,39,110,0.61,0.81,235,597,41,39,109,18,0.33,0.9,2,0,1
606,143,375,31,107,0.79,0.69,977,104,78,68,110,4,0.72,1.0,0,0,1
370,79,56,71,14,0.45,0.47,834,122,162,66,83,17,0.57,0.4,5,1,0
482,208,448,49,15,0.61,0.35,617,119,297,79,76,9,0.37,0.6,3,0,1
60,276,166,72,80,0.73,0.47,658,85,115,30,69,17,0.56,0.6,0,0,1
675,282,464,44,38,0.79,0.56,160,98,163,54,35,11,0.81,0.6,0,0,1
430,12,440,76,57,0.88,0.43,120,72,82,33,9,9,0.73,0.8,5,0,1
89,135,100,38,86,0.67,0.89,403,307,44,58,59,4,0.99,0.8,0,0,0
739,81,236,67,97,0.52,0.5,996,482,149,40,101,20,0.56,0.4,0,0,0
790,347,255,58,65,0.19,0.36,938,183,206,46,83,2,0.7,0.9,5,0,0
697,20,229,55,42,0.96,0.39,474,416,258,66,83,23,0.31,1.0,2,0,1
752,166,271,52,61,0.85,0.71,489,137,252,70,44,23,0.75,0.4,5,0,0
153,40,214,45,32,0.88,0.91,326,207,110,55,68,4,0.35,1.0,10,0,0
477,299,471,40,76,0.96,0.57,292,184,222,74,104,14,0.64,0.4,10,0,0
771,399,99,41,98,0.32,0.68,320,91,187,45,119,21,0.85,0.9,2,1,1
226,294,352,56,57,0.53,0.33,379,474,183,33,15,25,0.88,0.4,3,1,0
216,15,226,75,80,0.51,0.43,820,379,195,36,40,1,0.46,1.0,3,0,1
356,336,430,53,95,0.32,0.71,481,60,182,39,25,23,0.92,0.6,0,1,1
572,317,395,39,27,0.61,0.31,997,71,24,45,90,24,0.48,0.6,3,1,1
724,369,231,73,35,0.87,0.92,755,366,150,77,91,1,0.46,0.8,0,0,1
697,307,282,55,111,0.11,0.42,348,489,14,44,52,19,0.64,0.9,2,0,1
425,253,279,57,15,0.9,0.68,435,376,202,63,21,5,0.91,0.6,10,0,0
81,389,352,51,112,0.42,0.95,674,218,35,49,42,18,0.44,0.6,2,1,1
543,57,261,62,4,0.78,0.82,863,257,103,46,34,19,0.98,1.0,0,0,1
673,318,497,49,51,0.43,0.44,557,207,37,59,71,19,0.46,1.0,5,0,1
421,192,365,68,32,0.21,0.35,893,562,196,72,59,23,0.56,0.9,0,0,0
148,307,197,45,30,0.4,0.51,329,276,90,52,17,22,0.54,0.4,10,1,0
399,17,265,58,49,0.62,0.51,294,562,127,47,54,4,0.32,0.8,0,0,1
551,228,328,76,99,0.53,0.5,129,98,251,80,40,13,0.69,0.8,2,0,1
612,31,269,69,61,0.31,0.45,325,406,110,73,15,23,0.43,0.8,0,0,1
299,233,258,49,61,0.45,0.49,570,286,257,48,82,0,0.77,0.4,0,0,0
261,39,131,70,115,0.33,0.99,981,461,71,66,44,10,0.7,0.4,2,0,0
83,134,53,44,95,0.08,0.61,953,58,254,77,117,6,0.89,0.4,0,0,0
577,216,92,42,49,0.56,0.99,803,130,270,69,78,19,0.56,1.0,3,1,0
384,272,288,42,38,0.28,0.46,115,149,147,34,71,1,0.93,0.6,0,0,1
738,372,335,70,92,0.19,0.62,616,287,171,33,112,16,0.41,1.0,1,0,1
478,48,451,36,61,0.47,0.46,100,589,115,54,67,12,0.57,0.9,1,1,1
62,106,397,48,104,0.74,0.8,957,285,228,56,105,0,0.81,0.8,10,0,0
549,213,132,56,82,0.88,0.39,898,318,114,59,33,4,0.69,0.4,2,1,0
373,143,234,75,35,0.84,0.48,924,261,232,40,102,18,0.51,0.9,10,0,0
334,378,356,54,105,0.27,0.43,429,84,97,56,60,11,0.77,0.9,10,0,0
593,377,123,54,91,0.0,0.83,868,381,38,63,45,12,0.87,0.9,1,1,0
386,270,121,72,90,0.15,0.84,960,342,29,38,78,18,0.54,0.8,0,1,1
736,195,386,65,31,0.46,0.87,680,438,22,61,40,17,0.63,1.0,0,0,1
95,170,154,60,72,0.31,0.89,947,503,115,66,11,20,0.97,0.9,3,0,0
661,278,182,38,86,0.67,0.41,760,356,42,46,58,21,0.54,0.8,0,0,1
235,13,450,36,55,0.63,0.57,865,332,128,62,112,25,0.56,0.6,10,0,0
580,57,470,78,68,0.37,0.32,792,391,181,35,37,20,0.7,0.6,10,0,0
497,91,140,57,82,0.41,0.34,528,338,274,55,17,3,0.45,1.0,1,1,1
536,74,111,34,67,0.55,0.43,604,206,104,32,97,0,0.78,0.8,0,0,0
487,256,214,37,60,0.83,0.6,653,365,261,58,26,13,0.59,0.9,10,0,0
773,288,360,46,102,0.13,0.76,224,475,17,65,20,20,0.46,0.6,5,0,0
341,48,267,32,18,0.11,0.72,931,53,171,74,45,17,0.74,1.0,10,0,0
230,263,249,71,98,0.02,0.61,408,565,125,57,120,24,0.96,0.9,0,1,0
267,271,189,80,53,0.67,0.43,867,404,108,59,104,11,0.66,0.8,0,1,0
371,230,369,70,81,0.35,0.81,292,399,197,50,8,5,0.68,0.6,5,0,1
76,78,291,60,103,0.95,0.71,504,319,103,34,53,6,0.94,1.0,3,0,0
401,252,44,35,116,0.83,0.9,736,359,17,62,52,15,0.82,0.9,1,0,0
682,248,410,74,40,0.01,0.71,779,444,222,46,39,24,0.34,0.8,10,1,0
119,242,156,56,93,0.02,0.53,288,410,149,41,110,1,0.31,0.8,1,0,1
422,245,434,76,87,0.42,0.58,202,471,132,66,17,13,0.78,0.4,1,0,1
378,352,126,51,110,0.23,0.84,357,387,201,37,0,8,0.33,0.6,5,1,0
180,39,325,53,69,0.81,0.75,676,235,83,76,81,13,0.8,0.4,3,0,0
256,327,155,34,22,0.34,0.6,464,268,121,46,111,25,0.88,0.4,0,1,0
543,230,478,70,99,0.94,0.97,915,224,74,48,48,3,0.8,0.6,0,1,1
56,235,398,77,68,0.39,0.96,943,56,125,53,36,12,0.94,0.9,0,0,1
295,114,311,65,71,0.73,0.53,172,188,199,49,109,24,0.92,1.0,0,0,1
209,271,400,53,99,0.32,0.46,690,73,19,78,14,7,1.0,0.4,2,0,0
220,17,484,75,87,0.2,0.68,643,193,19,32,39,11,0.65,1.0,0,0,1
653,324,82,35,79,0.28,0.85,779,376,10,80,91,22,0.65,0.6,2,0,0
119,117,446,53,24,0.23,0.38,979,477,183,61,35,18,0.86,1.0,1,0,0
445,38,355,56,68,0.65,0.51,224,438,183,48,31,13,0.58,0.8,1,1,1
54,121,183,34,3,0.34,0.55,376,334,55,61,41,16,0.98,1.0,0,0,0
299,109,133,62,65,0.57,0.64,283,82,243,33,43,4,0.47,0.4,0,0,1
646,175,92,77,16,0.91,0.54,208,190,194,49,106,24,0.49,0.8,0,0,1
225,238,370,34,80,0.96,0.84,420,202,126,32,28,8,0.39,0.6,1,0,1
534,80,221,34,6,0.98,0.88,479,521,167,37,30,5,0.46,0.6,3,0,0
278,263,174,33,42,0.22,0.63,977,73,49,46,10,18,0.98,0.6,5,0,0
342,48,267,76,56,0.86,0.47,216,190,72,67,90,12,0.5,0.6,10,1,0
228,368,299,70,111,0.25,0.94,461,534,43,36,22,11,0.4,1.0,1,1,1
638,276,53,56,49,0.36,0.81,353,161,98,63,30,21,0.73,0.9,0,0,1
457,54,193,45,69,0.35,0.74,608,569,213,37,59,1,0.41,0.9,0,1,1
409,62,341,42,0,0.11,0.61,812,297,183,56,76,8,0.34,0.8,0,1,1
245,177,442,69,111,0.24,0.43,826,295,250,43,68,10,0.9,0.4,1,0,0
715,40,108,30,75,0.19,0.66,583,473,279,80,53,21,0.53,0.4,0,1,0
188,188,245,66,66,0.73,0.34,429,118,294,61,24,17,0.7,0.9,3,0,0
124,170,239,50,83,0.64,0.43,433,326,119,75,32,15,0.61,0.6,0,1,0
701,234,50,77,78,0.8,0.39,372,540,254,36,52,3,0.37,0.4,3,0,1
143,209,177,76,87,0.18,0.84,861,102,269,54,58,19,0.81,0.4,0,0,0
463,65,84,32,49,0.02,0.6,956,42,103,38,84,5,0.58,1.0,10,0,0
223,65,479,48,47,0.58,0.9,818,553,274,49,85,19,0.73,0.8,5,1,0
701,393,443,54,69,0.45,0.57,198,147,76,51,32,3,0.93,0.6,0,0,1
524,388,71,66,22,0.73,0.57,316,182,184,75,61,14,0.76,1.0,10,0,0
481,290,437,72,83,0.77,0.89,490,113,238,33,17,0,0.7,0.9,0,0,1
484,248,417,40,101,0.59,0.86,486,411,181,66,120,9,0.31,1.0,10,0,0
54,313,40,79,120,0.1,0.95,599,343,267,44,18,1,0.56,0.4,1,0,0
52,216,381,31,32,0.22,0.65,846,401,283,33,46,10,0.52,0.9,0,0,0
211,29,59,44,84,0.22,0.42,827,138,39,69,119,14,0.89,1.0,0,1,0
300,362,211,80,113,0.84,0.9,799,336,143,74,67,7,0.77,0.9,5,1,0
198,306,290,70,52,0.82,0.87,788,323,62,79,80,2,0.77,0.6,5,1,0
641,248,159,68,42,0.72,0.68,385,259,73,72,66,2,0.96,1.0,3,0,1
53,171,145,65,1,0.4,0.89,493,210,235,76,13,8,0.43,0.8,10,0,0
90,316,78,75,66,0.04,0.93,740,99,122,71,15,14,0.61,0.6,2,1,0
581,314,291,52,85,0.07,0.46,843,541,296,39,8,23,0.35,0.4,10,0,0
187,342,216,48,79,0.6,0.71,389,408,147,76,86,20,0.81,0.6,3,1,0
135,129,366,52,115,0.83,0.76,835,231,12,42,111,11,0.44,0.6,1,0,1
555,188,108,43,112,0.13,0.69,620,300,55,64,102,8,0.41,0.8,10,0,0
735,170,156,67,13,0.55,0.54,690,598,270,39,76,6,0.86,0.6,0,1,1
420,319,68,53,91,0.31,0.75,734,472,129,65,101,18,0.87,0.4,0,0,0
183,98,189,61,42,0.28,0.63,961,217,196,75,24,12,0.72,0.6,0,0,0
185,297,376,41,26,0.41,0.72,381,515,213,44,64,15,0.52,0.8,2,0,0
419,267,367,33,120,0.62,0.46,439,451,17,62,80,14,0.53,1.0,5,1,0
480,147,160,45,55,0.96,0.33,830,246,169,30,89,17,0.7,0.6,0,0,0
219,304,479,75,32,0.8,0.57,593,403,85,59,95,18,0.6,1.0,10,0,0
150,292,436,33,83,0.18,0.96,653,311,168,33,102,12,0.4,1.0,0,1,1
684,249,202,51,48,0.88,0.83,437,204,102,63,23,11,0.6,0.4,5,0,0
739,246,458,39,42,0.21,0.86,808,585,236,77,95,24,0.95,1.0,2,0,0
140,106,51,40,12,0.11,0.53,860,63,164,71,81,8,0.48,0.8,0,0,0
353,143,131,52,53,0.32,0.47,899,273,280,61,83,8,0.8,1.0,10,0,0
682,282,64,39,0,0.57,0.53,490,231,16,42,77,4,0.93,0.4,10,0,0
250,271,424,66,29,0.35,0.62,625,324,233,56,111,18,0.97,0.4,5,1,0
511,347,455,54,117,0.75,0.37,832,476,256,49,44,25,0.37,0.8,5,0,0
767,14,79,60,43,0.26,0.65,926,244,262,58,72,16,0.37,0.6,5,1,0
769,387,257,58,10,0.27,0.99,727,179,22,39,18,18,0.51,0.6,10,0,0
703,246,84,45,22,0.71,0.43,234,85,17,59,80,25,0.42,0.4,3,0,1
208,129,444,76,106,0.52,0.5,792,159,173,73,99,7,0.46,0.6,1,0,1
310,149,212,65,59,0.2,0.52,322,315,146,55,28,14,0.68,0.8,1,0,1
689,159,377,46,43,0.67,0.54,567,298,141,63,98,14,0.82,1.0,2,0,1
761,393,96,74,76,0.8,0.78,308,390,294,67,54,9,0.69,0.8,3,1,1
423,312,212,76,51,0.16,0.85,772,95,115,52,5,14,0.84,1.0,2,0,1
516,376,392,48,63,0.64,0.73,214,205,156,39,94,9,0.43,0.8,0,0,1
800,186,107,64,94,0.85,0.81,670,261,234,46,15,17,0.87,0.6,1,0,1
403,351,182,59,26,0.84,0.65,390,85,126,74,96,14,0.34,0.8,10,1,0
246,303,182,68,86,0.09,0.85,782,372,142,56,37,9,0.31,0.6,1,1,1
777,99,79,47,94,0.29,0.3,601,406,126,62,50,16,0.3,0.8,1,0,0
630,216,482,48,26,0.91,0.89,898,530,260,48,49,5,0.4,0.4,2,1,1
573,149,341,38,53,0.27,0.44,477,206,286,31,64,24,0.31,0.9,5,0,1
170,325,465,72,115,0.68,0.46,235,537,217,75,93,5,0.32,0.4,3,0,1
565,210,356,45,112,0.44,0.81,414,270,120,38,1,3,0.89,0.8,10,0,1
194,146,182,41,88,0.75,0.33,120,352,162,63,16,14,0.88,0.4,1,0,0
143,24,147,32,21,0.47,0.39,493,172,61,59,69,5,0.89,1.0,10,1,0
670,100,465,30,14,0.06,0.31,659,349,48,43,49,12,0.69,1.0,2,0,0
638,94,430,38,48,0.09,0.59,954,381,122,44,86,16,0.36,0.8,0,1,1
367,258,120,70,78,0.72,0.69,367,282,68,69,59,6,0.89,0.9,1,0,1
392,130,359,50,45,0.29,0.43,542,177,190,73,12,6,0.56,0.4,3,0,0
458,294,383,41,70,0.16,0.79,123,481,134,56,25,23,0.33,0.4,5,1,1
331,192,255,52,83,0.64,0.39,731,146,131,75,88,21,0.89,0.8,2,0,0
391,368,487,70,106,0.95,0.36,994,425,33,36,0,15,0.41,0.8,0,0,1
194,168,98,35,25,0.64,0.4,1000,317,206,80,95,5,0.91,1.0,10,0,0
653,306,261,38,69,0.62,0.89,300,513,292,59,54,4,0.96,0.9,3,1,1
183,145,461,49,116,0.16,0.46,276,292,168,33,103,24,0.36,0.4,0,1,1
131,289,34,39,91,0.53,0.62,460,435,286,34,58,13,0.8,0.6,5,1,0
224,201,68,80,95,0.34,0.48,628,112,213,73,84,18,0.41,1.0,3,1,0
393,78,149,74,67,0.22,0.78,187,136,214,44,26,2,1.0,0.8,0,1,1
419,230,325,55,8,0.16,0.9,274,339,72,67,108,7,0.71,0.4,3,0,0
353,265,202,34,31,0.81,0.92,993,241,149,48,12,18,0.99,0.4,0,1,0
629,108,202,48,20,0.62,0.4,567,161,66,68,114,20,0.76,0.4,2,1,0
712,73,108,76,87,0.78,0.9,649,255,160,35,6,25,0.74,1.0,1,0,1
72,55,54,47,60,0.57,0.46,170,360,23,59,0,17,0.36,0.4,3,0,0
331,55,231,41,110,0.27,0.38,315,477,207,63,61,2,0.96,1.0,1,0,0
328,273,300,32,68,0.6,0.3,826,108,42,78,61,10,0.61,0.8,5,0,0
123,315,382,77,22,0.7,0.68,562,311,36,33,13,25,0.98,0.8,5,0,0
689,119,214,68,54,0.58,0.91,609,230,257,34,31,11,0.47,1.0,5,1,1
233,264,223,36,105,0.61,1.0,285,316,256,33,117,2,0.68,0.8,0,0,1
150,138,218,55,8,0.46,0.77,688,577,39,36,32,3,0.56,0.6,3,0,0
364,316,456,53,113,0.53,0.88,751,401,46,34,11,2,0.55,0.4,0,0,1
621,288,483,40,1,0.95,0.79,705,213,127,69,52,13,0.48,0.6,0,0,1
717,52,54,32,38,0.38,0.34,496,79,257,69,67,3,0.85,0.8,0,1,0
329,167,196,62,42,0.11,0.63,868,410,189,40,114,12,0.98,0.6,2,0,0
386,389,252,59,63,0.71,0.59,900,158,133,72,67,18,0.58,0.8,0,0,1
673,277,161,68,70,0.22,0.34,972,349,245,48,109,24,0.3,0.8,10,0,0
752,17,465,35,13,0.13,0.34,322,303,137,75,107,23,0.61,0.8,10,0,0
234,18,147,49,97,0.21,0.55,892,251,20,71,1,15,0.34,0.6,5,0,0
434,221,240,55,98,0.61,0.41,820,474,136,51,72,15,0.52,0.8,2,0,0
309,84,334,75,4,0.72,0.54,681,570,258,40,110,3,0.68,0.9,0,1,1
231,223,81,42,107,0.55,0.33,621,96,206,76,52,2,0.33,0.4,3,0,0
186,218,430,74,36,0.08,0.92,509,467,114,52,97,14,0.58,0.6,1,0,1
114,41,336,67,85,0.48,0.96,933,488,151,70,10,2,0.48,1.0,0,1,1
157,398,318,48,3,0.25,0.99,691,176,225,36,35,8,0.76,0.6,0,0,1
626,294,321,31,114,0.93,0.93,223,455,145,60,58,22,0.63,0.8,0,0,1
609,28,247,76,30,0.01,0.64,433,473,86,75,34,7,0.79,0.6,10,0,0
742,174,481,76,60,0.82,0.41,790,499,44,33,89,12,0.44,0.4,2,0,1
409,74,442,58,30,0.15,0.75,643,586,286,73,29,8,0.96,0.9,10,1,0
413,214,397,31,94,0.55,0.53,629,145,279,53,108,25,0.82,0.6,0,0,0
469,183,331,73,96,0.32,0.85,263,277,117,52,16,7,0.87,0.9,1,0,1
215,232,74,67,114,0.98,0.45,823,50,238,44,116,3,0.71,1.0,3,0,0
623,249,471,62,67,0.08,0.78,253,473,236,49,8,1,0.73,0.6,3,1,1
762,24,359,77,71,0.58,0.59,890,175,109,32,54,18,0.36,0.8,2,1,1
549,356,446,71,58,0.82,0.3,785,507,120,65,2,11,0.37,0.8,10,0,0
334,22,336,47,27,0.3,0.67,706,174,62,37,74,6,0.4,0.4,2,0,1
426,35,359,38,57,0.04,0.74,611,308,288,63,76,3,0.96,0.6,2,0,0
157,369,98,32,18,0.21,0.6,361,87,61,57,35,15,0.87,1.0,0,1,0
391,138,331,59,65,0.05,0.58,717,597,124,30,52,8,0.85,0.8,5,0,0
583,101,475,30,25,0.37,0.87,485,540,121,60,55,0,0.68,0.6,2,0,0
163,69,310,50,51,0.29,0.46,685,541,17,32,73,15,0.92,1.0,0,0,0
560,17,371,70,2,0.77,0.76,448,362,146,69,7,21,0.33,0.6,2,1,1
518,303,250,77,92,0.62,0.33,384,507,257,38,119,8,0.56,0.6,5,1,0
659,131,220,79,105,0.19,0.6,990,580,298,42,15,9,0.74,0.9,1,1,1
650,144,470,52,86,0.62,0.94,577,559,232,38,37,24,0.94,1.0,2,0,1
797,392,357,67,116,0.73,0.72,816,597,277,55,9,16,0.68,0.6,5,0,0
677,134,374,54,35,0.23,0.87,885,55,120,73,98,16,0.92,0.6,5,1,1
212,298,151,79,28,0.06,0.65,605,354,175,69,2,23,0.9,0.8,1,0,0
662,238,107,38,112,0.79,0.77,1000,325,11,70,14,24,0.83,0.4,1,1,0
252,264,47,56,67,0.38,0.8,159,123,139,45,111,1,0.49,0.6,0,1,1
163,329,373,79,99,0.57,0.7,976,456,165,68,83,25,0.96,0.6,10,1,0
680,279,368,71,3,0.74,0.48,214,335,282,32,27,25,0.8,0.4,2,0,1
124,362,282,69,95,0.44,0.85,644,115,23,63,94,5,0.99,0.9,10,0,0
763,105,258,51,63,0.06,0.58,684,589,273,54,103,6,0.58,1.0,0,0,1
674,42,317,43,5,0.31,0.82,147,41,51,50,51,25,0.34,0.4,10,0,1
178,279,331,37,113,0.77,0.54,216,431,97,40,32,20,0.49,0.8,5,1,1
104,242,214,57,75,0.44,0.69,562,229,166,69,12,3,0.41,0.9,5,1,0
262,91,132,35,60,0.8,0.61,608,330,290,32,118,13,0.61,1.0,1,1,0
563,366,429,67,87,0.11,0.58,525,424,222,53,88,16,0.65,0.9,0,0,1
248,140,141,58,111,0.91,0.59,833,198,61,59,72,2,0.86,0.9,5,0,0
517,19,76,45,111,0.06,0.97,103,69,299,61,39,9,0.53,1.0,0,1,1
710,240,215,42,96,0.6,0.43,485,150,212,79,23,23,0.97,0.4,0,0,0
57,21,451,43,103,0.41,0.84,149,208,52,56,102,20,0.72,0.4,1,0,1
348,152,407,39,78,0.08,0.36,687,132,126,50,111,0,0.44,0.4,0,0,1
244,342,83,40,118,0.88,0.63,714,433,14,64,17,12,0.67,0.6,2,0,0
651,27,180,49,91,0.95,0.51,687,284,153,44,92,25,0.66,0.6,2,0,0
303,157,330,57,62,0.09,0.52,263,423,67,34,93,9,0.96,0.6,1,1,1
505,331,239,43,66,0.63,0.82,633,433,69,52,63,0,0.73,1.0,0,0,1
258,352,174,68,13,0.71,0.32,530,516,143,54,7,14,0.38,0.4,5,1,0
568,203,472,63,18,0.95,0.63,439,324,279,61,80,1,0.53,0.6,1,1,1
164,302,307,69,48,0.08,0.57,651,217,261,73,59,8,0.52,0.6,5,1,0
644,325,304,43,69,0.15,0.56,757,427,79,74,66,20,0.63,0.8,5,0,0
485,202,490,44,82,0.62,0.4,903,428,188,44,23,10,0.48,0.9,0,0,1
619,204,77,63,1,0.63,0.95,406,448,119,64,117,17,0.35,0.4,2,0,0
408,378,271,52,74,0.09,0.39,343,573,14,68,12,21,0.71,0.4,0,0,0
295,238,125,32,56,0.39,0.6,866,403,146,30,83,7,0.57,0.6,0,1,0
355,18,190,36,38,0.55,0.94,779,78,297,40,66,7,0.53,0.8,0,0,1
89,92,408,63,105,0.82,0.56,724,183,190,75,106,21,0.54,1.0,5,0,0
750,209,163,61,70,0.25,0.48,121,133,286,63,88,8,0.64,0.4,0,1,1
398,22,104,48,111,0.68,0.94,741,481,93,48,105,11,0.77,0.6,3,1,0
57,143,204,36,53,0.02,0.7,283,279,69,61,11,16,0.37,0.6,0,0,0
577,164,496,35,5,0.05,0.78,866,191,279,57,32,8,0.46,1.0,0,0,1
217,309,321,75,83,0.84,0.91,159,478,172,55,73,12,0.75,0.6,0,1,1
699,386,157,31,14,0.88,0.87,870,129,247,79,28,8,0.49,0.6,3,1,0
380,121,352,78,103,0.1,0.42,498,284,101,66,84,24,0.46,0.4,3,0,0
233,57,274,33,101,0.59,0.79,520,253,297,75,45,24,0.68,0.9,1,0,0
104,152,112,49,57,0.2,0.81,401,283,125,61,89,22,0.53,0.4,2,1,0
141,206,242,58,76,0.4,0.5,596,279,266,34,26,1,0.87,1.0,1,1,1
460,381,380,65,24,0.38,0.97,507,472,217,45,13,25,0.81,0.4,0,0,1
784,15,448,59,12,0.46,0.68,110,523,37,64,1,4,0.42,0.4,0,0,1
98,151,195,44,26,0.23,0.7,611,83,24,70,78,15,0.97,0.9,1,1,0
751,87,380,57,43,0.8,0.41,457,468,273,69,9,23,0.3,0.9,2,0,1
160,178,377,44,33,0.32,0.82,830,87,207,57,30,0,0.41,1.0,2,0,1
206,46,454,34,110,0.62,0.61,683,318,232,58,31,3,0.69,0.9,2,0,0
257,160,94,79,58,0.45,0.76,231,549,156,34,0,12,0.9,0.4,5,0,0
400,128,249,58,101,0.73,0.45,316,512,95,44,80,23,0.98,1.0,0,1,1
165,329,122,80,76,0.54,0.35,156,592,101,47,55,18,0.31,0.4,3,0,0
446,328,156,36,24,0.46,0.58,247,380,291,48,112,8,0.73,0.4,10,0,0
594,286,457,78,51,0.29,0.59,714,228,54,71,66,2,0.35,0.6,3,0,1
516,113,479,61,39,0.38,0.57,806,146,291,47,43,22,0.58,0.6,2,1,1
409,84,39,58,27,0.67,0.45,518,102,160,67,118,21,0.96,0.6,5,0,0
591,57,41,35,100,0.85,0.84,401,471,82,73,33,22,0.66,0.8,10,0,0
578,245,436,67,33,0.1,0.57,275,221,19,55,10,8,0.57,0.6,5,1,1
374,188,135,67,18,0.39,0.75,301,179,95,44,13,4,0.91,0.6,0,1,1
631,145,404,80,3,0.67,0.57,101,538,226,48,14,8,0.57,0.4,2,1,1
330,116,378,42,118,0.3,0.97,423,220,266,58,57,7,0.9,0.8,2,0,1
270,348,172,80,63,0.3,0.58,669,176,274,33,74,17,0.32,0.6,0,0,1
110,273,167,49,13,0.74,0.49,854,518,48,57,30,8,0.34,1.0,0,0,0
133,251,94,32,89,0.48,0.8,219,161,213,64,106,13,0.79,1.0,3,0,0
645,353,76,67,22,0.93,0.31,621,497,36,67,45,9,0.67,0.6,5,1,0
516,225,89,38,60,0.18,0.76,833,292,64,32,87,7,0.32,0.4,1,0,0
424,201,477,35,4,0.5,0.4,149,391,207,38,54,12,0.56,0.8,0,0,1
55,237,84,30,118,0.42,0.6,448,277,188,39,88,16,0.39,0.6,0,1,0
227,342,210,66,52,0.33,0.56,411,112,183,46,48,6,0.96,0.6,5,1,0
319,247,38,44,20,0.44,0.31,425,152,177,48,65,12,0.78,1.0,5,0,0
476,205,362,51,116,0.44,0.37,791,502,237,36,108,18,0.61,0.9,0,0,1
121,263,58,43,81,0.36,0.65,957,293,262,43,102,25,0.46,0.9,1,1,0
639,353,290,39,15,0.71,0.72,564,439,283,66,111,19,0.68,0.6,0,1,0
270,201,417,46,93,0.97,0.89,195,560,97,46,58,19,0.53,0.9,0,0,1
373,167,281,66,68,0.48,0.9,546,448,252,35,79,11,0.64,0.8,5,0,0
705,212,316,61,56,0.96,0.4,214,462,141,62,15,18,0.3,0.9,2,1,1
724,42,369,48,53,0.73,0.42,791,447,227,55,94,6,0.58,0.9,10,0,0
681,305,98,79,65,0.16,0.84,407,219,240,68,112,0,0.84,0.8,5,0,0
485,147,316,46,85,0.08,0.5,370,378,116,57,76,20,0.52,0.4,0,1,0
109,223,85,70,105,0.77,0.83,900,288,296,73,117,13,0.33,1.0,2,0,0
67,115,418,55,77,0.9,0.72,480,92,104,71,8,14,0.76,0.9,2,1,1
580,16,233,34,24,0.19,0.49,772,325,237,69,15,4,0.62,0.8,0,0,0
737,287,499,74,72,0.66,0.87,184,226,254,69,34,20,0.95,0.8,1,0,1
214,219,347,73,88,0.05,0.66,121,227,270,70,98,23,0.7,0.9,0,0,1
766,235,297,33,11,0.92,0.93,468,377,78,72,96,3,0.84,0.9,0,0,0
294,36,41,46,83,0.45,0.99,622,394,247,33,81,20,0.94,0.4,3,1,0
210,139,390,71,85,0.28,0.71,604,202,56,32,106,16,0.83,1.0,2,1,1
396,221,227,46,24,0.18,0.89,675,278,119,59,101,17,0.37,0.6,2,1,1
273,291,281,71,104,0.49,0.61,593,470,180,56,49,4,0.59,0.6,2,0,1
58,263,250,74,47,0.09,0.61,391,441,268,77,114,22,0.63,0.8,2,0,0
385,279,113,64,74,0.67,0.53,475,226,104,38,45,25,0.59,0.4,2,0,1
378,393,240,33,39,0.17,0.88,680,49,80,50,84,20,0.89,0.8,5,0,0
290,332,342,58,100,0.89,0.56,196,333,21,65,75,20,0.91,0.4,0,1,1
558,299,273,50,35,0.13,0.3,797,131,157,51,19,15,0.56,0.9,10,0,0
330,100,162,55,98,0.32,0.84,498,106,231,39,38,2,0.35,0.8,0,0,1
347,76,466,53,72,0.44,0.93,726,453,268,62,101,1,0.56,0.6,0,0,1
425,264,354,75,15,0.19,0.84,313,253,298,41,13,14,0.65,0.6,5,1,1
107,259,144,78,42,0.11,0.43,494,259,23,45,70,14,0.7,0.8,5,0,0
122,205,332,39,8,0.48,0.53,394,246,162,48,107,12,0.42,0.6,0,0,0
70,220,267,57,72,0.21,0.77,831,128,11,65,78,0,0.37,0.6,3,0,0
268,220,197,52,116,0.03,0.31,681,77,276,31,43,16,0.65,1.0,3,0,0
525,230,263,45,5,0.23,0.66,467,446,104,77,3,7,0.85,0.6,1,1,0
390,244,66,33,41,0.06,0.38,926,448,200,68,81,10,0.92,1.0,0,1,0
490,389,101,66,73,0.62,0.51,588,273,45,48,19,2,0.41,1.0,0,0,1
276,105,67,49,41,0.2,0.75,776,413,77,43,33,17,0.97,0.6,0,0,0
475,260,483,67,101,0.13,0.64,615,156,185,72,78,2,0.79,0.6,5,1,0
297,129,487,59,48,0.47,0.42,555,75,82,56,45,8,0.5,0.9,5,0,1
484,265,269,53,31,0.6,0.34,425,217,118,71,41,3,0.89,0.6,3,0,0
55,145,420,43,86,0.76,0.59,127,210,236,77,51,11,0.37,0.6,2,1,1
581,361,103,63,52,0.94,0.91,874,392,206,80,44,11,0.64,0.4,0,1,0
677,235,206,47,89,0.42,0.97,449,570,183,74,115,22,0.95,0.6,0,0,0
211,33,317,42,29,0.45,0.31,864,426,56,39,9,15,0.73,0.8,1,0,0
588,157,484,74,110,0.81,0.67,243,493,242,69,86,21,0.96,0.6,10,0,0
758,391,242,43,73,0.23,0.45,109,61,38,48,104,21,0.37,0.6,5,1,1
220,189,438,37,96,0.96,0.33,225,456,277,52,114,4,0.39,0.9,5,1,0
237,231,106,65,8,0.4,0.47,346,164,82,34,15,1,1.0,0.4,0,1,1
257,328,471,69,113,0.36,0.78,664,462,52,51,67,17,0.74,1.0,0,0,1
442,191,478,35,92,0.55,0.65,287,97,61,64,0,4,0.36,1.0,1,0,1
145,148,442,78,105,0.26,0.81,805,395,126,43,83,10,0.62,0.6,5,0,0
414,228,147,43,59,0.71,0.99,430,56,52,50,113,16,0.48,0.8,0,0,1
275,386,314,80,1,0.84,0.43,960,111,134,70,115,17,0.67,0.6,0,0,1
269,251,411,56,8,0.43,0.37,821,92,239,57,44,10,0.58,1.0,0,1,1
617,273,233,50,77,0.86,0.64,189,84,93,76,101,9,0.43,0.4,10,0,1
112,371,500,33,20,0.71,0.7,875,379,76,60,63,19,0.99,0.8,2,0,0
782,263,75,30,120,0.67,0.4,473,479,273,73,12,17,0.46,1.0,0,1,0
420,117,491,31,67,0.75,0.33,249,358,87,72,74,2,0.8,1.0,1,0,0
306,71,54,47,119,0.28,0.43,624,162,222,50,10,25,0.39,0.6,0,0,0
362,48,84,43,13,0.67,0.41,894,261,164,42,118,6,0.37,0.6,10,0,0
604,97,201,78,120,0.96,0.49,408,65,66,43,16,7,0.63,0.8,0,0,1
69,256,273,70,64,0.8,0.53,177,576,267,51,21,1,0.53,0.9,0,0,1
130,295,173,43,106,0.02,0.77,598,166,265,66,80,14,0.43,0.9,0,0,0
233,236,30,71,36,0.84,0.6,952,382,185,30,14,3,0.48,1.0,5,0,0
592,71,276,43,21,0.61,0.47,794,418,23,68,66,12,0.61,0.6,1,1,0
135,284,283,44,16,0.66,0.51,823,399,235,49,70,11,0.83,1.0,0,0,0
458,68,334,38,66,0.25,1.0,857,586,245,50,61,3,0.75,0.4,0,1,0
690,44,460,56,109,0.64,0.7,585,180,80,62,65,6,0.31,0.4,1,1,1
739,179,309,70,55,0.79,0.61,375,325,277,55,33,16,0.78,1.0,10,1,1
599,377,30,74,46,0.82,0.74,590,317,97,47,60,19,0.52,0.9,5,0,0
302,300,185,35,65,0.19,0.78,789,464,152,71,35,16,0.61,0.9,3,0,0
495,259,384,33,80,0.01,0.72,890,54,16,46,4,4,0.45,0.6,0,0,1
326,118,335,52,23,0.61,0.33,568,401,44,64,42,24,0.42,0.8,1,1,0
417,247,303,47,119,0.12,0.9,878,352,164,38,83,11,0.93,0.8,3,1,0
389,73,56,58,44,0.34,0.6,503,105,162,31,45,10,0.72,0.6,0,0,1
332,339,75,39,112,0.32,0.46,563,411,158,47,109,0,0.55,0.9,10,0,0
163,71,414,80,49,0.84,0.44,336,411,77,63,20,7,0.5,0.4,0,0,1
613,277,211,38,37,0.81,0.77,858,105,34,50,90,2,0.88,0.8,3,0,1
82,375,354,67,91,0.65,0.31,412,534,249,54,77,0,0.42,0.4,2,0,0
157,249,220,53,15,0.14,0.5,770,199,108,37,8,11,0.75,0.9,0,1,0
364,265,37,60,60,0.42,0.88,585,586,11,45,3,20,0.97,0.9,1,1,1
740,348,193,54,48,0.26,0.42,239,408,138,42,50,24,0.55,0.8,2,0,1
587,55,242,34,74,0.74,0.85,226,490,262,46,19,25,0.66,1.0,10,0,0
575,382,106,47,99,0.57,0.98,105,184,259,36,118,18,0.55,1.0,2,0,1
370,248,407,32,84,0.39,0.51,263,464,124,51,118,15,0.41,1.0,0,1,1
316,294,108,59,118,0.12,0.47,241,267,200,49,59,6,0.88,0.6,0,0,0
505,64,215,65,86,0.91,0.56,149,578,21,33,42,7,0.72,1.0,3,1,1
698,109,124,77,86,0.02,0.69,532,524,94,59,115,23,0.64,0.4,1,0,0
260,61,304,45,35,0.35,0.6,320,423,231,32,45,14,0.84,0.4,5,0,0
707,11,383,48,33,0.35,0.74,607,507,249,50,78,10,0.55,0.9,0,0,1
262,117,339,63,4,0.92,0.95,517,247,59,72,71,4,0.35,0.8,5,0,1
124,195,158,78,28,0.24,0.92,462,209,51,37,24,21,0.66,0.9,0,1,1
76,76,420,52,105,0.72,0.98,997,508,86,62,103,13,0.66,1.0,0,1,0
520,322,177,57,49,0.64,0.48,881,145,132,51,93,5,0.35,0.4,0,1,1
107,395,436,65,98,0.49,0.33,443,48,227,31,81,14,0.64,0.6,5,0,1
562,174,185,46,117,0.6,0.49,172,460,289,77,107,18,0.79,0.4,3,1,0
704,228,452,39,101,0.68,0.53,361,358,145,58,23,3,0.84,0.9,10,0,0
704,22,88,52,87,0.22,0.82,539,550,146,76,97,15,0.88,1.0,0,0,0
688,105,64,79,86,0.8,0.86,565,533,131,33,47,20,0.76,1.0,0,0,1
51,251,494,51,51,0.65,0.44,978,275,55,55,21,13,0.66,0.9,0,0,0
189,68,165,76,44,0.5,0.93,117,471,189,63,107,22,0.54,0.6,0,0,1
785,91,335,30,0,0.18,0.71,158,460,10,56,11,21,0.82,1.0,1,0,0
611,139,106,35,47,0.92,0.53,910,234,191,32,1,1,0.61,0.4,3,0,0
537,27,223,68,67,0.01,0.34,747,188,176,55,59,4,0.42,0.8,0,1,1
388,293,486,74,73,0.98,0.42,590,69,262,45,47,14,0.88,0.4,10,0,0
775,385,275,80,68,0.93,0.73,879,496,159,33,30,2,0.66,0.6,1,1,1
361,280,445,32,13,0.8,0.7,236,286,280,56,110,7,0.41,1.0,1,0,1
467,185,343,31,84,0.3,0.41,594,491,103,31,86,9,0.97,0.6,0,1,0
253,145,248,48,111,0.33,0.42,739,401,41,54,65,20,0.4,0.6,2,0,0
661,364,387,35,82,0.69,0.72,330,347,180,54,101,13,0.34,0.4,0,1,1
697,28,86,56,114,0.01,0.77,447,595,33,70,74,16,0.77,0.8,0,0,0
68,259,417,45,90,0.05,0.97,623,362,205,44,9,12,0.71,0.9,10,1,0
156,165,208,39,93,0.51,1.0,147,453,65,50,97,13,0.45,0.9,2,1,1
61,319,84,61,68,0.76,0.58,930,398,133,62,81,7,0.72,0.9,0,0,0
651,150,381,71,110,0.6,0.99,615,124,164,76,106,22,0.7,0.9,5,1,1
650,10,46,65,40,0.81,0.99,776,488,272,75,19,3,0.65,1.0,10,0,0
530,147,330,35,48,0.3,0.35,952,171,208,32,72,4,0.94,0.4,3,0,0
429,183,56,66,32,0.29,0.75,631,403,164,58,57,18,0.96,0.4,0,0,0
629,137,336,31,37,0.6,0.5,608,396,236,32,82,11,0.51,0.6,3,0,0
606,200,400,55,16,0.77,0.95,154,297,274,51,60,12,0.82,0.4,0,0,1
658,183,43,67,113,0.79,0.95,814,266,210,51,107,15,0.88,0.8,3,1,1
673,121,486,62,85,0.65,0.59,374,276,236,63,18,18,0.45,0.9,1,0,1
281,369,273,56,114,0.24,0.61,902,107,70,69,45,17,0.9,0.6,5,0,0
344,34,89,63,106,0.19,0.32,793,56,32,62,48,23,0.86,0.8,1,0,0
735,395,438,72,35,0.29,0.74,684,359,253,47,70,2,0.98,0.4,0,0,1
489,293,389,32,30,0.09,0.38,767,125,27,79,39,23,0.83,0.9,0,1,0
352,141,52,39,104,0.77,0.37,648,286,16,65,104,5,0.34,0.4,10,1,0
270,112,166,57,31,0.67,0.84,209,90,76,48,66,5,0.68,0.9,3,0,1
729,234,186,68,66,0.77,0.72,387,240,77,47,90,25,0.46,1.0,2,1,1
182,393,492,40,51,0.24,0.46,307,505,169,38,52,24,0.9,0.4,0,0,0
737,333,423,72,79,0.29,0.73,570,350,164,60,23,6,0.46,0.4,5,0,1
180,86,250,39,94,0.53,0.86,119,519,176,53,46,9,0.99,0.8,0,0,1
227,169,119,30,63,0.0,0.92,542,272,160,41,30,9,0.44,1.0,3,0,0
764,32,296,55,13,0.24,0.85,654,326,283,67,106,11,0.35,0.4,10,0,0
481,36,445,48,100,0.73,0.68,212,63,205,65,17,15,0.61,1.0,1,0,1
643,299,108,37,8,0.25,0.9,677,296,112,35,99,19,0.54,0.9,5,0,0
617,106,254,45,18,0.19,0.49,668,160,215,66,17,12,0.81,0.6,1,0,0
692,178,68,62,87,0.77,0.97,624,534,85,35,55,10,0.9,0.9,0,0,1
117,288,240,37,99,0.36,0.66,942,208,129,50,21,11,0.36,0.6,0,0,0
520,133,154,47,21,0.22,0.4,992,557,233,32,1,0,0.6,0.8,10,0,0
761,71,499,41,83,0.15,0.51,293,286,105,31,72,10,0.93,0.8,2,0,1
285,277,279,31,17,0.57,0.95,458,207,78,66,11,16,0.71,1.0,0,0,1
117,225,270,41,26,0.63,0.44,148,270,173,30,24,13,0.39,0.4,0,0,1
419,127,112,58,19,0.83,0.71,778,580,278,67,111,18,0.8,0.8,1,0,0
414,38,117,62,104,0.27,0.72,658,583,151,58,65,8,0.97,0.6,3,1,0
285,175,136,72,111,0.47,0.38,448,166,198,39,14,22,0.4,1.0,0,0,1
424,186,222,54,102,0.11,0.51,476,346,237,79,112,23,0.67,0.6,0,0,0
74,94,497,52,27,0.8,0.78,386,102,201,45,51,17,0.59,0.8,0,1,1
104,197,347,63,44,0.82,0.41,926,159,12,36,43,10,0.69,0.8,10,1,0
701,265,379,72,115,0.43,0.93,302,504,176,47,68,20,0.61,0.6,1,0,1
676,194,299,37,43,0.36,0.46,557,280,298,40,116,10,0.57,0.8,0,0,1
756,240,487,69,78,0.87,0.51,440,370,155,72,73,12,0.4,1.0,2,1,1
635,224,265,32,11,0.12,0.75,830,354,17,55,17,0,0.55,1.0,0,0,0
300,331,459,80,34,0.6,0.58,706,264,294,49,21,24,0.66,1.0,0,0,1
347,393,51,58,12,0.48,0.32,199,408,228,58,23,11,0.93,0.4,1,0,0
133,360,236,69,111,0.52,0.63,773,563,88,30,98,16,0.68,0.8,3,1,1
619,287,463,78,27,0.64,0.71,308,351,248,41,94,14,0.45,0.4,1,0,1
705,239,148,46,109,0.97,0.35,941,127,280,62,59,4,0.95,0.8,1,0,0
128,177,307,77,27,0.03,0.42,930,478,268,56,118,16,0.5,0.6,0,0,0
645,26,37,51,7,0.02,0.33,134,145,249,45,102,12,0.64,0.8,0,0,1
700,251,104,73,50,0.69,0.66,606,101,126,78,21,19,0.31,0.9,0,0,1
116,139,374,57,113,0.09,0.62,446,569,161,53,96,9,0.81,0.9,0,0,0
242,323,350,80,103,0.34,0.32,688,389,121,41,20,8,0.83,1.0,10,0,0
272,230,227,33,12,0.49,0.43,245,402,31,42,80,18,0.37,0.8,0,1,1
192,316,368,71,18,0.2,0.66,993,529,91,46,28,22,0.91,0.9,0,1,0
147,117,203,79,11,0.25,0.96,783,40,120,45,0,13,0.51,0.9,2,0,1
385,355,341,52,65,0.26,0.97,749,231,277,58,106,23,0.91,0.9,0,1,1
599,246,348,70,71,0.89,0.93,774,40,49,71,48,6,0.82,1.0,0,0,1
269,392,159,31,60,0.01,0.38,813,505,297,63,105,22,0.47,0.8,0,1,0
479,321,257,51,46,0.12,0.37,571,506,16,70,88,18,0.48,1.0,0,1,0
156,346,129,80,106,0.89,0.53,643,558,230,46,57,21,0.8,1.0,0,0,1
219,240,408,37,36,0.48,0.68,328,289,256,61,32,9,0.31,0.6,0,0,1
676,295,135,78,100,0.77,0.54,412,439,99,44,82,19,0.75,1.0,1,0,1
328,319,463,78,32,0.4,0.91,369,428,77,70,50,12,0.66,0.4,0,0,1
556,283,71,38,55,0.93,0.72,822,235,118,52,24,2,0.5,0.8,0,1,1
152,84,466,41,34,0.04,0.37,143,90,220,71,46,23,0.47,1.0,2,0,1
533,86,174,60,10,0.82,0.61,431,69,202,39,51,16,0.58,0.6,3,1,1
108,316,240,40,104,0.59,0.52,263,287,241,30,5,15,0.95,0.4,0,0,0
182,241,135,36,20,0.17,0.98,746,519,143,35,34,18,0.56,0.8,1,0,0
796,39,189,60,55,0.39,0.32,517,461,178,76,97,16,0.99,0.4,3,1,0
792,220,413,67,61,0.8,0.49,688,457,149,47,107,4,0.36,1.0,10,0,0
633,84,159,30,35,0.85,0.38,240,217,26,52,70,25,0.54,0.9,2,1,1
784,269,497,42,41,0.77,0.65,660,589,274,44,69,11,0.85,1.0,0,1,1
56,173,277,60,47,0.41,0.54,190,480,280,45,1,5,0.56,1.0,0,0,1
777,189,463,33,74,0.69,0.53,846,274,32,40,91,8,0.76,0.8,1,0,1
384,38,295,54,42,0.42,0.62,464,184,28,75,48,16,0.77,0.6,0,0,1
755,381,135,34,39,0.18,0.79,135,315,62,65,1,6,0.72,0.4,10,0,0
689,10,424,30,61,0.83,0.46,992,416,251,75,102,23,0.56,0.6,0,0,0
614,165,307,58,80,0.69,0.85,855,248,48,32,93,14,0.74,0.6,3,0,1
193,12,402,35,69,0.57,0.47,774,180,142,49,15,4,0.56,0.6,1,0,0
348,26,213,61,8,0.75,0.72,909,325,38,66,75,13,0.45,0.4,1,0,0
501,395,455,44,49,0.6,0.63,440,373,18,69,14,9,0.77,0.8,10,0,0
649,318,401,74,86,0.22,0.73,194,299,244,35,52,6,0.45,1.0,5,0,1
669,235,222,36,2,0.55,0.72,971,585,195,54,34,18,0.49,1.0,0,1,0
169,230,347,57,67,0.16,0.77,808,202,95,37,90,2,0.38,0.6,3,0,1
470,342,488,48,10,0.74,0.65,453,58,268,80,59,5,0.49,0.9,0,1,1
161,261,115,56,33,0.1,0.41,516,125,45,43,15,14,0.4,0.4,0,1,0
309,170,421,72,32,0.4,0.81,867,135,168,52,62,4,0.42,1.0,2,1,1
473,251,301,70,55,0.5,0.88,836,44,191,73,76,22,0.37,0.9,1,0,1
760,166,482,31,107,0.41,0.4,170,495,100,48,53,9,0.52,0.9,3,0,1
657,187,272,45,6,0.86,0.74,883,529,270,59,90,12,0.86,0.4,0,0,0
94,17,222,78,91,0.92,0.8,779,160,210,41,69,20,0.44,0.9,0,0,1
746,400,62,72,26,0.66,0.73,821,205,177,47,67,2,0.33,1.0,1,1,1
161,93,443,45,14,0.83,0.89,955,449,262,36,112,21,0.53,1.0,2,1,0
446,380,277,37,55,0.7,0.44,292,66,165,36,115,10,0.32,0.9,5,0,1
158,279,295,71,8,0.53,0.33,666,112,293,77,34,1,0.48,1.0,5,0,0
293,81,327,42,63,0.81,0.3,858,284,225,57,45,23,0.81,0.6,0,1,0
707,58,410,37,45,0.42,0.49,494,267,199,48,79,25,0.77,0.4,10,0,0
198,325,74,79,103,0.03,0.73,662,549,191,52,22,16,0.96,0.8,0,1,0
493,334,224,47,86,0.63,0.62,829,355,256,63,16,6,0.75,0.9,0,0,1
655,160,257,60,105,0.79,0.86,259,500,294,76,4,18,0.42,0.8,3,0,1
357,89,109,71,100,0.1,0.53,475,598,227,59,50,13,0.65,0.4,10,0,0
265,62,462,34,106,0.01,0.78,192,416,196,35,94,8,0.59,0.9,0,0,1
463,226,150,76,98,0.68,0.34,665,268,205,66,19,14,0.86,0.8,2,0,0
404,376,73,46,17,0.54,0.37,916,424,13,32,8,9,0.84,1.0,1,0,0
290,236,306,76,61,0.51,0.66,303,329,123,74,120,25,0.93,1.0,5,0,0
763,159,467,79,8,0.75,0.52,631,363,218,57,50,16,0.42,1.0,0,0,1
215,229,82,66,31,0.31,0.67,739,514,70,58,68,18,0.48,1.0,1,0,0
280,120,291,65,65,0.51,0.71,849,262,157,56,20,14,0.71,0.9,0,1,1
452,373,388,78,79,0.14,1.0,215,548,276,68,50,0,0.84,0.4,0,0,1
107,111,278,74,77,0.03,0.35,130,315,280,45,113,23,0.45,1.0,10,1,0
635,362,172,63,76,0.27,0.66,268,105,53,61,81,9,0.62,0.9,2,1,1
710,176,401,73,103,0.73,0.51,138,162,274,33,43,4,0.52,0.4,0,1,1
444,171,482,65,26,0.86,0.3,247,45,131,46,27,5,0.66,0.6,0,0,1
177,177,393,51,57,0.1,0.89,374,464,198,59,13,15,0.57,0.6,5,0,0
153,109,134,77,11,0.58,0.71,664,493,192,31,52,22,0.67,0.9,0,1,1
172,242,384,67,30,0.59,0.98,547,391,220,54,42,5,0.84,0.8,0,0,1
351,104,209,43,88,0.27,0.64,107,503,203,46,12,20,0.69,0.6,10,1,0
78,51,341,74,26,0.59,0.61,142,479,90,74,18,0,0.49,0.6,10,0,0
94,153,114,62,0,0.03,0.83,709,482,130,41,11,20,0.79,1.0,10,0,0
93,277,221,79,117,0.75,0.36,709,183,139,44,85,15,0.3,0.4,0,0,1
629,112,118,44,113,0.22,0.72,603,558,81,57,55,3,0.44,1.0,0,0,0
179,168,121,47,3,0.67,0.95,531,558,159,74,69,22,0.36,1.0,0,0,0
311,259,311,35,70,0.03,0.62,881,222,223,64,14,18,0.88,1.0,0,0,0
306,278,222,50,15,0.85,0.97,875,448,247,46,112,14,0.78,0.4,1,1,0
713,169,243,33,55,0.94,0.52,141,178,126,66,39,24,0.9,0.6,0,0,1
529,397,404,48,71,0.46,0.31,186,559,260,69,68,13,0.58,0.4,5,1,0
141,18,94,74,46,0.45,0.51,397,378,244,37,91,13,0.85,1.0,3,1,0
733,317,210,52,111,0.92,0.8,947,351,31,64,78,25,0.37,0.8,0,1,1
375,396,493,42,60,0.64,0.34,917,161,231,71,26,2,0.34,0.9,5,0,0
188,388,215,73,38,0.85,0.32,556,50,218,38,7,17,0.94,0.8,10,0,0
643,33,201,55,34,0.71,0.87,112,343,16,32,71,13,0.64,0.6,5,0,1
460,240,124,47,94,0.66,0.49,536,352,200,32,113,23,0.7,0.8,5,0,0
119,49,355,71,105,0.57,0.37,329,129,113,51,86,10,0.87,0.9,3,1,1
731,222,71,61,45,0.94,0.62,638,566,72,63,27,14,0.61,0.6,3,0,0
515,40,97,69,24,0.76,0.71,680,253,114,55,45,22,0.33,0.6,0,1,1
72,335,66,68,94,0.9,0.33,304,325,279,43,23,23,0.69,0.8,0,0,0
255,134,125,46,108,0.07,0.46,832,439,152,41,67,1,0.7,1.0,0,1,0
501,144,343,73,61,0.13,0.97,481,351,289,32,87,20,0.97,1.0,0,0,1
251,268,337,45,22,0.89,0.4,289,562,143,69,66,13,0.83,1.0,10,1,0
728,372,415,72,114,0.67,0.74,993,503,45,40,44,0,0.92,0.4,10,0,0
493,361,414,33,100,0.53,0.97,465,258,204,64,25,15,0.95,0.6,2,0,1
493,132,143,67,51,0.06,0.89,346,587,24,37,62,22,0.65,1.0,1,0,1
743,237,108,79,50,0.33,0.52,936,427,173,78,42,11,0.3,0.4,5,0,0
312,363,498,69,105,0.06,0.68,951,48,249,68,100,3,0.42,0.4,2,0,1
75,181,230,38,5,0.7,0.34,937,41,198,65,48,5,0.63,0.8,0,0,0
307,159,310,42,12,0.4,0.83,491,371,95,47,11,13,0.95,1.0,2,0,1
350,299,121,58,110,0.77,0.8,353,590,89,35,63,11,0.76,1.0,0,0,1
560,87,461,59,76,0.79,0.52,460,289,149,43,26,12,0.63,0.8,1,0,1
392,128,428,62,88,0.18,0.95,147,490,249,47,114,23,0.67,0.9,2,0,1
490,27,77,69,90,0.67,0.35,945,235,300,64,33,1,0.37,1.0,1,0,0
597,349,55,58,93,0.24,0.58,730,445,154,63,25,24,0.48,0.6,0,1,0
374,129,255,73,98,0.23,0.45,719,381,178,61,83,9,0.63,1.0,1,0,0
270,150,312,39,52,0.68,0.33,913,448,118,49,65,17,0.37,0.9,10,0,0
409,380,67,74,48,0.81,0.43,693,207,98,67,82,0,0.86,0.8,0,0,0
227,62,451,38,108,0.42,0.58,651,76,123,78,58,3,0.55,0.6,5,1,0
572,252,299,80,54,0.18,0.81,375,551,153,54,1,9,0.4,0.8,0,0,1
497,258,311,32,47,0.28,0.39,657,542,38,48,5,21,0.34,0.6,10,0,0
780,65,375,77,96,0.07,0.98,373,293,154,35,15,20,0.53,0.8,5,0,1
133,185,68,33,106,0.87,0.51,787,592,281,52,59,24,0.47,1.0,1,1,0
360,185,131,68,102,0.19,0.6,288,229,31,54,50,13,0.96,0.4,1,1,0
583,78,467,65,29,0.57,0.51,134,453,231,49,44,3,0.64,0.4,0,0,1
155,340,221,44,107,0.85,0.82,656,268,282,76,114,23,0.58,0.8,2,1,0
332,141,32,41,56,0.4,0.4,124,460,79,54,92,18,0.4,0.4,0,1,0
728,387,489,46,66,0.54,0.51,979,441,221,34,89,1,0.75,0.4,3,0,0
502,99,239,58,68,0.46,0.76,825,159,221,64,102,20,0.39,1.0,10,1,0
73,154,52,73,7,0.12,0.43,805,164,124,71,99,18,0.64,0.6,5,0,0
318,141,47,58,2,0.48,0.71,747,294,60,64,32,8,0.51,0.8,0,1,0
385,23,171,45,36,0.6,0.37,626,300,76,62,89,24,0.63,0.6,5,0,0
760,64,249,37,21,0.46,0.83,878,167,208,65,97,8,0.72,1.0,1,1,1
87,84,304,66,36,0.69,0.64,188,481,150,79,108,24,0.8,0.8,0,0,0
513,87,281,72,104,0.64,0.6,670,210,75,69,66,7,0.48,0.9,10,0,0
716,366,162,69,14,0.41,0.39,539,212,273,36,101,25,0.55,0.8,1,0,1
76,65,494,63,71,0.81,0.93,268,378,40,41,92,3,0.86,0.6,5,0,0
518,162,102,46,120,0.44,0.95,321,589,62,40,115,6,0.75,0.4,0,0,1
310,213,112,51,22,0.63,0.99,474,484,272,77,83,2,0.38,0.4,0,0,0
708,13,173,76,38,0.22,0.75,831,389,44,30,32,23,0.71,0.8,1,0,1
142,173,270,38,71,0.5,0.56,296,439,163,69,34,3,0.61,0.8,0,0,0
513,326,76,79,50,0.37,0.94,934,321,181,63,53,15,0.67,1.0,0,1,1
710,153,207,61,25,0.42,0.35,429,149,106,51,0,20,0.88,1.0,0,0,1
311,70,465,79,49,0.08,0.46,756,437,48,63,0,8,0.69,0.6,1,0,0
653,290,239,58,7,0.32,0.47,236,58,38,51,80,5,0.99,0.6,5,1,1
176,234,408,63,46,0.59,0.49,448,173,255,74,83,1,0.65,1.0,10,0,0
324,290,316,61,76,0.9,0.4,460,366,271,80,60,1,0.96,0.4,0,0,0
714,328,419,75,49,0.78,0.85,553,540,237,49,69,3,0.72,0.9,0,0,1
482,19,345,75,117,0.49,0.4,374,329,141,54,94,6,0.71,1.0,10,0,0
491,223,176,76,91,0.29,0.36,739,530,47,43,26,9,0.6,0.4,5,1,0
444,279,367,69,43,0.75,0.81,322,444,199,38,108,22,0.61,0.4,10,0,0
793,76,207,76,43,0.46,0.41,343,553,37,57,77,10,0.5,0.4,0,0,1
168,299,78,50,59,0.54,0.41,740,318,277,80,60,12,0.99,0.6,0,0,0
427,25,121,49,75,0.77,0.58,468,547,66,56,28,10,0.35,0.6,0,0,1
612,180,87,44,51,0.54,0.36,101,560,149,31,1,13,0.92,0.8,2,0,1
516,18,483,46,11,0.14,0.57,755,149,185,33,57,3,0.45,0.4,3,0,1
593,182,193,40,104,0.18,0.49,483,505,226,64,20,18,0.83,0.6,0,1,0
221,332,458,42,55,0.47,0.98,156,188,224,59,45,21,1.0,0.8,5,0,1
343,298,463,61,108,0.75,0.91,485,422,153,80,37,15,0.49,0.4,0,1,1
110,278,412,32,49,0.74,0.31,697,198,27,40,54,3,0.44,0.6,5,0,0
206,114,228,71,40,0.16,0.64,468,179,114,62,83,3,0.93,0.4,3,0,0
204,255,42,55,88,0.81,0.9,843,116,233,65,64,16,0.97,1.0,0,0,0
793,331,381,38,38,0.82,0.62,824,545,165,62,98,5,0.73,1.0,1,0,0
405,69,55,63,6,0.94,0.75,233,355,295,62,19,15,0.87,0.9,2,0,0
618,63,475,73,32,0.61,0.86,182,595,111,46,48,20,0.99,0.6,0,0,1
111,301,438,43,36,0.95,0.96,864,419,174,73,24,6,0.97,0.8,5,1,0
285,28,127,41,103,0.74,0.65,977,529,71,40,81,22,0.88,0.8,2,0,0
105,68,396,68,44,0.63,0.84,449,77,217,63,66,25,0.92,0.6,0,0,1
449,372,272,70,86,0.65,0.61,782,133,63,51,118,20,0.32,0.8,0,0,1
693,193,306,41,36,0.18,0.65,758,230,243,32,99,16,0.31,0.6,0,0,1
571,64,108,45,104,0.23,0.59,418,46,133,61,108,2,0.63,0.4,3,0,0
717,286,108,78,85,0.76,0.31,492,70,110,51,37,5,0.75,0.6,0,1,1
544,225,301,33,84,0.89,0.99,486,416,134,38,26,8,0.5,0.9,0,0,1
689,113,215,39,96,0.17,0.89,726,414,72,39,4,11,0.56,0.9,10,0,0
548,362,305,35,14,0.69,0.53,710,178,43,77,80,7,0.32,0.8,2,0,1
79,239,312,53,108,0.84,0.98,449,415,90,59,70,23,0.98,0.9,5,1,0
172,213,310,39,103,0.62,0.36,521,554,273,77,54,12,0.56,1.0,3,0,0
632,344,470,31,88,0.12,0.72,201,410,297,68,115,7,0.62,0.8,0,0,1
281,283,126,49,106,0.99,0.9,180,395,280,65,94,14,0.46,0.6,2,0,1
743,66,81,61,51,1.0,0.69,836,323,20,75,35,21,0.98,1.0,3,0,0
262,266,196,67,36,0.35,0.45,614,207,236,34,88,25,0.33,0.4,0,1,1
188,169,327,79,72,0.51,0.52,505,415,80,68,69,19,0.52,0.9,0,1,1
164,256,90,79,55,0.55,0.48,439,439,267,55,46,5,0.58,0.4,0,0,0
768,86,179,57,108,0.55,0.83,436,453,208,44,39,10,0.41,0.4,3,1,1
687,196,425,36,85,0.37,0.8,785,153,231,43,119,4,0.42,1.0,0,0,1
188,285,464,78,57,0.12,0.72,765,538,146,52,7,1,0.77,0.9,3,1,1
510,10,50,44,106,0.45,0.96,238,446,245,61,109,13,0.82,0.4,2,0,0
57,222,143,42,111,0.92,0.34,798,456,263,80,53,14,0.58,0.4,0,1,0
436,14,41,69,12,0.72,0.44,450,472,11,34,29,20,0.45,0.6,5,0,0
242,62,357,62,115,0.14,0.53,904,337,190,43,24,2,0.93,0.9,0,0,0
574,288,97,70,80,0.8,0.77,641,76,64,35,115,14,0.44,0.9,5,1,1
113,338,256,53,106,0.26,0.33,220,328,228,77,69,22,0.41,0.4,10,0,0
555,205,193,76,84,0.73,0.73,859,572,133,46,24,9,0.31,1.0,5,1,1
514,46,424,42,84,0.69,0.41,466,296,212,57,93,19,0.36,1.0,0,0,1
559,377,344,71,44,0.01,0.75,360,478,67,63,57,6,0.51,0.6,0,0,1
204,27,406,69,28,0.39,0.99,571,537,226,79,12,12,0.41,0.8,10,0,0
558,43,492,37,35,0.89,0.44,537,54,238,48,6,7,0.97,0.4,0,0,1
283,390,272,37,112,0.64,0.74,805,284,161,79,21,17,0.9,0.6,5,0,0
442,163,487,59,115,0.37,0.58,741,206,260,67,104,20,0.43,0.4,0,0,1
700,21,155,69,69,0.62,0.92,181,516,249,67,104,8,0.57,0.4,10,1,0
269,244,122,71,2,0.1,0.52,309,199,202,47,9,21,0.33,0.6,2,0,1
600,225,353,69,1,0.32,0.49,462,184,30,61,2,1,0.86,0.6,1,1,1
138,209,500,36,81,0.1,0.92,930,518,280,56,32,20,0.49,0.8,1,0,0
312,266,84,35,67,0.05,0.32,835,305,225,61,113,6,0.95,0.4,10,0,0
126,370,150,40,28,0.12,0.46,491,209,299,67,46,24,0.86,1.0,0,1,0
418,328,452,32,5,0.6,0.45,880,372,300,47,120,3,0.66,0.8,0,0,0
479,100,396,74,48,0.78,0.58,275,584,91,61,108,21,0.32,0.6,0,0,1
657,96,239,56,105,0.78,0.35,777,167,255,38,117,4,0.81,0.6,10,0,0
381,181,483,57,70,0.69,0.49,242,345,158,47,2,0,0.97,1.0,5,0,1
232,123,109,32,8,0.06,0.49,198,208,24,42,0,25,0.41,0.4,2,0,0
151,260,335,37,14,0.88,0.65,400,356,299,69,0,24,0.93,1.0,0,0,0
376,260,83,71,117,0.3,1.0,381,124,267,36,115,2,0.69,1.0,3,0,1
633,344,321,80,101,0.04,0.32,679,382,192,43,73,22,0.99,0.8,0,0,1
238,91,142,74,82,0.99,0.45,108,394,204,54,32,16,0.4,0.8,0,0,1
321,90,87,56,91,0.85,0.75,445,137,210,50,96,18,0.44,0.6,10,1,0
56,44,450,41,60,0.47,0.36,876,488,271,40,107,16,0.43,0.4,2,0,0
148,160,46,47,61,0.07,0.62,274,365,263,37,94,2,0.53,0.9,2,0,0
490,374,287,76,106,0.43,0.69,253,432,285,76,103,9,0.61,0.8,0,0,1
777,251,408,73,44,0.35,0.69,173,587,188,62,19,5,0.76,0.8,10,0,1
221,225,359,76,18,0.27,0.93,875,478,56,42,68,15,1.0,0.4,0,1,0
761,329,222,47,50,0.43,0.51,416,123,147,75,46,19,0.55,0.4,10,0,0
299,153,129,38,102,0.62,0.81,307,297,252,64,76,1,0.97,0.8,10,0,0
713,204,329,71,45,0.74,0.55,970,364,54,64,43,17,0.42,0.9,0,1,1
400,58,95,68,28,0.17,1.0,319,398,13,75,49,16,0.96,0.8,3,1,0
683,305,469,45,19,0.73,0.73,846,387,155,65,24,6,0.6,0.9,1,0,1
511,10,100,78,119,0.75,0.43,270,203,293,41,120,15,0.79,0.6,0,0,1
766,52,417,43,72,0.54,0.7,906,438,216,49,40,15,0.77,0.6,3,0,0
417,42,165,78,75,0.61,0.48,526,238,245,54,42,14,0.7,0.8,1,0,1
544,70,43,38,58,0.92,0.81,938,232,58,41,109,12,0.64,0.4,3,0,0
565,186,437,69,115,0.59,0.74,581,554,275,60,119,9,0.32,0.4,1,0,1
762,91,198,63,10,0.93,0.4,864,163,169,57,61,18,0.37,1.0,3,0,1
175,233,159,44,10,0.67,0.32,887,436,173,39,64,14,0.78,0.6,0,1,0
158,333,406,36,86,0.26,0.93,118,456,37,70,54,13,0.36,0.4,0,0,1
58,48,232,40,20,0.02,0.99,464,111,135,71,88,24,0.94,0.9,10,0,0
562,326,244,48,10,0.1,0.52,595,400,220,68,17,10,0.52,0.6,2,1,0
358,98,380,33,31,0.36,0.76,495,401,224,58,95,6,0.85,0.4,0,0,0
569,195,218,71,80,0.2,0.51,171,322,89,55,9,18,0.69,0.4,2,0,1
240,291,361,59,38,0.14,0.85,313,228,292,74,63,13,0.61,0.6,0,0,1
407,318,106,75,105,0.45,0.82,677,317,205,71,16,6,0.74,0.9,5,0,0
325,201,306,53,86,0.61,0.35,703,231,214,76,49,0,0.54,1.0,2,1,1
383,349,264,68,39,0.39,0.35,145,191,285,37,49,7,0.46,0.8,1,0,1
239,292,271,39,85,0.47,0.98,487,150,292,36,116,22,0.61,0.6,2,0,1
406,229,429,31,71,0.44,0.96,547,62,41,51,70,11,0.95,0.8,1,1,1
448,222,459,72,11,0.84,0.69,294,208,131,56,25,8,0.91,0.6,2,0,1
775,347,389,80,79,0.96,0.91,278,103,175,49,13,10,0.54,0.8,0,0,1
174,74,247,44,71,0.5,0.67,975,54,94,60,30,22,0.95,0.6,10,1,0
104,71,76,73,31,0.01,0.53,473,508,33,48,101,6,0.48,0.6,10,0,0
271,238,394,60,10,0.16,0.59,464,564,277,57,80,23,0.95,0.8,2,0,0
230,277,137,77,46,0.6,0.98,287,553,283,33,11,20,0.61,1.0,3,1,1
545,214,44,46,94,0.44,0.47,977,335,130,36,42,4,0.61,0.6,3,0,0
499,131,431,46,61,0.92,0.68,847,168,212,62,16,8,0.75,0.8,3,0,1
619,224,432,78,94,0.29,0.4,700,364,114,53,99,19,0.62,0.4,10,0,0
134,310,427,70,25,0.58,0.84,351,318,155,31,16,8,0.41,1.0,2,0,1
569,241,213,57,90,0.78,0.57,149,512,151,43,19,22,0.32,1.0,3,1,1
549,353,77,40,113,0.68,1.0,473,340,112,66,36,7,0.84,0.6,2,0,0
205,353,422,59,74,0.84,0.66,612,478,160,41,93,22,0.6,0.9,5,1,0
273,116,164,78,78,0.06,0.43,171,577,285,40,11,12,0.97,0.4,10,0,0
752,131,216,79,114,0.64,0.71,248,161,54,60,85,17,0.61,0.6,10,1,1
455,345,101,33,42,0.78,0.62,941,560,87,68,63,21,0.88,1.0,0,1,0
53,232,418,38,71,0.54,0.64,633,397,186,56,120,19,0.62,0.6,0,0,0
680,61,111,31,67,0.12,0.98,347,335,166,53,75,22,0.56,0.8,0,1,0
550,16,145,72,118,0.74,0.48,513,78,280,54,81,16,0.44,0.9,5,1,1
273,255,481,78,38,0.48,0.7,974,476,84,35,45,25,0.49,0.4,2,0,0
638,204,117,68,116,0.93,0.35,594,291,182,44,116,23,0.51,0.6,3,0,0
117,267,318,76,80,0.6,0.64,867,580,146,47,82,2,0.71,0.6,0,0,0
292,261,243,55,56,0.95,0.59,538,284,158,69,79,18,0.54,0.9,10,1,0
67,92,168,43,107,0.4,0.92,255,180,97,52,100,18,0.34,0.4,1,1,1
698,218,491,41,56,0.13,0.43,504,239,89,76,49,24,0.81,0.6,2,0,0
179,217,149,31,67,0.59,0.34,687,94,188,67,32,11,0.93,0.8,0,0,0
295,311,486,62,14,0.36,0.49,444,155,287,56,19,15,0.94,1.0,2,0,1
476,178,362,44,106,0.2,0.6,155,261,88,33,36,14,0.97,1.0,0,0,1
486,206,335,43,13,0.46,0.95,648,79,262,35,105,0,0.57,0.6,5,1,1
406,332,405,62,105,0.25,0.78,345,148,11,37,40,10,0.92,1.0,3,1,1
612,21,30,35,22,0.11,0.42,635,552,164,54,39,11,0.49,0.9,0,0,0
476,121,131,46,103,0.59,0.48,919,67,177,48,118,0,0.41,0.4,5,1,0
274,277,319,68,17,0.69,0.59,695,370,71,58,95,8,0.33,1.0,0,1,1
156,224,117,72,97,0.28,0.32,904,326,17,71,80,9,0.8,0.4,0,1,0
53,66,367,34,60,0.61,0.99,145,375,164,48,19,21,0.5,1.0,10,0,0
621,49,241,71,81,0.89,0.68,229,543,15,43,69,3,0.53,0.8,5,1,1
435,206,293,38,14,0.57,0.92,205,578,22,52,113,20,0.68,0.4,5,0,0
213,198,468,36,41,0.93,0.96,638,101,210,51,80,13,0.59,1.0,10,0,0
341,351,457,39,91,0.03,0.66,559,407,17,51,70,25,0.58,1.0,0,0,1
101,314,458,61,35,0.66,0.69,288,262,170,50,110,11,0.6,0.9,10,0,0
333,110,426,73,89,0.09,0.58,699,382,16,30,104,4,0.48,0.6,0,0,1
322,283,61,67,21,0.34,0.73,392,75,124,73,4,8,0.64,0.4,1,1,1
309,122,444,66,101,0.79,0.46,316,582,117,65,65,24,0.91,0.9,3,0,1
271,153,182,74,116,0.69,0.59,283,354,42,57,109,1,0.96,0.8,2,0,1
288,352,292,75,118,0.4,0.81,588,355,115,59,38,4,0.94,0.9,0,0,1
308,238,252,51,40,0.41,0.37,989,250,32,46,93,22,0.84,1.0,5,0,0
770,166,101,73,27,0.7,0.51,137,142,14,55,11,19,0.5,0.4,0,0,1
595,182,212,56,27,0.23,0.55,773,558,258,44,13,5,0.84,0.4,10,0,0
452,333,467,47,20,0.48,0.46,644,387,203,44,117,1,0.92,0.9,0,1,1
163,204,46,45,82,0.39,0.91,604,507,27,47,120,22,0.87,0.9,0,0,0
579,387,162,38,100,0.03,0.95,475,557,91,48,5,24,0.85,1.0,5,1,0
332,244,62,72,57,0.84,0.99,325,240,39,47,61,16,0.61,0.8,2,1,1
317,301,171,32,23,0.61,0.68,737,299,211,39,18,11,0.58,0.6,2,0,0
118,84,310,50,9,0.05,0.72,625,127,208,30,11,2,0.72,0.4,2,0,0
497,298,462,52,9,0.22,0.57,577,404,222,39,6,15,0.53,0.6,0,0,1
509,96,281,61,5,0.5,0.36,538,468,116,34,104,11,0.34,0.9,0,0,1
673,49,368,40,90,0.13,0.95,146,162,152,60,38,22,0.56,1.0,1,1,1
673,266,211,74,3,0.51,0.51,690,57,293,56,79,20,0.37,0.6,10,0,0
472,107,35,33,80,0.27,0.91,244,308,238,76,30,2,0.34,0.8,5,0,0
679,49,470,42,33,0.12,0.8,702,213,54,44,72,14,0.86,0.9,2,0,1
145,43,294,52,114,0.94,0.96,758,379,290,42,30,10,0.91,0.6,1,1,0
792,268,447,61,43,0.73,0.31,733,589,170,59,101,2,0.48,1.0,10,1,0
230,375,96,70,54,0.53,0.71,622,102,169,34,11,9,0.95,1.0,10,1,0
757,307,134,78,39,0.02,0.96,684,413,129,58,112,13,0.86,1.0,5,0,0
351,230,61,58,76,0.83,0.44,209,206,18,77,112,9,0.83,1.0,0,0,0
224,342,81,43,104,0.02,0.65,196,437,205,32,31,16,0.33,0.6,1,1,1
676,210,297,71,104,0.6,0.98,333,440,273,80,109,8,0.75,0.9,1,0,1
733,292,83,62,110,0.4,0.88,400,265,34,38,36,2,0.96,0.8,5,0,1
184,194,175,48,91,0.9,0.34,531,154,156,63,23,2,0.61,1.0,10,1,0
383,143,318,63,120,0.96,0.99,926,211,88,68,68,14,0.95,0.8,0,0,1
716,262,118,43,100,0.55,0.94,493,289,151,71,57,7,0.58,1.0,10,1,0
215,374,199,35,11,0.5,0.36,231,242,177,76,118,7,0.81,0.8,3,1,0
326,60,149,79,45,0.75,0.39,378,539,47,36,108,8,0.36,0.8,5,1,0
250,346,35,30,36,0.3,0.31,316,341,61,54,105,11,0.5,0.4,10,0,0
160,118,343,59,55,0.44,0.9,310,600,237,75,39,21,0.58,0.9,0,1,1
599,382,156,79,66,0.51,0.98,954,49,149,34,113,19,1.0,1.0,5,0,1
370,223,337,55,67,0.99,0.92,236,316,229,65,93,2,0.66,0.9,0,0,1
360,54,180,65,50,0.92,0.69,100,82,112,34,104,21,0.7,0.6,2,1,1
610,153,298,39,8,0.35,0.36,674,96,177,59,83,18,0.86,0.4,0,0,0
496,134,37,68,93,0.43,0.5,444,238,268,63,95,23,0.89,0.9,0,0,0
477,294,474,80,46,0.21,0.98,645,295,176,56,56,23,0.74,1.0,0,0,1
799,294,152,49,114,0.83,0.41,596,43,161,67,25,24,0.73,0.4,10,1,0
566,181,184,64,74,0.12,0.69,416,443,253,74,91,23,0.93,0.6,2,0,0
628,257,408,70,86,0.63,0.39,165,478,288,37,93,13,0.99,1.0,0,0,1
687,166,371,80,73,0.51,0.36,579,272,64,43,104,17,0.32,0.6,5,0,1
602,110,416,60,94,0.0,0.85,116,447,52,53,26,25,0.87,0.8,0,0,1
457,108,108,55,36,0.57,0.95,540,267,202,50,52,7,0.9,0.8,3,0,0
301,216,405,78,97,0.16,0.95,816,280,178,41,9,11,0.7,0.4,10,1,0
769,270,391,78,114,0.35,0.59,219,290,51,51,16,18,0.47,1.0,0,1,1
711,389,226,40,117,0.18,0.37,557,206,226,67,35,21,0.93,0.8,10,0,0
439,102,56,43,114,0.77,0.59,602,166,134,43,14,22,0.98,0.8,0,0,0
397,90,229,61,8,0.94,0.5,414,132,105,32,0,21,0.42,0.6,5,0,1
615,287,361,38,108,0.51,0.4,895,428,127,67,5,15,0.96,1.0,5,1,0
294,134,124,46,29,0.5,0.58,261,350,40,57,5,24,0.81,0.6,2,0,0
166,332,104,71,110,0.87,0.96,195,55,83,57,41,24,0.73,0.6,5,0,1
489,130,407,61,40,0.64,0.76,175,226,20,30,92,12,0.47,0.6,0,0,1
97,295,116,74,8,0.37,0.95,487,94,27,66,65,8,0.31,1.0,5,0,1
640,24,367,78,47,0.65,0.33,583,114,120,43,39,7,0.58,1.0,0,0,1
506,391,109,65,49,0.08,0.78,495,59,121,33,69,9,0.82,0.6,0,0,1
99,337,260,40,60,0.8,0.89,310,166,190,44,79,8,0.74,0.4,10,0,0
418,40,465,53,120,0.48,0.73,507,68,198,61,40,23,0.79,0.6,2,0,1
518,104,63,71,120,0.78,0.98,565,419,223,44,67,3,0.62,0.6,2,1,1
302,174,190,42,12,0.67,0.56,315,277,110,64,17,24,0.67,1.0,2,0,0
233,373,414,64,88,0.69,0.67,463,523,300,58,65,17,0.98,0.8,10,1,0
652,240,331,41,16,0.61,0.38,164,320,50,79,101,22,0.52,0.8,10,0,0
164,228,489,77,11,0.56,0.73,541,327,253,52,94,25,0.57,0.6,0,0,1
407,11,120,43,1,0.19,0.66,754,513,98,39,33,10,0.39,0.8,10,0,0
414,41,328,77,11,0.62,0.63,114,249,263,38,1,6,0.47,0.6,0,0,1
142,400,83,64,70,0.52,0.98,420,333,141,77,7,25,0.81,0.9,3,1,0
617,271,344,59,9,0.31,0.52,789,356,286,46,76,19,0.44,0.8,5,0,0
191,387,475,33,85,0.78,0.85,544,251,239,67,21,24,0.34,0.6,0,0,1
130,61,264,66,1,0.15,0.83,551,143,243,42,107,1,0.99,0.8,3,0,0
670,254,423,53,92,0.62,0.95,251,378,76,62,55,3,0.47,0.4,0,0,1
78,302,131,48,51,0.48,0.7,286,349,226,68,12,0,0.46,0.4,2,1,0
494,160,150,80,83,0.5,0.55,586,396,144,48,48,4,0.37,1.0,0,0,1
676,154,442,34,76,0.18,0.57,836,297,232,53,53,0,0.39,0.8,0,0,1
95,188,68,37,120,0.11,0.55,753,364,155,75,39,9,0.34,0.4,5,0,0
673,252,494,65,90,0.83,0.44,605,374,92,51,54,5,0.47,0.8,5,1,1
402,366,97,37,77,0.49,0.88,641,375,143,45,114,25,0.37,0.9,10,1,0
324,71,298,55,44,0.15,0.45,274,259,177,54,32,15,0.55,0.8,10,0,0
546,317,282,73,112,0.18,0.77,426,362,139,60,93,2,0.46,0.6,0,0,1
270,182,420,55,72,0.24,0.36,217,201,258,38,28,3,0.62,0.4,5,1,0
309,124,34,70,82,0.03,0.4,692,469,252,56,21,5,0.39,0.4,0,0,0
361,381,418,56,110,0.86,0.47,365,577,107,46,41,10,0.47,0.9,3,0,1
715,182,453,48,90,0.09,0.79,563,570,251,54,5,7,0.58,1.0,2,0,1
247,400,241,77,58,0.54,0.45,906,53,249,39,57,19,0.78,0.6,5,0,0
300,37,63,38,70,0.25,0.9,634,103,22,39,56,16,0.84,0.9,5,1,0
334,61,224,33,56,0.36,0.37,875,220,40,67,72,11,0.69,0.6,5,0,0
611,284,160,38,38,0.43,0.36,835,146,247,78,85,14,0.62,0.6,0,1,0
626,358,172,59,58,0.35,0.98,166,167,172,39,68,10,0.49,0.9,3,0,1
414,237,310,76,102,0.43,0.49,166,514,80,51,5,5,0.58,1.0,0,0,1
127,238,150,67,52,0.36,0.39,396,202,15,69,79,7,0.93,0.4,10,0,0
726,136,290,80,32,0.13,0.89,305,431,100,75,99,14,0.82,0.6,1,0,1
448,141,99,50,62,0.17,0.72,733,483,298,70,103,2,0.85,1.0,0,1,0
229,308,386,47,14,0.69,0.46,677,57,148,36,68,23,0.82,0.9,0,1,1
325,121,372,68,36,0.09,0.62,244,95,158,48,13,21,0.67,0.4,0,0,1
312,321,182,38,21,0.11,0.31,804,383,167,36,84,16,0.78,0.9,3,0,0
468,301,129,67,113,0.7,0.83,528,82,48,38,25,8,0.67,1.0,0,0,1
529,207,430,52,34,0.01,0.8,999,307,62,49,61,6,0.7,0.9,0,0,1
213,400,496,75,8,0.04,0.97,692,266,124,43,46,12,0.71,0.8,2,0,1
341,13,103,67,66,0.23,0.41,594,425,50,43,49,18,0.62,0.9,0,1,0
125,89,285,66,33,0.41,0.7,233,252,65,60,99,7,0.52,0.6,2,1,1
112,150,205,75,4,0.37,0.36,421,491,288,52,49,16,0.81,0.6,1,1,0
532,98,208,42,17,0.24,0.46,823,381,106,38,95,1,0.67,0.8,1,0,0
334,393,356,61,40,0.76,0.95,882,41,78,46,80,24,0.35,1.0,3,0,1
291,338,137,58,76,0.82,0.9,702,367,273,51,85,19,0.47,0.8,3,0,0
509,257,117,59,43,0.59,0.41,214,314,34,30,32,21,0.83,1.0,3,1,1
529,266,407,59,81,0.2,0.57,239,550,135,47,120,14,0.86,0.8,1,0,1
153,357,485,39,62,0.36,0.76,151,369,19,63,119,23,0.87,0.6,0,1,1
105,367,326,46,103,0.45,0.39,184,107,83,49,51,25,0.99,0.9,1,0,1
757,52,332,39,32,0.87,0.34,518,255,20,42,66,9,0.77,0.9,1,1,1
790,169,443,36,68,0.46,0.32,614,383,38,65,57,8,0.3,0.4,0,1,1
273,94,117,42,9,0.11,0.82,104,586,245,71,120,4,0.72,0.9,0,0,0
208,143,62,33,103,0.52,0.57,503,412,171,43,110,12,0.67,0.8,10,0,0
241,281,176,74,108,0.56,0.79,662,326,150,74,63,4,1.0,0.8,0,0,1
264,335,317,79,76,0.02,0.71,919,357,117,68,106,16,0.43,0.6,0,0,0
362,392,353,55,87,0.22,0.82,449,266,36,46,99,1,0.66,0.9,10,0,0
360,248,412,45,18,0.23,0.53,435,275,111,43,68,21,0.71,0.9,5,0,0
795,260,366,69,62,0.74,0.37,571,444,177,34,70,19,0.42,0.4,2,0,1
540,153,181,60,111,0.37,0.5,232,195,10,63,104,2,0.65,0.8,2,0,1
666,336,282,55,0,0.32,0.74,766,446,94,80,106,17,0.75,1.0,10,0,0
255,19,162,48,5,0.07,0.88,288,394,199,43,92,13,0.53,1.0,3,0,1
252,243,431,75,82,0.24,0.36,136,168,270,40,31,4,0.96,0.4,1,0,1
657,288,291,73,86,0.25,0.5,484,103,116,40,89,25,0.54,0.6,0,0,1
215,33,218,61,76,0.25,0.8,176,290,142,79,89,19,0.94,1.0,0,0,1
550,235,276,37,112,0.19,0.55,963,62,199,38,89,20,0.54,1.0,5,0,0
91,285,100,38,66,0.75,0.95,225,387,40,80,29,7,0.57,1.0,5,1,0
705,105,151,60,13,0.12,0.52,374,89,161,51,22,17,0.33,0.9,0,0,1
296,86,73,76,58,0.95,0.46,950,432,259,57,0,17,0.88,0.9,0,0,0
401,179,30,47,64,0.12,0.42,421,418,156,32,38,14,0.4,0.6,3,0,0
73,358,107,32,70,0.17,0.91,740,169,87,50,2,9,0.52,0.8,0,0,0
266,168,206,56,20,0.77,0.76,443,513,227,74,111,2,0.83,0.9,5,1,0
794,174,137,38,43,0.47,0.94,783,436,254,45,29,8,0.95,0.9,0,0,1
185,257,153,61,113,0.27,0.41,875,481,110,65,98,3,0.35,0.9,0,0,0
661,349,296,43,53,0.36,0.42,272,111,117,68,91,7,0.49,0.9,0,1,1
234,141,362,68,59,0.79,0.68,498,291,156,54,34,2,0.75,0.9,2,0,1
192,48,212,59,51,0.62,0.38,393,206,33,41,7,11,0.53,0.8,0,1,1
499,277,374,32,26,0.45,0.97,309,541,197,71,103,21,0.49,1.0,3,1,0
755,278,335,74,46,0.95,0.81,188,478,221,64,104,22,0.4,0.4,10,1,1
316,108,72,59,43,0.27,0.34,828,355,73,65,51,8,0.51,0.6,0,0,0
302,109,34,41,19,0.2,0.57,494,95,28,79,44,17,0.83,1.0,3,0,0
520,90,132,34,61,0.94,0.95,616,480,159,52,41,14,0.58,1.0,0,0,1
716,227,477,68,19,0.53,0.43,600,294,41,42,93,2,0.5,0.6,5,0,1
600,149,286,49,111,0.48,0.75,418,268,99,80,45,7,0.69,1.0,2,0,1
51,222,480,54,60,0.41,0.37,789,273,82,51,112,18,0.51,0.8,1,0,0
170,283,273,66,88,0.99,0.41,587,441,170,77,2,16,0.71,0.8,1,0,0
392,99,118,49,93,0.8,0.92,560,251,166,63,84,5,0.76,0.9,0,0,1
106,174,419,42,91,0.93,0.33,119,53,210,79,88,17,0.54,1.0,0,1,1
560,57,30,36,18,0.45,0.87,375,293,16,73,20,14,0.73,0.8,0,1,0
234,27,226,33,11,0.61,0.47,279,295,115,73,84,23,0.68,0.4,0,0,0
682,368,135,66,41,0.86,0.55,480,43,93,47,46,3,0.63,1.0,2,0,1
472,148,420,45,83,0.71,0.82,875,586,187,59,69,10,0.87,0.8,5,1,0
585,329,110,61,10,0.41,0.87,878,483,216,57,62,9,0.91,0.9,5,0,0
484,365,215,53,69,0.76,0.59,396,593,153,56,1,14,0.87,0.4,5,1,0
403,220,101,57,3,0.13,0.88,982,483,101,36,109,24,0.45,0.9,0,0,0
676,162,135,56,30,0.1,0.44,576,122,47,47,47,10,0.42,1.0,0,0,1
467,24,371,31,87,0.59,0.35,923,331,134,31,38,5,0.79,0.6,10,0,0
494,144,306,46,15,0.19,0.34,803,461,260,38,29,18,0.35,0.9,1,0,0
790,384,54,43,115,0.79,0.31,760,80,198,76,44,15,0.49,1.0,0,1,0
708,303,202,76,34,0.21,0.92,968,353,169,38,92,12,0.79,0.9,1,0,1
724,42,341,79,83,0.66,0.57,273,433,298,70,3,22,0.47,0.6,0,0,1
120,340,114,30,101,0.95,0.9,812,412,107,70,81,2,0.8,1.0,5,0,0
529,353,227,50,64,0.17,0.62,376,500,57,58,103,15,0.38,0.6,3,1,1
215,149,43,45,88,0.13,0.49,794,291,24,49,62,21,0.99,0.9,1,0,0
317,127,170,74,63,0.39,0.77,520,447,289,66,86,3,0.61,1.0,3,0,0
386,363,482,52,30,0.63,0.7,591,218,251,72,32,24,0.4,0.9,0,1,1
531,17,347,51,114,0.69,0.6,509,91,131,70,10,21,0.67,0.8,1,0,1
552,46,150,80,44,0.78,0.72,145,115,171,36,78,14,0.89,0.4,3,0,1
679,222,226,66,89,0.57,0.85,341,289,250,77,10,25,0.76,0.4,5,0,0
200,299,313,43,29,0.24,0.34,625,153,145,63,18,13,0.99,0.9,5,1,0
515,314,436,30,118,0.73,0.61,803,547,141,41,7,12,0.65,0.4,3,0,0
58,137,353,69,25,0.11,0.89,856,596,188,30,34,8,0.99,0.4,2,1,0
613,180,48,52,19,0.6,0.97,252,391,72,55,9,13,0.79,0.9,0,0,1
516,92,361,30,86,0.1,0.96,312,54,138,32,2,3,0.36,0.4,2,0,1
155,348,376,41,69,0.47,0.89,382,440,11,53,95,4,0.57,0.6,5,0,0
135,328,98,74,81,0.86,0.48,845,186,220,72,24,22,0.72,0.8,0,1,0
780,222,480,33,56,0.39,0.33,804,346,286,58,13,3,1.0,0.6,5,0,0
124,33,327,39,67,0.54,0.72,288,504,277,60,44,1,0.82,0.8,10,0,0
490,40,35,53,19,0.85,0.95,744,166,185,33,1,25,0.8,0.4,10,1,0
717,316,477,66,57,0.56,0.92,716,478,179,37,49,25,0.37,1.0,2,0,1
670,346,261,70,69,0.81,0.8,174,46,71,41,13,19,0.72,1.0,2,0,1
469,118,344,67,57,0.9,0.59,825,80,66,51,13,21,0.49,0.9,10,1,1
469,395,281,32,119,0.67,0.89,165,337,128,76,48,8,0.37,0.9,2,0,1
749,390,298,78,87,0.41,0.34,744,187,299,38,2,17,0.34,0.4,1,1,1
673,318,364,52,20,0.76,0.56,839,72,36,72,108,23,0.42,0.6,3,0,1
309,288,222,70,103,0.22,0.76,809,379,130,74,27,13,0.78,0.6,0,0,0
578,204,348,68,50,0.91,0.58,259,399,185,67,60,15,0.98,0.6,1,1,1
523,220,103,50,90,0.39,0.78,189,102,205,50,24,13,0.85,0.4,0,1,1
489,274,43,66,44,0.87,0.8,959,209,206,77,31,12,0.36,0.9,5,0,0
584,231,447,37,71,0.07,0.38,726,512,31,56,5,22,0.64,0.9,0,0,0
126,41,141,76,58,0.18,0.88,955,361,74,59,91,4,0.39,0.4,10,0,0
211,114,360,77,101,0.38,0.7,174,507,179,77,12,5,0.74,1.0,0,0,1
500,188,305,62,83,0.35,0.37,993,242,34,34,55,4,0.89,0.6,1,1,1
443,105,145,49,86,0.17,0.68,899,559,247,32,18,24,0.76,0.4,5,1,0
396,267,363,43,17,0.95,0.79,698,570,153,58,37,10,0.32,0.4,0,0,0
367,267,100,46,54,0.24,0.51,759,302,276,73,38,4,0.36,0.9,0,0,0
436,370,471,33,102,0.97,0.93,591,491,103,77,96,2,0.35,0.9,0,1,1
738,386,88,46,34,0.54,0.82,236,51,263,54,103,12,0.52,0.6,0,1,1
795,276,306,61,46,0.95,0.64,277,309,25,48,117,13,0.59,1.0,5,0,1
302,256,47,54,2,0.81,0.62,903,64,33,62,65,3,0.5,0.4,1,0,0
508,229,316,31,20,0.7,0.87,677,137,231,32,72,4,0.43,1.0,5,0,1
79,261,275,61,21,0.84,0.87,576,382,161,68,55,11,0.91,0.6,2,1,0
537,311,472,35,62,0.37,0.75,220,267,55,39,11,2,0.8,0.9,3,0,1
768,388,107,48,38,0.87,0.9,518,274,279,78,87,22,0.51,0.4,0,1,0
427,10,267,39,11,0.47,0.49,945,65,262,59,114,11,0.74,0.4,3,0,0
662,371,31,49,29,0.76,0.37,640,586,223,30,35,4,0.45,0.8,10,0,0
697,279,239,56,77,0.22,0.72,604,160,104,48,7,4,0.6,0.6,1,1,1
526,245,402,73,32,0.29,0.92,286,46,90,78,83,15,0.45,0.6,5,0,1
626,54,275,74,93,0.48,0.32,899,534,193,53,68,23,0.71,0.4,10,0,0
203,105,275,43,92,0.99,0.33,525,68,76,57,93,1,0.74,0.6,1,0,0
224,64,138,49,99,0.11,0.49,927,275,127,49,88,13,0.72,0.8,10,1,0
398,90,232,65,64,0.51,0.47,950,223,109,73,112,13,0.81,0.9,1,1,0
750,316,335,51,59,0.83,0.4,242,592,268,42,44,13,0.82,1.0,0,1,1
320,399,64,72,55,0.52,0.82,867,80,251,78,16,6,0.54,0.8,5,1,0
756,124,474,74,112,0.8,0.72,427,504,282,59,116,14,0.75,0.8,10,0,0
526,302,396,48,22,0.15,0.77,358,521,35,76,30,1,0.74,0.8,0,1,1
538,258,161,56,82,0.96,0.41,278,272,268,79,67,23,0.79,0.8,0,0,1
671,282,384,30,85,0.04,0.82,532,171,289,33,90,20,0.7,0.4,0,1,1
119,357,321,74,37,0.92,0.95,534,354,221,32,28,10,0.34,0.6,10,0,0
636,379,52,38,109,0.3,0.31,599,197,35,63,3,5,0.92,0.9,0,1,0
548,239,463,57,84,0.45,0.61,235,459,229,33,17,11,0.39,0.4,0,1,1
302,231,216,39,90,0.33,0.69,241,277,27,67,110,13,0.85,0.9,3,1,0
406,74,137,61,83,0.14,0.39,385,436,18,56,35,17,0.38,0.4,0,0,0
105,13,92,42,116,0.58,0.31,176,569,55,77,50,4,0.97,0.6,0,0,0
639,330,51,47,84,0.21,0.39,206,294,124,51,72,25,0.89,0.9,0,0,0
97,299,255,35,112,0.43,0.59,728,103,233,48,91,0,0.5,0.6,0,0,1
60,180,290,40,61,0.32,0.68,682,517,148,47,62,10,0.65,0.8,3,0,0
655,199,110,80,89,0.05,0.85,169,237,167,72,51,2,0.64,1.0,1,0,1
316,264,88,68,75,0.65,0.5,586,76,253,58,70,23,0.58,0.6,2,0,0
420,103,223,52,119,0.82,0.99,446,525,102,73,40,17,0.99,1.0,1,0,1
421,48,302,42,67,0.16,0.98,603,379,190,60,17,14,0.83,0.4,0,1,0
756,276,298,67,81,0.77,0.45,404,81,110,62,71,25,0.54,1.0,1,0,1
175,168,90,77,96,0.83,0.82,450,535,258,62,87,19,0.5,0.9,3,0,0
486,142,158,71,11,0.94,0.4,352,277,234,55,76,13,0.69,0.8,3,1,1
790,201,338,74,1,0.07,0.9,208,317,153,54,23,3,0.81,1.0,1,0,1
400,256,341,45,36,0.76,0.99,407,577,193,38,17,14,0.57,0.9,2,0,1
762,271,440,33,112,0.08,0.9,104,244,288,80,2,9,0.77,1.0,0,0,1
531,172,32,32,8,0.21,0.95,505,534,284,47,108,21,0.35,1.0,10,0,0
341,333,43,30,24,0.15,0.88,112,514,294,47,22,10,0.86,0.4,5,1,0
144,316,416,69,48,0.92,0.64,949,423,262,74,46,7,0.54,0.6,10,0,0
630,347,384,30,58,0.41,0.53,289,447,198,31,36,25,0.86,1.0,0,1,1
145,176,358,50,94,0.14,0.96,775,597,134,52,50,16,0.89,0.6,0,0,0
371,164,294,33,23,0.98,0.77,640,554,73,70,64,20,0.81,1.0,0,1,0
353,139,420,38,97,0.4,0.68,770,203,123,41,92,11,0.54,0.8,2,1,1
321,155,465,52,102,0.81,0.53,765,75,280,68,81,16,0.34,0.6,1,0,1
196,230,117,52,33,0.52,0.45,949,124,80,38,91,13,0.51,0.6,10,0,0
716,336,273,39,25,0.48,0.31,570,80,84,63,7,17,0.48,1.0,5,0,1
368,331,106,68,20,0.68,0.41,262,183,230,59,31,1,0.37,0.8,0,0,1
339,78,200,34,91,0.98,0.49,756,218,188,32,92,0,0.47,0.9,10,0,0
740,298,364,78,71,0.01,0.73,263,316,231,61,1,9,0.79,0.6,2,0,1
760,33,135,36,68,0.42,0.99,103,118,159,31,8,10,0.92,0.4,0,0,1
460,137,243,37,76,0.35,0.78,477,84,138,60,112,6,0.75,1.0,1,0,1
204,353,297,36,91,0.98,0.31,432,154,125,77,108,12,0.91,0.9,10,1,0
488,272,191,35,25,0.66,0.59,862,379,28,56,88,2,0.38,1.0,0,0,0
309,159,336,34,63,0.87,0.49,129,190,14,61,79,21,0.35,0.6,0,1,1
640,272,191,69,61,0.54,0.5,139,209,94,40,47,20,0.77,0.8,1,1,1
270,138,218,75,58,0.73,0.31,534,185,269,36,26,7,0.83,0.6,5,0,0
313,289,386,54,57,0.65,0.95,704,422,94,49,10,14,0.65,0.4,10,1,0
213,384,153,64,116,0.44,0.95,568,558,231,42,114,20,0.45,0.6,5,0,0
555,98,153,43,42,0.62,0.71,303,534,30,33,73,14,0.74,0.6,0,1,1
421,289,195,67,36,0.53,0.61,224,107,194,38,47,12,0.72,0.4,2,0,1
509,25,382,56,120,0.58,0.38,979,314,166,75,100,4,0.86,0.9,2,0,0
439,76,255,64,96,0.15,0.42,259,119,176,60,120,24,0.53,0.6,5,0,0
744,240,235,38,119,0.88,0.74,241,363,17,39,79,24,0.91,1.0,10,1,1
798,114,247,53,113,0.97,0.96,340,47,50,60,3,18,0.83,0.8,10,0,1
482,201,378,56,69,0.18,0.61,947,278,176,53,13,6,0.39,0.8,3,1,1
105,99,92,77,96,0.37,0.84,269,240,58,31,94,16,0.57,1.0,1,0,1
404,96,197,51,10,0.6,0.58,154,586,17,69,33,18,0.59,1.0,2,1,0
61,181,366,58,49,0.24,0.74,965,491,96,80,44,21,0.36,0.4,3,0,0
244,86,62,80,62,0.7,0.59,309,315,49,35,38,19,0.89,1.0,3,1,1
554,168,477,78,13,0.68,0.71,852,276,191,38,27,0,0.36,0.8,2,0,1
325,233,200,45,116,0.55,0.43,264,514,289,70,36,4,0.49,0.6,2,0,0
428,385,343,51,41,0.39,0.99,617,353,190,69,63,17,0.6,1.0,0,0,1
264,371,386,73,16,0.14,0.7,782,77,28,57,109,23,0.49,0.6,0,0,1
714,152,59,76,90,0.23,0.91,634,81,272,34,26,15,0.66,0.9,3,0,1
580,225,122,61,63,0.35,0.96,565,89,241,55,26,20,0.63,0.8,0,0,1
422,243,106,55,22,0.22,0.32,227,495,289,73,36,7,0.72,0.9,5,0,0
551,196,382,31,16,0.33,0.46,189,238,119,43,29,20,0.69,0.6,5,0,0
404,154,364,46,101,0.74,0.82,616,290,138,56,119,0,0.57,0.9,1,0,1
714,163,278,78,3,0.83,0.75,509,344,214,58,55,13,0.9,0.6,0,0,1
314,269,233,52,32,0.8,0.42,794,246,66,31,1,23,0.46,1.0,0,0,1
93,91,74,34,40,0.08,0.53,854,489,128,45,11,0,0.6,1.0,2,0,0
761,385,499,49,49,0.99,0.38,959,96,190,75,32,3,0.39,0.9,5,0,1
325,203,100,37,3,0.47,0.37,340,441,210,35,108,18,0.88,0.9,10,0,0
275,167,120,77,69,0.92,0.34,425,486,121,49,51,21,0.45,1.0,0,0,1
571,76,51,71,117,0.58,0.39,483,281,195,40,96,23,0.42,0.8,0,1,1
547,46,319,52,82,0.77,0.69,251,275,238,32,98,9,0.82,0.8,10,0,0
500,189,115,66,4,0.1,0.63,158,494,95,56,117,1,0.34,0.8,0,0,1
312,102,357,44,13,0.6,0.71,728,255,116,71,105,3,0.44,1.0,3,1,1
304,194,457,48,43,0.21,0.99,466,52,248,37,83,18,0.72,1.0,3,1,1
699,218,78,58,68,0.9,0.84,461,136,250,41,83,25,0.73,0.6,2,0,1
691,203,363,80,58,0.62,0.82,169,169,65,48,43,18,0.9,0.9,10,0,1
321,325,83,49,43,0.02,0.75,765,576,268,38,53,1,0.37,0.4,3,1,0
361,247,372,55,42,0.55,0.57,370,548,157,58,114,21,0.67,0.4,0,1,0
467,331,221,46,68,0.5,0.34,465,222,16,43,72,24,0.81,0.8,10,0,0
436,23,39,47,15,0.4,0.5,477,355,190,31,84,4,0.33,0.8,10,0,0
178,192,113,51,62,0.53,0.79,974,441,111,75,51,24,0.51,0.9,3,0,0
553,48,432,78,1,0.85,0.81,795,534,266,36,65,16,0.78,0.8,1,1,1
137,316,425,57,97,0.04,0.54,904,252,106,56,96,20,0.75,0.9,10,0,0
596,357,373,78,30,0.41,0.67,312,347,125,57,18,12,0.48,0.8,5,0,1
90,258,269,75,88,0.76,0.66,384,480,142,69,117,12,1.0,0.4,1,1,0
591,26,268,47,11,0.11,0.64,168,466,194,30,59,7,0.91,0.4,0,0,1
175,143,464,67,113,0.42,0.82,133,338,131,54,59,25,0.88,0.4,10,0,0
718,101,102,33,5,0.87,0.6,647,360,166,54,13,16,0.68,1.0,5,1,0
735,132,32,78,113,0.45,0.42,300,96,289,73,96,14,0.93,0.9,0,1,1
286,196,338,75,47,0.79,0.71,533,215,240,51,37,18,0.9,0.8,0,1,1
114,376,292,44,20,0.98,0.56,581,180,168,63,120,18,0.75,0.6,3,0,0
353,276,370,55,48,0.11,0.54,146,500,237,67,82,2,0.51,1.0,0,0,1
137,366,146,42,10,0.25,0.45,193,123,116,70,87,20,0.64,0.6,5,0,0
418,384,363,36,19,0.32,0.59,851,513,27,71,65,8,0.33,0.6,0,0,0
338,145,438,65,37,0.83,0.54,787,574,222,33,58,15,0.46,0.6,0,0,1
632,390,291,36,42,0.68,0.71,189,506,278,41,59,4,0.92,1.0,2,1,1
202,217,199,30,57,0.57,0.95,892,88,264,32,102,21,0.46,0.6,10,1,0
518,313,71,35,115,0.72,0.41,739,557,131,51,33,22,0.44,0.4,0,1,0
547,39,422,53,7,0.36,0.89,347,219,137,43,45,25,0.61,0.8,0,0,1
78,126,333,46,17,0.94,0.63,305,129,36,77,33,17,0.68,1.0,0,1,1
752,354,416,60,45,0.39,0.57,448,313,118,30,85,9,0.35,0.6,2,0,1
400,34,333,50,7,0.17,0.68,409,85,64,42,103,24,0.57,0.4,2,0,1
172,170,180,59,18,0.97,0.33,895,211,210,77,85,19,0.73,0.8,3,0,0
528,321,473,62,1,0.98,0.34,810,52,87,45,77,9,0.59,0.6,0,0,1
697,134,310,47,1,0.9,0.85,239,208,173,69,120,16,0.94,0.9,5,1,1
334,36,453,37,49,0.86,0.75,811,491,97,52,102,21,0.38,0.6,3,1,0
769,243,340,75,22,0.98,0.62,384,93,23,77,116,6,0.94,0.9,0,1,1
707,205,217,48,18,0.31,0.37,561,235,174,71,86,8,0.64,0.6,10,0,0
341,339,76,66,50,0.62,0.35,570,165,240,65,109,13,0.58,0.9,0,0,0
97,243,35,44,63,0.07,0.59,101,260,228,67,103,4,0.43,1.0,3,0,0
663,94,497,44,33,0.1,0.5,151,264,30,73,19,4,0.77,0.9,2,0,1
68,334,134,78,90,0.64,0.84,522,521,85,72,114,18,0.6,0.6,3,1,0
420,115,488,68,44,0.82,0.74,344,525,150,64,51,10,0.78,0.9,3,1,1
464,390,216,47,44,0.74,0.62,777,124,54,32,117,12,0.38,0.8,5,0,1
142,45,202,58,9,0.64,0.57,784,422,291,37,33,17,0.36,0.8,10,1,0
309,209,140,55,107,0.69,0.51,832,63,186,37,85,9,0.78,1.0,5,0,0
472,343,420,77,29,0.24,0.46,530,386,65,38,94,3,0.64,0.8,0,0,1
238,43,222,31,114,0.31,0.67,844,385,44,80,89,11,0.55,1.0,10,1,0
746,195,222,67,114,0.07,0.39,957,94,241,40,62,9,0.31,0.4,0,0,1
118,192,117,33,39,0.17,0.36,530,563,230,59,45,21,0.31,0.8,3,0,0
798,391,324,62,53,0.76,0.83,480,463,56,60,77,21,0.97,0.8,1,0,1
144,174,274,49,67,0.02,0.78,722,301,291,37,101,14,0.47,1.0,0,0,1
587,294,117,37,4,0.44,0.71,786,532,94,39,51,2,0.97,0.4,5,0,0
781,279,169,77,105,0.88,0.75,734,205,225,70,111,6,0.93,0.9,10,0,0
337,27,176,52,108,0.28,0.31,724,329,48,43,106,10,0.71,0.6,10,0,0
120,345,167,47,0,0.99,0.42,749,217,161,30,59,22,0.43,0.8,0,1,0
173,364,265,38,2,0.56,0.63,903,402,22,39,78,19,0.67,0.9,0,1,0
793,313,201,45,29,0.28,0.37,873,580,276,47,92,20,0.49,0.9,5,1,0
419,270,419,63,16,0.62,0.68,380,48,209,73,8,5,0.95,0.9,5,0,1
694,55,428,51,95,0.14,0.94,450,64,121,41,25,2,0.47,1.0,5,1,1
335,110,180,48,118,0.56,0.9,212,410,40,77,14,11,0.67,0.9,5,1,0
730,85,114,72,117,0.92,0.88,854,172,298,42,41,25,0.53,0.4,3,1,1
158,28,133,40,109,0.83,0.86,321,540,240,73,42,14,0.98,0.6,1,0,0
716,185,305,63,21,0.05,0.45,845,162,294,47,1,18,0.96,0.6,0,0,1
591,272,387,45,98,0.68,0.32,910,270,105,36,93,10,0.81,0.8,10,0,0
298,307,161,45,2,0.78,0.69,530,298,234,41,107,14,0.7,0.9,3,1,0
662,246,400,72,30,0.75,0.73,156,79,282,57,108,11,0.79,0.8,1,1,1
231,20,381,54,109,0.84,0.67,159,264,296,80,39,24,0.42,1.0,3,0,1
160,230,340,56,107,0.68,0.48,270,516,174,72,72,10,0.44,0.6,2,0,0
527,182,416,34,98,0.3,0.93,839,316,59,36,100,16,0.56,0.9,0,1,1
410,176,56,33,75,0.03,0.44,681,372,235,36,103,12,0.69,0.9,3,1,0
549,152,293,67,27,0.18,0.91,613,381,129,74,63,12,0.97,0.6,0,0,0
266,141,287,33,103,0.07,0.82,816,53,222,60,73,11,0.83,0.9,0,1,1
214,291,63,31,117,0.71,0.82,689,536,131,46,31,23,0.79,0.6,0,0,0
299,175,142,63,26,0.69,0.68,584,161,73,67,17,9,0.81,0.4,0,0,0
383,282,54,50,114,0.44,0.42,740,552,215,37,31,9,0.5,0.8,0,1,0
609,254,381,78,117,0.71,0.87,526,99,300,79,63,21,0.48,0.8,0,1,1
800,300,362,33,111,0.62,0.34,508,313,55,73,97,22,0.83,0.8,3,1,0
179,308,322,59,83,0.42,0.87,187,208,40,61,14,16,0.89,0.6,1,1,1
135,327,154,56,69,0.6,0.59,347,437,170,54,89,9,0.67,1.0,1,0,0
706,329,164,64,23,0.21,0.31,645,301,130,65,4,18,0.32,0.8,0,1,1
674,108,443,67,21,0.53,0.73,342,406,282,34,75,4,0.66,0.4,10,0,0
152,323,362,33,78,0.72,0.61,782,499,49,71,46,25,0.83,0.9,3,0,0
757,73,423,31,24,0.99,0.54,999,174,163,70,49,15,0.55,0.8,0,0,1
687,253,357,41,112,0.89,0.66,980,221,15,50,82,25,0.7,0.6,3,1,1
358,244,194,67,34,0.56,0.83,931,145,135,74,61,25,0.33,0.6,0,0,1
783,251,40,41,105,0.57,0.9,964,570,92,78,91,5,0.85,0.6,5,1,0
609,171,326,47,50,0.1,0.69,148,134,36,34,25,21,0.94,0.8,1,0,1
371,158,494,48,28,0.97,0.54,201,314,45,59,102,1,0.88,1.0,0,0,1
551,47,305,34,95,0.22,1.0,240,193,296,74,15,20,0.42,0.6,0,1,1
800,243,83,72,44,0.58,0.62,336,230,35,51,73,25,0.55,0.9,0,1,1
492,229,391,45,108,0.56,0.44,279,308,171,58,46,0,0.97,0.4,0,0,1
674,212,265,50,25,0.19,0.44,636,135,43,50,90,4,0.87,0.4,0,0,1
268,136,119,47,9,0.05,0.69,194,177,101,35,2,17,0.93,0.4,3,0,0
219,287,31,52,26,0.79,0.56,744,300,227,54,111,14,0.97,1.0,10,0,0
207,337,463,62,27,0.22,0.32,927,484,192,68,25,10,0.7,0.8,2,1,0
517,122,233,44,24,0.65,0.77,591,77,220,71,16,3,0.76,1.0,0,1,1
366,347,263,67,16,0.53,0.5,802,484,85,78,104,25,0.99,0.4,3,0,0
195,40,72,54,11,0.55,0.52,168,154,143,35,71,6,0.43,0.8,10,1,0
732,110,186,65,60,0.2,0.9,395,135,271,57,52,13,0.96,0.4,0,0,1
488,163,458,68,17,0.8,0.65,424,287,253,64,108,11,0.8,0.9,0,0,1
752,363,95,40,66,0.7,0.53,998,593,69,40,91,5,0.71,0.9,5,0,0
372,369,110,36,73,0.49,0.73,592,396,201,32,83,0,0.98,0.6,1,0,0
186,26,352,30,67,0.31,0.62,832,591,187,35,46,15,0.55,0.8,1,0,0
620,334,243,57,60,0.03,0.5,375,554,244,35,75,25,0.89,0.9,0,0,1
314,209,237,63,88,0.29,0.86,539,51,184,32,49,6,0.7,0.9,0,1,1
436,233,337,35,3,0.16,0.76,758,376,133,67,70,10,0.78,1.0,1,1,0
340,52,440,79,33,0.63,0.35,620,516,114,34,45,3,0.32,0.9,10,0,0
762,33,485,60,90,0.35,0.53,795,320,258,76,108,15,0.61,0.8,0,1,1
602,145,196,70,56,0.27,0.78,343,519,136,54,3,12,0.61,0.6,1,0,1
130,334,313,42,63,0.18,0.61,518,492,17,45,31,10,0.89,0.6,0,0,0
702,121,262,53,9,0.79,0.53,725,213,198,77,110,16,0.82,0.9,2,1,0
695,287,161,42,33,0.16,0.75,289,393,84,68,82,21,0.8,1.0,3,1,0
623,367,279,31,99,0.33,0.31,227,429,69,73,77,17,0.35,1.0,10,1,0
706,392,403,37,12,0.51,0.52,941,534,258,75,14,15,0.34,0.8,5,1,0
262,189,334,71,94,0.5,0.87,284,172,256,64,79,23,0.36,0.4,3,0,1
456,33,308,50,18,0.17,0.86,900,233,120,66,69,15,0.44,0.6,3,0,0
552,311,164,78,116,0.38,0.48,263,549,220,32,79,13,0.81,0.4,3,0,1
510,225,175,79,90,0.03,0.33,272,74,10,61,95,6,0.83,1.0,1,1,1
128,117,284,49,56,0.61,0.62,172,458,121,32,103,0,0.67,0.6,5,0,0
738,309,104,35,93,0.66,0.63,429,465,130,49,74,7,0.64,0.9,1,0,1
368,259,352,75,15,0.27,0.73,585,117,149,55,103,3,0.84,0.4,2,1,1
526,114,446,72,41,0.19,0.91,543,63,50,35,118,16,0.89,1.0,10,0,1
466,172,77,38,38,0.69,0.44,574,278,28,66,83,1,0.92,0.6,0,0,0
246,227,330,78,87,0.5,0.79,741,232,196,46,24,2,0.96,0.4,10,1,0
602,332,416,80,32,0.57,0.37,255,583,250,32,14,17,0.83,0.6,0,0,1
476,239,175,68,28,0.19,0.51,699,522,37,54,116,14,0.76,0.9,5,0,0
396,142,468,77,83,0.01,0.69,393,557,115,75,4,0,0.78,1.0,0,1,1
409,263,190,61,24,0.8,0.39,971,253,49,39,67,6,0.61,0.9,2,0,0
579,283,492,49,3,0.33,0.38,519,402,133,72,107,25,0.35,0.9,10,0,0
747,395,127,45,68,0.23,0.77,482,588,153,79,83,2,0.73,0.9,1,0,0
573,123,367,39,31,0.56,0.67,191,166,173,45,26,19,0.96,0.6,1,0,1
449,241,58,46,10,0.8,0.33,936,313,198,80,110,4,0.56,0.8,0,0,0
342,346,188,54,104,0.84,0.87,207,387,156,72,61,20,0.42,1.0,10,0,0
273,257,417,57,57,0.61,0.47,369,272,211,75,117,21,0.62,1.0,0,1,1
70,197,264,43,106,0.98,0.98,291,165,14,62,34,5,0.4,0.6,0,0,1
738,315,452,36,85,0.01,0.33,910,190,71,59,90,4,0.57,0.6,3,0,0
398,285,164,61,12,0.41,0.63,609,402,67,53,4,22,0.96,0.6,10,1,0
167,372,229,43,16,0.34,0.8,824,448,257,54,74,13,0.66,0.6,0,0,0
232,102,107,80,30,0.73,0.36,400,277,233,47,26,18,0.51,0.8,5,0,0
624,158,242,48,99,0.4,0.33,955,516,94,34,113,15,0.89,0.8,0,0,0
638,235,346,31,45,0.6,0.78,715,538,296,31,88,17,0.97,1.0,0,1,1
665,93,405,43,32,0.18,0.71,227,321,80,37,35,25,0.81,0.6,0,0,1
547,188,418,46,113,0.17,0.97,261,443,216,44,101,16,0.46,0.4,3,1,1
360,231,392,76,108,0.72,0.83,583,197,233,69,91,4,0.65,0.8,0,0,1
387,287,196,61,33,0.01,0.96,934,535,284,41,29,15,0.43,0.9,0,0,1
54,323,270,73,91,0.92,0.98,558,471,105,64,70,18,0.5,0.8,10,0,0
267,183,474,31,76,0.47,0.31,706,55,23,31,92,15,0.51,0.8,0,1,1
628,109,181,30,56,0.83,0.66,255,551,118,50,74,1,0.51,1.0,0,0,0
103,227,274,44,42,0.3,0.77,656,335,206,66,43,16,0.55,0.8,0,0,0
480,362,206,58,69,0.31,0.52,799,237,189,39,69,19,0.94,0.4,2,0,0
397,244,437,40,86,0.57,0.74,907,120,77,30,107,21,0.44,0.4,5,1,1
681,285,223,76,44,0.31,0.58,390,570,69,62,45,17,0.49,1.0,3,1,1
332,14,422,74,31,0.66,0.4,122,317,195,62,99,6,0.45,1.0,10,0,1
654,337,484,58,100,0.28,0.94,192,161,179,34,52,14,0.98,0.8,3,0,1
738,208,463,34,99,0.88,0.98,598,520,107,47,7,17,0.66,0.8,1,0,1
124,69,86,41,15,0.43,0.54,537,291,292,34,25,12,0.63,0.9,3,0,0
663,309,124,40,31,0.59,0.92,297,417,83,74,120,23,0.45,0.6,10,0,0
679,154,391,41,23,0.93,0.46,402,142,188,49,96,2,0.79,0.9,0,1,1
719,376,59,45,86,0.23,0.61,361,486,102,48,81,18,0.87,1.0,5,0,0
336,325,223,59,63,0.89,0.79,286,296,78,38,118,19,0.3,0.9,5,1,1
634,325,296,72,80,0.18,0.45,606,529,79,71,70,10,0.7,0.4,2,1,0
301,243,387,43,31,0.57,0.73,773,386,255,80,76,9,0.62,0.6,1,0,0
130,203,126,30,83,0.28,0.53,769,396,30,54,103,25,0.9,0.6,2,1,0
154,208,406,32,103,0.38,0.4,835,51,298,61,27,20,0.87,0.8,0,0,0
276,107,97,77,37,0.11,0.84,377,592,61,65,62,22,0.83,0.4,3,0,0
214,300,221,44,52,0.52,0.94,829,247,176,62,115,0,0.58,1.0,1,0,0
353,34,187,70,73,0.83,0.76,145,365,113,68,102,12,0.83,0.8,0,0,1
325,336,446,58,58,0.75,0.7,650,212,268,36,104,14,0.78,0.8,2,0,1
785,46,368,35,40,0.61,0.98,841,354,24,66,53,20,0.86,0.9,0,1,0
612,73,124,57,58,0.25,0.36,144,88,202,53,8,13,0.98,1.0,10,0,0
768,186,254,43,96,0.91,0.84,886,124,296,43,51,8,0.5,0.9,2,0,1
609,227,38,49,13,0.97,0.88,668,245,26,60,59,15,0.7,0.4,2,0,0
57,194,312,55,111,0.87,0.5,468,449,153,77,10,3,0.47,0.6,0,0,0
578,194,356,71,9,0.76,0.87,397,447,51,54,102,8,0.57,0.4,0,0,1
176,369,299,57,0,0.76,0.74,625,122,283,31,13,19,0.75,0.9,2,1,1
147,233,441,54,36,0.99,0.46,577,228,295,43,67,17,0.77,1.0,1,0,1
799,254,216,76,43,0.42,0.36,334,555,240,71,65,9,0.57,0.9,10,0,0
421,81,425,40,71,0.99,0.43,716,599,227,38,95,17,0.79,1.0,0,0,0
135,293,430,64,5,0.84,0.61,190,237,122,66,87,2,0.91,0.6,3,0,1
255,343,379,79,4,0.37,0.86,923,292,144,53,29,17,0.87,0.9,0,0,1
738,155,483,49,65,0.22,0.87,591,232,298,53,6,14,0.34,0.6,10,0,0
113,346,418,58,65,0.59,0.62,362,339,97,42,76,17,0.58,0.4,0,1,1
63,24,389,56,21,0.61,0.58,391,523,152,61,50,2,0.61,0.6,0,1,0
633,237,267,65,54,0.57,0.94,700,274,65,55,79,22,0.59,0.8,0,0,1
171,355,290,48,67,0.69,0.49,335,513,28,75,103,18,0.7,0.8,0,0,0
192,210,492,31,66,0.92,0.67,558,537,199,70,54,14,0.59,0.8,0,0,0
207,190,353,50,12,0.76,0.67,921,138,77,77,71,22,0.68,1.0,1,0,0
753,256,396,42,13,0.7,0.74,411,122,117,75,5,11,0.77,0.9,1,1,1
755,399,372,50,95,0.98,0.84,351,71,79,80,67,9,0.68,0.4,3,0,1
187,397,476,57,51,0.88,0.38,126,188,260,33,117,13,0.36,0.4,0,1,1
471,169,98,32,15,0.18,0.4,712,368,283,60,35,10,0.82,0.6,0,0,0
86,208,488,33,28,0.94,0.48,259,546,280,46,97,25,0.45,0.8,1,0,0
512,218,348,52,119,0.1,0.83,604,140,132,56,10,3,0.51,0.4,2,1,1
745,202,474,38,82,0.03,0.43,597,349,77,49,40,9,0.84,0.9,5,1,0
249,132,236,71,88,0.33,0.85,921,311,200,40,78,13,0.87,0.9,2,0,1
707,109,50,43,102,0.51,0.6,484,303,10,63,83,12,0.36,1.0,5,0,0
453,74,30,65,97,0.76,0.87,254,569,281,63,44,23,0.97,0.4,10,0,0
731,350,361,57,3,0.35,0.81,659,92,77,51,76,0,0.32,0.8,3,1,1
748,127,267,48,21,0.83,0.73,928,89,39,68,112,6,0.82,0.9,3,0,1
167,56,110,31,58,0.45,0.44,201,413,227,42,25,12,0.76,0.6,0,0,0
559,360,212,37,71,0.58,0.7,486,362,72,61,22,8,0.83,0.9,5,1,0
312,17,438,67,97,0.81,0.7,247,141,299,57,91,8,0.93,0.8,10,0,1
141,99,334,43,39,0.86,0.84,466,360,155,66,114,5,0.68,0.8,0,1,0
766,249,223,32,52,0.32,0.48,309,376,49,76,73,7,0.85,0.6,2,0,0
458,134,93,34,40,0.27,0.68,967,368,199,57,67,10,0.35,0.6,0,0,0
165,327,47,59,119,0.99,0.98,414,304,254,41,86,9,0.97,0.8,2,0,1
777,361,304,76,39,0.33,0.44,746,218,237,71,60,15,0.82,0.9,0,1,1
430,48,498,43,118,0.18,0.56,890,304,19,49,8,19,0.6,1.0,10,0,0
570,195,123,61,2,0.41,0.99,267,289,288,40,113,6,0.39,0.4,2,1,1
644,95,237,72,63,0.29,0.66,956,421,197,39,59,25,0.38,0.6,10,1,0
298,141,332,36,9,0.5,0.61,765,171,38,43,32,15,0.53,0.9,2,0,1
590,398,264,48,77,0.29,0.86,969,227,97,76,25,10,0.88,0.9,0,0,0
409,142,74,40,91,0.25,0.33,675,436,237,45,116,17,0.82,1.0,5,0,0
696,75,90,38,23,0.26,0.87,959,100,45,34,104,20,0.57,0.6,0,0,1
509,255,351,52,30,0.61,0.63,120,363,30,50,115,20,0.81,1.0,0,1,1
524,396,263,30,57,0.36,0.59,832,364,278,35,90,18,0.72,0.8,0,1,0
758,112,325,64,102,0.61,0.78,372,88,180,53,117,7,0.8,0.9,5,0,1
564,346,161,58,13,0.95,0.73,941,460,218,33,100,15,0.67,0.4,5,0,0
176,299,294,78,5,0.92,0.65,544,490,185,56,86,9,0.47,1.0,0,0,1
746,149,273,43,7,0.36,0.61,799,179,214,30,119,2,0.8,1.0,0,0,1
352,279,358,59,54,0.72,0.31,843,108,69,36,117,23,0.37,0.8,0,0,1
298,366,184,44,12,0.29,0.47,622,597,204,54,6,17,0.92,0.9,0,1,0
755,158,57,65,109,0.84,0.46,449,287,292,33,56,3,0.87,0.8,0,0,1
357,258,360,36,49,0.17,0.54,123,430,117,67,74,1,0.5,0.4,0,1,1
155,20,144,67,84,0.23,0.55,122,555,206,70,73,13,0.43,1.0,5,1,0
281,264,450,49,45,0.69,0.34,892,312,78,37,66,14,1.0,1.0,0,1,1
703,39,107,78,58,0.25,0.44,764,352,63,47,27,21,0.52,0.8,1,0,0
203,153,271,35,92,0.94,0.71,666,398,86,65,99,0,0.84,0.4,3,1,0
157,34,429,78,45,0.84,0.43,728,337,224,45,82,5,0.44,0.9,0,1,1
701,123,139,59,89,0.49,0.41,352,459,187,58,98,23,0.81,0.9,2,1,0
429,188,313,70,51,0.44,0.64,817,213,274,69,82,24,0.73,0.8,1,0,1
346,117,403,58,13,0.4,0.33,705,228,211,48,63,15,0.59,0.4,1,0,0
645,97,450,30,20,0.92,0.47,108,371,229,72,114,24,0.47,0.9,0,0,1
767,362,183,40,75,0.22,0.32,596,342,22,56,64,24,0.64,0.6,0,0,0
407,346,371,66,101,0.33,0.88,270,405,40,30,75,17,0.36,0.6,0,1,1
544,323,32,48,72,0.19,0.6,529,502,185,69,74,25,0.69,0.9,1,0,0
527,203,224,72,54,0.09,0.6,519,260,66,70,63,7,0.33,0.8,0,0,1
412,150,98,42,58,0.87,0.45,667,407,249,56,91,0,0.53,0.4,0,0,0
63,350,386,57,73,0.08,0.36,639,305,110,65,61,4,0.58,0.6,2,1,0
393,172,150,38,32,0.27,0.81,296,418,268,43,14,4,0.41,0.8,10,0,0
309,59,48,50,24,0.63,0.84,461,562,215,46,1,19,0.63,1.0,2,1,0
384,136,488,46,110,0.66,0.66,319,304,260,52,108,11,0.8,0.8,3,1,1
771,20,449,50,51,0.16,0.47,891,512,296,58,8,21,0.37,0.9,3,1,1
475,332,74,45,51,0.38,0.4,269,453,89,65,64,4,0.96,0.8,0,0,0
431,399,441,44,92,0.06,0.39,524,582,38,74,14,10,0.83,0.9,1,1,0
207,355,408,60,89,0.24,0.4,891,504,144,32,101,11,0.53,0.4,5,1,0
779,262,131,44,111,0.16,0.4,941,578,280,47,75,18,0.49,0.8,5,1,0
587,228,88,69,90,0.35,0.51,145,493,82,63,26,19,0.97,0.9,3,0,1
435,173,323,38,27,0.83,0.51,374,156,200,40,57,18,0.61,0.9,1,0,1
271,335,217,80,24,0.97,0.74,296,339,93,68,33,22,0.72,0.8,5,0,0
157,153,230,70,106,0.37,0.83,585,287,276,56,113,14,0.56,0.9,0,0,1
255,179,435,60,2,0.07,0.53,528,479,91,59,35,15,0.74,0.6,1,0,0
429,265,275,65,7,0.86,0.94,853,593,21,51,25,6,0.9,1.0,0,1,1
783,325,336,36,98,0.45,0.4,290,583,127,71,9,4,0.97,0.9,0,1,1
299,30,306,53,118,0.83,0.95,776,74,23,49,98,25,0.65,0.6,0,0,1
374,377,296,36,7,0.72,0.68,536,138,113,77,35,4,0.47,1.0,0,0,1
464,280,173,72,62,0.37,0.45,879,473,140,67,20,21,0.93,0.8,0,1,0
792,378,326,73,12,0.18,0.99,119,509,107,73,114,9,0.97,0.9,0,0,1
626,181,340,34,17,0.56,0.82,254,355,196,57,94,11,0.49,1.0,2,0,1
55,290,327,70,22,0.07,0.75,924,307,244,38,32,10,0.81,0.4,3,1,0
490,28,250,31,42,0.08,0.52,626,301,108,74,78,17,0.67,1.0,0,0,0
270,330,118,50,64,0.84,0.61,501,152,263,43,65,24,0.32,0.8,0,1,1
101,254,243,63,43,0.43,0.39,414,486,63,68,72,16,0.99,1.0,1,1,0
656,181,224,34,104,0.7,0.88,285,470,81,53,98,0,0.71,1.0,1,0,1
734,162,216,71,3,0.12,0.42,557,350,245,31,50,6,0.77,0.4,0,1,1
746,344,191,45,120,0.94,0.79,409,323,170,51,7,8,0.63,1.0,2,0,1
60,58,144,63,49,0.48,0.53,494,332,107,53,43,4,0.72,0.4,0,0,0
59,281,476,58,111,0.99,0.5,292,561,56,68,109,0,0.4,0.4,0,0,1
88,218,487,75,28,0.6,0.33,490,447,67,73,46,24,0.78,0.9,0,1,0
384,223,128,60,63,0.53,0.57,160,139,198,72,81,22,0.63,0.6,3,0,1
790,362,64,44,114,0.95,0.94,839,71,272,57,66,2,0.59,0.9,10,1,0
147,303,322,61,33,0.16,0.64,525,375,122,39,58,6,0.85,0.8,0,0,1
188,181,273,73,23,0.86,0.54,829,368,84,60,43,18,0.85,0.9,0,1,0
540,378,241,54,93,0.98,0.63,359,130,118,72,110,15,0.82,1.0,2,1,1
467,90,458,71,12,0.44,0.83,756,102,24,72,99,15,0.77,0.6,0,0,1
103,224,258,41,116,0.1,0.32,910,53,163,63,98,7,0.48,0.8,3,1,0
266,287,256,50,78,0.24,0.94,234,254,89,75,33,2,0.37,0.6,2,0,1
668,230,104,69,99,0.29,0.8,488,394,134,46,2,25,0.51,0.4,0,0,1
687,27,295,67,67,0.91,0.61,964,495,151,69,44,3,0.93,1.0,10,0,0
501,358,212,50,20,0.47,0.36,706,309,269,47,118,16,0.66,0.6,5,0,0
107,139,146,48,12,0.67,0.74,534,600,234,33,14,5,0.69,0.6,5,0,0
750,69,181,70,6,0.23,0.41,463,257,238,68,117,19,0.58,0.9,5,0,0
520,182,261,79,99,0.93,0.38,443,344,102,39,59,13,0.95,0.9,5,0,1
370,396,364,58,56,0.67,0.5,475,192,63,56,83,5,0.81,0.8,1,1,1
624,375,326,70,59,0.85,0.61,146,582,294,57,71,2,0.92,0.4,1,0,1
766,132,425,44,79,0.08,0.72,786,125,24,43,40,5,0.33,0.9,2,0,1
653,304,326,35,1,0.4,0.89,806,455,244,31,41,14,0.59,1.0,2,0,1
85,308,339,76,18,0.35,0.44,366,340,137,75,84,17,0.9,0.8,1,1,0
219,125,230,31,60,0.27,0.84,283,231,244,49,87,1,0.88,0.9,1,0,0
378,210,54,69,78,0.23,0.66,459,409,170,42,15,24,0.57,1.0,10,0,0
82,360,89,80,96,0.56,0.39,489,144,149,55,38,10,0.44,0.4,1,0,0
596,16,110,63,61,0.63,0.99,321,238,236,41,90,22,0.52,0.9,10,0,0
464,215,206,54,73,0.16,0.4,640,414,14,57,21,9,0.77,0.4,5,0,0
408,41,40,41,80,0.03,0.39,289,325,19,76,69,22,0.93,0.4,0,0,0
620,182,173,53,82,0.9,0.32,254,173,25,68,84,10,0.57,0.6,2,0,1
139,239,144,71,49,0.34,0.94,653,360,77,75,73,18,0.37,0.9,3,0,0
718,388,358,75,92,0.17,0.45,866,180,77,73,17,9,0.44,1.0,5,0,1
658,308,331,53,51,0.08,0.82,841,535,138,46,95,17,0.9,0.9,0,0,1
342,60,409,61,53,0.62,0.41,639,429,283,77,88,4,0.31,0.9,5,0,0
68,83,192,51,113,0.4,0.84,169,433,240,63,120,2,0.86,0.4,2,0,0
445,349,148,78,111,0.33,0.57,827,42,158,34,38,10,0.33,0.6,0,0,1
469,267,421,66,62,0.94,0.72,678,131,204,77,101,12,0.92,1.0,5,0,1
596,33,437,51,108,0.3,0.77,129,238,29,31,31,19,0.79,0.9,10,0,1
438,266,137,53,107,0.14,0.5,192,503,241,74,30,24,0.61,0.9,0,0,0
779,264,89,52,76,0.85,0.8,203,85,243,51,36,14,0.86,0.8,0,0,1
724,52,128,38,115,0.02,0.76,621,88,299,56,29,12,0.68,0.6,5,1,0
76,285,389,79,42,0.21,0.89,389,176,28,61,48,25,0.76,1.0,0,0,1
738,224,111,59,66,0.49,0.77,101,158,39,68,57,1,0.32,0.8,1,1,1
400,385,181,68,30,0.53,0.92,141,56,288,75,41,17,0.69,0.6,0,0,1
513,253,444,33,10,0.24,0.6,786,497,59,77,57,2,0.34,0.4,3,0,0
751,168,93,65,34,0.22,0.96,369,311,166,37,86,14,0.6,0.8,0,0,1
372,35,406,41,77,0.22,0.58,278,323,270,69,53,7,0.59,0.9,0,1,1
212,210,183,68,116,0.76,0.32,143,457,272,75,53,12,0.58,0.4,2,1,0
586,74,289,30,42,0.41,0.75,452,546,270,40,113,9,0.59,1.0,10,1,0
485,275,142,49,59,0.85,0.4,530,320,281,68,96,7,0.52,0.8,2,0,0
298,48,288,37,22,0.18,0.9,890,555,130,59,90,22,0.33,0.9,0,0,0
507,85,116,42,77,0.32,0.97,972,278,17,54,110,3,0.31,0.4,0,1,0
163,295,201,37,113,0.05,0.84,833,451,261,69,88,0,0.91,0.4,2,1,0
770,253,67,41,51,0.42,0.77,289,90,252,41,96,1,0.4,0.4,5,0,0
604,75,455,36,32,0.14,0.84,772,239,77,52,93,22,0.37,0.4,3,0,1
756,285,353,47,87,0.78,0.65,961,285,183,75,8,2,0.53,0.9,0,0,1
493,135,228,62,17,0.43,0.9,148,188,234,45,107,0,0.44,0.4,0,0,1
630,102,268,54,115,0.54,0.79,459,54,171,34,42,2,0.77,0.9,1,1,1
736,126,218,50,39,0.86,0.42,388,52,287,63,109,16,0.48,0.4,2,0,1
603,236,164,34,120,0.74,0.57,358,75,290,70,32,1,0.96,1.0,0,0,1
352,350,333,56,44,0.97,0.67,265,402,89,51,58,5,0.41,0.8,5,0,1
430,41,272,46,44,0.51,0.4,868,481,23,45,55,3,0.43,1.0,0,0,0
294,253,356,78,111,0.89,0.52,971,593,138,44,108,14,0.57,0.9,0,1,1
680,269,54,52,108,0.13,0.82,494,518,240,44,25,8,0.61,0.6,3,0,0
92,100,80,80,98,0.81,0.49,290,44,188,56,85,5,0.84,0.6,3,0,0
64,122,201,49,88,0.66,0.95,867,173,110,64,38,1,0.37,0.6,1,0,0
237,151,398,56,36,0.3,0.51,706,489,11,52,15,10,0.89,0.6,0,1,0
710,144,333,74,76,0.02,0.64,378,163,190,56,49,10,0.56,0.8,0,0,1
715,78,207,58,109,0.77,0.62,533,588,264,66,12,2,0.62,0.4,0,1,1
185,180,461,64,60,0.94,0.35,633,593,244,40,49,9,0.85,0.4,0,1,0
705,352,74,35,76,0.56,0.48,393,535,283,60,114,2,0.36,0.4,3,0,0
225,239,99,68,5,0.11,0.33,378,238,66,56,117,2,0.73,0.6,0,0,0
423,94,203,80,28,0.16,0.65,501,532,222,61,62,23,0.71,0.9,1,0,0
497,377,176,73,67,0.81,0.54,691,42,183,47,86,19,0.42,0.4,1,0,1
641,354,374,51,32,0.33,0.48,656,515,132,55,87,11,0.95,0.8,0,0,0
465,338,130,54,82,0.72,0.6,285,545,95,72,62,10,0.61,0.4,2,0,0
694,271,73,53,90,0.71,0.46,646,265,284,53,16,8,0.48,0.8,5,0,0
145,248,51,40,89,0.5,0.98,293,148,292,35,90,24,0.83,0.6,0,1,0
579,362,109,41,11,0.83,0.9,642,186,128,36,65,21,0.62,0.6,2,0,1
348,157,455,50,44,0.81,0.57,974,499,68,52,14,11,0.79,1.0,2,1,1
586,240,165,51,70,0.25,0.45,856,207,198,43,106,0,0.66,0.6,10,0,0
488,36,71,57,16,0.93,0.81,844,50,71,36,31,21,0.53,0.4,10,0,0
690,193,289,64,42,0.8,0.39,791,227,279,78,73,24,0.63,0.4,5,0,0
170,133,97,64,32,0.03,0.65,979,449,119,80,64,2,0.6,0.4,5,0,0
620,82,459,49,39,0.74,0.38,427,586,242,44,86,23,0.73,0.4,0,0,0
294,20,439,78,4,0.18,0.91,416,595,193,77,70,13,0.98,1.0,1,0,1
279,282,297,77,91,0.03,0.99,976,488,218,74,117,12,0.84,0.9,1,0,0
171,103,174,32,55,0.89,0.49,501,311,23,68,66,15,0.59,0.8,10,0,0
62,364,279,60,53,0.64,0.34,823,541,124,33,11,17,0.32,0.4,2,1,0
151,156,87,35,95,0.16,0.53,112,367,298,31,9,19,0.86,1.0,0,0,0
787,134,272,40,4,0.54,0.34,461,427,144,46,107,17,0.92,0.8,0,1,0
55,284,137,37,82,0.36,0.97,260,82,173,50,48,5,0.45,0.6,2,0,1
194,215,471,49,14,0.57,0.86,457,40,128,53,68,12,0.87,0.8,1,1,1
306,160,141,53,18,0.12,0.72,356,548,166,54,112,6,0.48,1.0,0,0,1
740,251,133,71,56,0.9,0.66,100,151,226,48,49,16,0.88,0.8,10,0,1
537,138,82,58,29,0.1,0.43,294,302,65,58,6,19,0.93,0.6,5,0,0
151,98,380,69,20,0.37,0.58,641,156,140,53,100,12,0.62,0.4,2,0,0
607,361,471,74,28,0.44,0.94,547,551,109,73,63,8,0.62,0.9,5,0,1
472,169,297,77,44,0.35,0.56,335,415,254,67,87,3,0.69,0.9,2,0,1
323,374,150,40,105,0.47,0.69,814,496,48,78,24,5,0.79,0.9,3,0,0
190,193,387,74,34,0.11,0.89,643,390,68,46,109,25,0.78,0.9,0,1,1
589,362,225,62,37,0.78,0.37,669,103,182,54,118,3,0.75,0.9,0,1,1
651,159,450,43,110,0.73,0.37,250,489,216,41,50,16,0.81,0.4,5,0,0
606,181,290,38,17,0.83,0.48,703,67,89,53,41,3,0.32,1.0,0,1,1
375,358,208,44,63,0.13,0.35,441,468,30,51,30,23,0.8,1.0,0,0,0
579,10,418,35,14,0.19,0.99,698,515,45,34,118,0,0.52,0.4,1,1,1
467,300,85,32,63,0.06,0.5,700,336,61,34,82,1,0.99,1.0,0,0,0
784,175,236,48,80,0.54,0.87,748,181,62,68,79,25,0.76,1.0,10,0,0
652,113,374,53,111,0.61,0.85,242,441,138,53,81,18,0.48,0.6,0,0,1
691,360,473,41,28,0.17,0.61,202,42,245,31,62,11,0.83,1.0,0,0,1
415,236,240,60,92,0.98,0.83,537,516,198,50,103,21,0.86,0.9,3,0,0
523,181,108,65,5,0.85,0.55,979,119,255,72,11,12,0.45,1.0,3,1,0
680,165,118,49,17,0.53,0.68,631,461,11,62,17,16,0.64,0.6,0,1,0
190,120,71,77,81,0.05,0.78,524,471,164,62,3,2,0.95,1.0,0,1,0
191,66,148,45,94,0.55,0.53,749,441,197,47,1,14,0.45,0.4,0,1,0
383,320,481,32,43,0.97,0.48,840,320,268,61,70,4,0.45,0.9,0,0,1
791,168,341,45,89,0.04,0.58,688,469,178,36,17,9,0.36,0.6,0,0,1
95,107,405,31,100,0.82,0.52,413,379,58,78,57,6,0.95,0.4,3,0,0
618,273,222,36,42,0.56,0.94,353,42,210,40,102,19,0.3,1.0,0,0,1
596,147,207,42,70,0.19,0.7,672,403,39,58,45,17,0.46,0.6,0,1,0
202,31,394,39,40,0.01,0.48,173,279,281,68,4,25,0.33,0.4,0,1,1
98,116,456,62,101,0.6,0.35,727,77,196,32,69,4,0.77,0.9,10,0,0
417,41,166,44,59,0.98,0.38,334,464,125,60,119,17,0.48,1.0,3,0,0
408,93,40,36,18,0.67,0.84,630,79,149,67,18,11,1.0,0.9,10,0,0
199,288,499,51,23,0.35,0.33,884,484,86,42,117,8,0.45,0.6,0,0,0
791,55,323,57,54,0.31,0.83,421,410,31,43,12,0,0.78,0.4,0,0,1
581,141,325,70,13,0.42,0.75,605,254,100,40,63,24,0.61,0.6,1,0,1
598,295,123,35,13,0.7,0.73,274,485,277,39,31,24,0.45,0.9,10,1,0
529,77,391,57,43,0.3,0.77,225,151,59,41,110,6,0.56,1.0,0,1,1
66,42,165,63,53,0.96,0.89,139,253,281,30,83,5,0.63,0.9,1,0,1
368,22,286,48,42,0.73,0.73,296,263,117,49,12,24,0.6,0.9,3,0,1
575,157,210,67,36,0.39,0.34,678,307,239,41,92,18,0.43,0.8,0,1,1
249,351,425,41,90,0.58,0.93,766,517,242,30,111,23,0.66,0.4,3,0,0
297,389,327,53,29,0.36,0.74,794,373,258,60,113,19,0.83,0.4,5,0,0
60,79,500,67,25,0.44,0.88,120,286,36,59,81,15,0.6,0.8,0,0,1
501,80,443,51,1,0.11,0.93,174,382,32,35,74,22,0.34,1.0,5,0,1
721,86,428,38,46,0.94,0.9,544,474,266,74,52,5,0.36,1.0,10,0,0
244,166,52,43,44,0.46,0.9,985,242,16,71,59,7,0.69,0.6,3,0,0
149,115,40,66,66,0.62,0.44,556,175,293,54,90,12,0.74,0.9,5,1,0
509,171,451,44,41,0.27,0.93,946,302,218,69,17,1,0.96,1.0,1,0,0
403,97,381,30,56,0.64,0.87,227,437,112,58,79,8,0.46,0.6,1,0,1
590,358,472,32,47,0.78,0.83,133,501,254,56,105,10,0.98,0.8,0,1,1
382,306,328,72,24,0.45,0.61,639,506,33,60,97,20,0.54,1.0,0,0,1
333,395,41,70,102,0.43,0.44,942,110,207,42,49,2,0.73,0.9,0,1,1
604,95,443,33,105,0.51,0.82,300,285,148,34,22,3,1.0,0.6,10,1,1
724,100,107,40,49,0.05,0.38,575,85,233,50,68,8,0.42,0.9,3,0,0
563,371,200,38,93,0.38,0.67,469,56,42,56,7,13,0.53,0.8,5,0,1
632,75,54,58,108,0.72,0.51,464,225,93,64,65,4,0.48,0.6,0,0,1
424,205,60,65,50,0.93,0.31,818,162,167,50,22,17,0.86,0.4,0,0,0
384,108,123,38,70,0.96,0.65,836,592,80,35,9,4,0.99,0.6,0,0,0
686,150,109,59,98,0.93,0.67,297,561,68,30,112,1,0.49,0.6,10,1,0
706,282,448,56,56,0.1,0.6,984,524,137,37,5,2,0.71,0.9,2,1,1
693,150,482,72,12,0.54,0.83,246,80,270,53,6,16,0.71,0.9,0,1,1
621,171,39,71,65,0.9,0.78,249,485,158,65,0,3,0.36,1.0,0,0,1
738,46,440,72,64,0.19,0.97,288,588,15,42,94,1,0.61,0.8,0,0,1
368,87,219,68,110,0.69,0.88,640,350,41,60,25,19,0.31,0.9,0,0,1
440,113,123,52,5,0.54,0.33,499,119,249,69,32,10,0.46,0.9,10,0,0
82,223,125,77,42,0.82,0.39,792,478,32,62,76,14,0.88,0.9,0,0,0
594,52,164,76,69,0.79,0.67,510,237,237,33,54,4,0.65,0.9,0,0,1
469,344,453,76,29,0.86,0.8,815,60,256,63,66,13,0.86,0.4,5,0,0
437,19,148,40,3,0.02,0.34,962,74,182,32,58,17,0.39,0.8,1,1,1
570,75,182,37,7,0.86,0.44,327,561,21,41,96,12,0.42,0.9,5,1,0
175,221,495,57,53,0.14,0.6,186,419,164,36,53,14,0.38,0.4,2,0,1
669,63,374,54,26,0.32,0.38,654,511,15,52,100,20,0.59,0.6,3,0,0
57,39,378,65,93,0.09,0.54,468,42,253,55,66,0,0.84,0.9,0,0,1
338,244,192,60,61,0.95,0.46,170,369,53,56,119,25,0.86,0.8,5,1,0
765,30,304,54,13,0.04,0.89,537,513,135,74,52,14,0.69,0.8,5,0,0
637,135,254,78,67,0.58,0.6,370,462,161,69,83,22,0.43,0.4,1,1,1
720,334,427,79,9,0.37,0.39,287,484,16,47,77,15,0.69,0.6,10,1,0
328,246,166,34,76,0.39,0.5,809,597,160,43,66,10,0.8,0.9,0,0,0
91,108,43,40,81,0.01,0.78,143,223,82,50,72,8,0.73,0.9,5,0,0
196,158,361,76,50,0.03,0.99,389,204,106,59,18,6,0.5,1.0,2,1,1
317,90,374,68,102,0.47,0.58,637,169,298,43,19,4,0.38,0.8,0,1,1
672,300,142,56,63,0.47,0.57,231,53,299,43,5,9,0.68,0.4,0,1,1
191,351,209,44,43,0.87,0.38,405,385,47,79,52,21,0.87,0.9,3,0,0
693,210,276,36,18,0.87,0.91,317,125,119,65,97,17,0.83,0.9,1,1,1
392,188,201,45,75,0.76,0.56,195,353,288,38,87,9,0.72,1.0,10,1,0
63,232,291,44,22,0.55,0.5,411,544,185,54,33,13,0.87,1.0,5,1,0
207,162,373,35,96,0.64,0.59,486,564,15,37,27,22,0.49,0.6,0,0,1
205,254,263,53,84,0.77,0.62,268,44,106,59,34,1,0.87,0.6,0,0,1
359,238,426,75,43,0.78,0.72,663,72,175,60,46,14,0.72,0.6,10,0,0
562,138,492,45,14,0.75,0.74,140,511,247,51,7,1,0.43,0.4,2,1,1
130,200,68,35,108,0.94,1.0,214,147,256,63,104,3,0.63,0.8,10,1,0
561,164,411,74,73,0.61,0.97,662,351,166,68,97,17,0.53,0.6,0,0,1
477,392,476,37,22,0.27,0.84,771,370,13,42,3,24,0.34,0.9,0,1,1
769,32,457,47,111,0.34,0.61,467,395,290,44,89,21,0.48,0.8,0,1,1
59,280,299,52,41,0.85,0.93,741,303,272,58,46,22,0.8,0.6,1,0,0
386,290,154,33,105,0.6,0.87,670,299,10,69,111,8,0.56,1.0,10,0,0
775,323,313,66,90,0.03,0.41,231,400,25,79,5,5,0.65,1.0,0,0,1
726,265,347,42,5,0.33,0.71,883,572,239,40,83,21,0.84,1.0,0,1,1
177,70,361,31,19,0.59,0.86,734,191,300,63,75,23,0.69,0.8,1,0,0
453,208,273,47,34,0.5,0.99,970,566,192,43,58,13,0.96,0.9,1,1,0
488,172,413,65,3,0.78,0.94,122,437,85,76,43,14,0.85,1.0,5,0,1
161,17,69,32,39,0.33,0.51,146,187,174,31,115,22,0.43,1.0,5,0,0
275,195,49,66,3,0.31,0.71,129,554,228,69,74,0,0.77,1.0,0,1,0
642,196,459,71,110,0.45,0.35,390,390,57,61,105,16,0.65,0.4,10,0,0
714,397,306,71,117,0.57,0.53,792,95,68,58,17,3,0.63,0.6,3,0,1
547,314,370,74,10,0.04,0.85,576,198,159,31,28,17,0.81,0.9,0,1,1
584,63,312,67,41,0.78,0.76,998,138,226,54,89,2,0.79,0.9,0,0,1
775,99,164,59,5,0.99,0.93,313,115,62,64,8,21,0.77,1.0,1,0,1
407,200,340,44,57,0.05,0.48,242,547,120,48,59,3,0.85,0.4,0,1,0
508,324,210,30,119,0.85,0.98,546,564,58,44,71,5,0.66,0.4,2,0,0
163,40,312,58,104,0.86,0.59,637,411,166,33,111,24,0.89,0.8,5,0,0
775,77,238,63,42,0.25,0.5,426,484,101,39,81,11,0.69,0.6,0,0,1
592,315,216,53,17,0.56,0.5,153,189,171,40,108,19,0.86,0.6,10,1,0
682,12,310,63,50,0.5,0.72,305,316,185,31,42,17,0.86,1.0,10,0,1
76,371,493,50,58,0.43,0.85,825,117,108,79,89,9,0.5,0.4,0,0,0
782,101,467,66,61,0.77,0.8,709,564,201,66,58,7,0.81,0.8,0,1,1
138,149,185,37,77,0.79,0.8,858,497,11,30,4,11,0.73,0.4,2,1,0
797,102,90,45,58,0.55,0.63,524,525,242,60,4,11,0.66,0.4,0,0,0
737,109,389,72,81,0.33,0.6,845,555,122,78,21,8,0.6,0.6,0,0,1
397,240,248,53,82,0.87,0.79,591,195,102,41,100,8,0.41,1.0,3,0,1
466,227,392,51,90,0.56,0.87,268,328,230,70,95,13,0.74,0.4,5,0,0
592,358,228,79,100,0.2,0.57,915,438,79,67,5,10,0.78,0.4,3,0,0
763,340,317,68,68,0.31,0.65,695,462,179,56,104,3,0.53,0.8,10,1,0
642,274,216,35,89,0.89,0.4,400,138,153,63,97,18,0.37,0.4,1,0,1
430,352,265,65,3,0.1,0.61,118,298,48,79,112,16,0.69,0.9,1,0,1
779,170,360,50,111,0.55,0.68,205,357,126,65,67,17,0.5,0.9,0,1,1
299,36,133,63,48,0.06,0.36,883,70,60,73,92,25,0.86,0.4,0,1,0
761,304,342,69,115,0.88,0.86,134,224,68,70,11,22,0.85,1.0,0,0,1
113,334,338,45,38,0.75,0.9,819,480,202,68,32,12,0.57,0.9,0,0,0
536,271,62,67,34,0.6,0.53,626,474,234,59,61,18,0.51,0.9,1,0,0
380,318,323,43,25,1.0,0.33,674,174,201,68,13,0,0.46,0.8,5,1,0
308,88,125,51,23,0.92,0.56,706,553,45,80,36,10,0.93,1.0,3,0,0
581,103,499,63,4,0.32,0.37,494,426,50,35,92,17,0.99,1.0,1,0,1
180,38,378,47,110,0.94,0.49,921,122,218,64,101,8,0.9,0.8,0,0,0
299,322,304,66,55,0.39,0.35,288,123,92,61,89,15,0.91,1.0,0,0,1
764,374,297,62,18,0.46,0.99,848,178,169,51,40,14,0.82,1.0,5,1,1
447,335,82,58,23,0.07,0.57,443,422,250,50,74,3,0.35,0.9,0,1,1
262,257,120,61,48,0.02,0.82,103,488,179,41,115,10,0.93,0.6,2,1,1
236,104,303,75,112,0.51,0.87,886,596,37,60,24,20,0.58,0.9,2,0,0
766,184,43,37,101,0.52,0.46,537,439,80,55,57,8,0.56,0.9,10,0,0
705,46,334,49,61,0.38,0.81,918,593,257,30,44,3,0.32,0.9,1,0,1
601,352,125,45,48,0.92,0.86,612,301,53,41,111,13,0.8,0.6,1,0,1
656,374,296,39,53,0.81,0.43,880,448,102,41,59,19,0.78,0.8,5,0,0
444,397,415,70,29,0.61,0.54,373,262,72,32,51,25,0.76,0.4,1,0,1
325,199,410,30,72,0.06,0.44,339,310,286,37,14,3,0.4,0.4,3,0,0
148,262,36,62,107,0.62,0.98,843,585,166,34,78,3,0.55,0.9,10,0,0
596,131,57,46,12,0.69,0.73,654,155,267,78,58,15,0.78,1.0,0,0,0
463,373,64,69,87,0.57,0.41,136,465,154,39,119,15,0.32,0.6,1,0,1
193,170,161,37,27,0.61,0.88,101,506,83,76,45,24,0.61,0.6,3,0,0
67,127,296,60,118,0.09,0.32,924,324,131,73,6,14,0.71,0.6,3,1,0
182,118,439,61,16,0.97,0.73,491,123,119,40,32,15,0.91,0.9,1,0,1
111,238,244,69,55,0.22,0.37,857,565,215,45,105,11,0.66,0.9,0,0,0
545,90,473,52,99,0.12,0.4,459,285,298,60,1,8,0.51,1.0,1,0,1
328,385,304,48,74,0.6,0.44,148,185,55,59,64,19,0.79,0.8,0,1,1
286,265,486,66,91,0.11,0.88,560,439,201,42,98,2,0.78,0.4,2,0,1
210,156,153,63,112,0.53,0.47,269,133,198,55,57,25,0.93,0.4,3,0,0
362,217,182,49,51,0.81,0.98,216,390,97,60,40,15,0.95,1.0,2,0,1
567,292,436,35,111,0.8,0.63,316,400,42,65,58,12,0.34,0.9,3,1,1
793,376,347,59,81,0.14,0.58,226,278,161,49,5,5,0.77,0.9,0,0,1
102,292,290,44,68,0.5,0.96,788,378,114,60,3,8,0.69,0.9,10,0,0
160,167,241,58,95,0.18,0.88,433,126,90,32,72,14,0.93,0.6,3,0,1
53,393,353,72,8,0.23,0.54,863,137,171,46,67,2,0.69,0.6,0,0,0
362,308,382,76,59,0.52,0.59,633,476,24,53,107,5,0.79,0.4,0,0,0
274,55,108,66,39,0.9,0.96,425,587,292,51,81,7,0.39,0.4,2,1,0
433,308,243,50,12,0.02,0.97,236,283,296,55,73,16,0.55,0.9,2,1,1
340,343,37,45,0,0.81,0.71,512,222,138,69,62,13,0.76,0.4,5,0,0
276,152,225,39,111,0.15,0.34,585,423,187,53,46,6,0.69,0.9,0,0,0
352,207,213,44,0,0.37,1.0,900,478,13,63,15,5,0.43,0.8,0,0,0
682,172,146,67,104,0.09,0.34,703,272,111,60,79,0,0.66,0.8,3,1,0
218,395,421,35,41,0.88,0.52,792,473,137,75,48,20,0.7,0.9,0,1,0
634,120,348,69,10,0.83,0.59,856,112,245,42,120,21,0.74,0.9,1,0,1
660,71,263,47,66,0.66,0.98,440,338,195,41,15,23,0.65,0.4,10,0,0
484,297,83,41,26,0.32,0.74,301,175,214,79,33,16,0.61,0.4,2,1,0
774,31,56,38,14,0.06,0.57,108,43,218,71,17,18,0.72,0.9,0,0,0
577,202,301,60,45,0.61,0.78,998,108,176,56,34,23,0.93,0.6,3,1,1
163,359,47,62,52,0.06,0.71,159,233,227,49,93,22,0.54,1.0,10,0,0
427,126,64,30,42,0.93,0.64,770,497,299,58,0,12,0.98,0.6,2,0,0
598,102,69,70,57,0.86,0.74,623,252,275,40,118,16,0.61,0.8,5,0,0
448,135,279,33,43,0.96,0.37,920,377,225,45,49,19,0.92,0.6,0,0,0
557,40,455,33,101,0.57,0.51,406,481,211,73,17,19,0.42,0.4,0,0,0
527,186,122,63,46,0.13,0.5,302,366,47,43,97,17,0.85,0.4,2,1,0
350,343,132,55,58,0.98,0.72,538,80,128,52,51,13,0.64,0.6,5,0,0
757,250,252,71,39,0.5,0.76,622,492,272,61,67,5,0.91,0.6,0,0,1
229,192,360,36,102,0.81,0.68,104,433,250,33,51,19,0.98,0.6,1,1,1
358,101,454,53,62,0.06,0.45,204,301,217,59,28,8,0.69,0.6,0,0,1
177,131,72,46,56,0.17,0.71,354,111,251,33,34,8,0.57,1.0,2,1,1
754,204,81,67,72,0.36,0.97,581,133,91,65,0,25,0.78,0.8,2,0,1
475,12,120,42,8,0.82,0.76,979,90,56,58,46,25,0.87,0.9,0,0,0
164,289,128,33,29,0.59,0.76,319,424,54,34,25,8,0.82,0.6,3,0,0
281,102,315,37,26,0.39,0.63,791,374,285,80,51,4,0.49,1.0,3,0,0
252,343,208,61,18,0.91,0.65,134,588,282,32,97,17,0.98,0.6,0,1,1
123,74,101,42,24,0.86,0.77,151,181,65,61,15,23,0.35,0.4,0,1,1
305,24,176,43,19,0.35,0.58,390,563,35,60,77,10,0.67,0.6,0,0,0
201,36,489,57,17,0.17,0.57,262,305,175,64,24,0,0.58,0.6,0,0,1
215,167,466,74,71,0.57,0.81,863,280,249,34,42,15,0.69,0.4,3,0,1
580,42,339,78,89,0.01,0.39,842,405,162,62,113,1,0.39,0.9,0,0,1
193,366,310,66,118,0.37,0.6,355,269,58,53,46,25,0.7,1.0,5,1,1
666,22,177,72,8,0.15,0.85,701,54,168,50,77,4,0.58,0.6,3,0,1
77,373,156,60,10,0.9,0.64,119,503,181,79,102,13,0.45,0.6,3,0,0
722,63,494,36,25,0.15,0.48,316,575,182,57,34,14,0.46,0.9,5,0,0
717,248,163,33,20,0.11,0.91,201,537,145,41,72,1,0.77,0.6,2,0,0
174,170,96,36,3,0.48,0.78,302,236,159,71,62,3,0.92,0.4,10,1,0
186,256,336,75,99,0.1,0.64,429,532,132,72,11,12,0.94,0.6,3,1,0
762,127,293,36,57,0.31,0.67,643,224,126,72,88,12,0.8,1.0,5,1,0
68,394,175,34,114,0.16,0.33,629,431,238,64,120,20,0.69,0.4,1,1,0
298,67,34,59,76,0.78,0.98,334,545,227,61,51,7,0.84,0.6,3,0,0
568,269,342,78,58,0.32,0.31,416,504,30,64,24,10,0.87,1.0,0,0,1
78,229,248,47,27,0.31,0.67,512,217,202,73,20,10,0.94,1.0,3,0,0
396,46,50,41,58,0.9,0.61,868,501,89,48,63,3,0.48,0.9,1,1,0
93,221,476,64,55,0.31,0.34,495,262,198,76,48,3,0.78,0.8,2,0,0
142,234,53,38,104,0.22,0.75,603,578,271,74,50,17,0.74,0.4,0,1,0
106,205,159,58,103,0.91,0.33,126,255,206,38,61,19,0.53,0.9,2,0,1
128,228,187,30,81,0.96,0.79,140,41,188,49,2,3,0.67,0.4,2,0,1
306,345,418,46,116,0.88,0.63,267,512,186,46,116,5,0.81,1.0,3,0,1
92,86,456,70,23,0.2,0.98,968,103,89,52,74,11,0.37,0.9,5,0,1
410,86,293,35,6,0.55,0.64,959,359,89,74,14,6,0.61,0.4,5,1,0
497,327,465,76,58,0.37,0.88,797,72,284,73,88,19,0.45,0.6,3,0,1
233,249,231,54,95,0.73,0.73,693,44,212,54,105,8,0.5,0.9,0,1,1
119,182,99,70,102,0.22,0.76,871,598,177,59,42,2,0.79,1.0,5,1,0
416,310,459,51,120,0.4,0.42,136,81,152,56,9,5,0.31,0.6,5,0,1
322,47,433,68,94,0.71,0.53,940,239,228,39,98,15,0.5,0.6,0,1,1
413,45,451,58,43,0.24,0.99,861,221,15,65,66,6,0.4,0.8,2,0,1
735,116,74,56,25,0.83,0.99,376,423,247,45,2,21,0.54,1.0,1,0,1
255,325,174,43,59,0.32,0.97,923,510,55,60,43,1,0.8,0.6,2,0,0
505,249,175,47,18,0.46,0.65,330,423,33,68,1,25,0.47,0.8,5,0,0
435,195,455,30,85,0.72,0.85,405,546,87,52,46,2,0.31,0.6,0,0,1
727,219,375,80,106,0.3,0.88,299,130,112,70,86,16,0.38,0.4,3,1,1
188,38,91,52,63,0.22,0.41,828,489,14,65,23,23,0.9,0.4,5,0,0
467,394,177,58,105,0.23,0.92,773,179,21,42,92,2,0.45,0.6,5,1,1
718,166,73,64,16,0.04,0.96,407,518,88,48,107,0,0.9,0.9,2,1,1
354,165,382,42,6,0.84,0.4,683,523,289,30,72,9,0.54,0.6,0,0,0
754,392,201,44,8,0.27,0.69,699,188,139,74,67,0,0.86,0.4,5,0,0
417,284,175,45,55,0.7,0.62,698,519,113,41,0,20,0.65,1.0,2,0,1
201,359,349,57,31,0.01,0.61,265,378,167,43,61,2,0.55,0.4,5,0,0
620,391,233,57,118,0.89,0.65,818,326,160,48,102,0,0.94,0.8,10,1,0
277,128,347,43,51,0.2,0.43,213,497,243,38,61,2,0.58,0.8,5,1,0
771,279,55,37,30,0.45,0.39,189,369,120,69,15,23,0.85,1.0,2,1,0
711,130,325,37,90,0.99,0.82,845,94,129,49,58,15,0.41,0.9,1,0,1
551,209,94,73,51,0.18,0.32,133,581,191,66,108,16,0.46,1.0,0,0,1
716,93,234,77,72,0.04,0.45,138,589,230,33,43,9,0.55,0.9,0,1,1
799,97,177,36,93,0.65,0.35,812,351,126,40,100,4,0.67,0.8,2,1,0
730,300,418,43,87,0.08,0.32,788,121,273,38,57,11,0.69,1.0,5,1,1
751,255,477,41,27,0.86,0.72,956,455,49,56,29,25,0.98,0.6,10,0,0
516,378,95,50,90,0.86,0.5,771,162,270,69,30,13,0.31,0.4,2,1,0
118,316,54,62,19,0.54,0.41,348,348,34,32,23,6,0.9,1.0,3,1,0
443,200,307,39,63,0.99,0.81,381,142,233,30,57,14,0.41,0.8,5,1,1
114,110,350,50,24,0.88,0.61,815,126,32,68,110,21,0.52,0.4,0,0,0
498,197,477,49,64,0.54,0.58,594,272,193,54,3,4,0.81,0.9,1,0,1
513,231,407,45,107,0.82,0.89,427,203,202,65,119,19,0.91,0.8,0,1,1
339,25,86,61,107,0.95,0.57,623,405,64,30,107,0,0.38,1.0,0,0,1
264,387,295,36,109,0.89,0.91,569,252,195,57,75,4,0.71,0.8,5,1,0
577,17,280,67,63,0.91,0.79,595,259,172,36,117,17,0.72,0.9,10,0,0
303,187,54,53,37,0.94,0.99,804,363,214,48,37,7,0.41,0.6,0,0,0
214,227,229,38,27,0.58,0.55,181,171,24,71,3,0,0.82,0.6,0,0,1
474,182,243,55,19,0.43,0.69,501,128,99,33,51,11,0.84,0.8,5,1,1
601,259,343,52,69,0.26,0.31,239,584,18,80,88,5,0.45,0.8,0,0,1
206,367,270,61,7,0.41,0.64,653,250,234,61,77,24,0.7,0.8,10,1,0
726,115,92,78,78,0.42,0.86,590,582,46,65,9,5,0.49,0.9,0,0,1
782,238,220,32,9,0.56,0.35,437,475,10,40,13,20,0.83,0.4,5,0,0
119,54,285,63,19,0.54,0.48,392,161,127,78,39,1,0.59,0.4,0,1,0
300,311,195,60,95,0.93,0.51,716,371,239,74,110,0,0.86,0.9,0,0,0
643,172,413,59,118,0.83,0.92,772,278,283,75,2,15,1.0,0.8,1,0,1
573,240,312,62,41,0.19,0.94,519,390,228,36,63,12,0.48,0.9,1,0,1
573,196,103,75,108,0.52,0.95,498,136,88,58,111,3,0.68,0.8,0,0,1
528,266,310,77,6,0.95,0.4,278,242,188,61,49,6,0.51,0.8,0,1,1
638,153,289,49,74,0.33,0.75,491,78,155,35,52,12,0.47,0.8,2,0,1
451,344,337,35,1,0.46,0.44,821,445,236,80,12,23,0.83,0.8,10,0,0
345,212,217,79,56,0.58,0.96,596,107,204,77,93,19,0.95,0.8,10,0,0
243,119,437,37,90,0.54,0.89,609,385,190,33,18,14,0.98,0.4,3,0,0
624,205,95,64,43,0.43,0.3,772,598,199,61,82,8,0.91,0.9,10,0,0
600,93,173,40,34,0.76,0.36,770,199,253,55,9,15,0.77,0.9,3,0,0
212,153,44,33,36,0.65,0.85,865,367,116,39,99,15,0.88,0.6,1,1,0
374,196,159,33,10,0.0,0.64,188,212,111,44,109,11,0.45,1.0,1,0,1
460,182,306,40,82,0.51,0.35,826,396,268,65,51,17,0.43,0.4,3,0,0
85,19,251,80,84,0.41,0.82,164,121,54,71,75,7,0.65,0.9,0,0,1
480,389,330,72,24,0.63,0.69,460,289,103,54,110,14,0.9,0.6,1,0,1
752,227,305,34,24,0.92,0.91,729,419,268,56,42,11,0.97,0.4,2,0,0
131,392,477,57,38,0.14,0.68,573,126,124,31,17,6,0.84,0.6,5,1,1
85,191,212,43,50,0.7,0.81,636,371,43,65,55,16,0.97,0.8,3,0,0
679,193,148,39,54,0.14,0.47,852,590,123,45,12,8,0.72,0.4,0,1,0
110,160,203,75,58,0.97,0.76,821,317,93,66,18,3,0.77,0.4,3,0,0
99,26,350,66,2,0.36,0.88,460,319,162,63,31,14,0.36,0.8,0,0,1
418,301,190,50,64,0.95,0.41,533,515,181,31,48,13,0.36,0.6,0,1,1
146,329,445,40,38,0.4,0.46,930,490,111,47,18,3,0.86,0.6,0,0,0
333,176,328,45,100,0.58,0.63,167,439,217,78,108,12,0.94,1.0,0,1,0
583,325,322,51,119,0.2,0.91,548,198,236,39,31,15,0.74,1.0,0,0,1
245,166,461,72,36,0.55,0.31,936,161,226,62,106,5,0.75,0.4,0,1,0
305,218,304,59,65,0.1,0.73,434,279,252,43,39,0,0.59,0.4,3,0,1
166,244,126,49,100,0.01,0.97,702,284,79,72,110,3,0.49,0.4,0,0,0
418,73,249,56,3,0.42,0.38,664,68,242,42,110,19,0.92,1.0,10,0,0
195,146,407,69,10,0.49,0.52,904,429,203,74,93,2,0.63,0.6,5,1,0
519,93,406,63,54,0.73,0.83,505,117,167,79,62,17,0.8,1.0,5,0,1
233,25,214,52,76,0.08,0.67,690,242,48,63,50,19,0.7,1.0,0,0,0
156,279,201,60,48,0.11,0.39,442,287,12,42,42,17,0.55,0.6,0,1,0
330,69,328,62,113,0.35,0.87,530,526,21,41,26,6,0.76,0.9,0,1,1
776,99,489,70,71,0.67,0.44,510,397,275,30,3,20,0.51,1.0,3,0,1
90,324,67,33,53,0.46,0.77,627,296,124,48,45,8,0.92,1.0,5,0,0
285,321,234,67,23,0.68,0.94,406,204,138,38,101,5,0.49,1.0,0,1,1
740,265,223,45,94,0.79,0.62,785,81,70,39,86,18,0.46,1.0,5,1,1
159,247,142,51,12,0.63,0.71,487,258,184,66,96,3,0.92,0.4,3,1,0
288,337,324,43,58,0.31,0.42,451,48,47,31,42,20,0.5,1.0,0,0,1
97,292,221,30,28,0.95,0.62,886,294,70,41,54,2,0.92,0.6,5,0,0
179,239,87,75,118,0.26,0.99,548,337,107,65,14,5,0.85,0.6,0,0,0
675,358,33,80,86,0.46,0.64,141,349,39,54,82,4,0.47,0.9,5,0,1
177,390,237,37,52,0.95,0.54,131,272,186,38,114,11,0.5,0.6,0,1,1
246,248,83,66,42,0.95,0.81,501,583,65,60,32,3,0.72,0.8,0,1,1
766,345,155,70,15,0.97,0.82,776,436,226,46,103,9,0.52,0.6,0,1,1
618,335,70,43,44,0.55,0.88,890,594,300,32,114,23,0.32,0.8,0,0,0
786,18,351,48,10,0.05,0.61,865,203,216,47,29,8,0.6,0.8,0,0,1
249,381,321,43,12,0.28,0.92,601,74,62,66,30,1,0.83,1.0,0,1,1
93,340,392,62,93,0.45,0.79,673,515,90,38,84,24,0.44,0.8,1,1,1
522,177,426,41,40,0.97,0.74,221,584,152,36,104,16,0.73,0.6,10,0,0
637,183,180,72,62,0.38,0.57,821,352,241,39,84,12,0.96,0.9,0,1,1
78,370,329,80,94,0.81,0.57,248,491,41,65,57,17,0.35,0.4,0,0,1
491,262,98,73,113,0.12,0.38,130,87,296,55,102,15,0.79,0.8,0,0,1
686,127,175,61,105,0.45,0.51,226,209,251,38,25,20,0.9,0.9,0,1,1
654,316,432,56,66,0.57,0.44,579,147,136,57,1,14,0.77,0.9,0,1,1
723,109,474,63,36,0.32,0.88,109,295,74,76,93,5,0.51,1.0,5,0,1
729,234,146,35,9,0.93,0.51,656,568,259,58,21,24,0.96,1.0,1,1,0
643,145,170,78,19,0.48,0.49,258,213,280,31,56,13,0.54,1.0,2,0,1
280,52,275,68,118,0.76,0.37,498,315,231,61,90,10,0.56,1.0,1,0,1
344,390,284,76,110,0.42,0.62,424,111,169,76,29,1,0.34,1.0,2,1,1
220,180,472,79,75,0.2,0.47,648,233,59,31,97,17,0.97,0.6,1,1,1
476,208,168,39,110,0.97,0.79,774,567,115,76,109,3,0.6,0.4,0,0,0
783,370,122,64,9,0.79,0.87,387,165,210,46,9,14,0.76,0.8,3,0,1
452,327,204,48,55,0.91,0.85,201,552,10,80,66,17,0.62,0.9,0,0,0
59,151,392,51,52,0.87,0.53,523,290,119,72,13,8,0.6,0.8,0,1,0
789,240,227,30,73,0.96,0.88,513,544,62,79,100,20,0.99,1.0,0,0,0
315,89,493,74,72,0.96,0.34,142,134,262,76,53,20,0.7,0.6,10,0,0
646,386,357,53,83,0.94,0.9,764,500,46,53,120,16,0.68,0.8,0,0,1
291,162,62,45,2,0.13,0.9,749,342,183,48,115,14,0.78,0.6,5,1,0
677,134,131,46,28,0.22,0.99,402,193,295,53,108,14,0.53,0.6,0,0,1
365,139,426,33,34,0.7,0.55,691,205,251,77,62,8,0.7,0.8,5,0,0
280,375,100,46,86,0.07,0.58,815,187,209,37,27,19,0.44,0.8,0,0,0
200,157,339,34,13,0.31,0.35,351,72,30,56,59,0,0.5,0.4,3,0,0
623,146,260,37,17,0.28,0.83,537,404,45,38,40,13,0.78,0.9,0,0,1
181,243,329,50,59,0.72,0.79,103,479,39,61,27,10,0.86,0.6,1,1,1
277,395,117,61,65,0.81,0.76,738,399,145,55,91,20,0.8,0.4,0,0,0
698,94,247,63,53,0.32,0.86,711,171,63,60,49,6,0.93,0.4,3,0,1
580,42,265,80,88,0.67,0.98,658,222,210,34,69,23,0.42,0.6,10,1,1
65,156,418,44,36,0.92,0.83,725,171,265,49,74,16,0.39,0.9,3,0,0
527,147,461,40,37,0.53,0.33,928,207,15,39,40,10,0.75,1.0,0,0,1
764,159,107,41,51,0.57,0.52,303,59,35,47,56,2,0.68,0.6,10,1,0
151,283,167,73,54,0.19,0.32,765,236,141,67,19,3,0.94,0.4,3,1,0
644,371,287,61,28,0.49,0.68,530,246,271,60,65,11,0.44,0.6,0,1,1
750,378,260,73,15,0.71,0.56,245,104,118,62,113,19,0.67,1.0,5,0,1
786,321,383,39,68,0.16,0.99,707,566,46,62,89,14,0.62,0.6,0,0,0
719,395,129,70,12,0.29,0.56,183,428,276,58,96,15,0.41,1.0,5,0,1
658,53,349,80,77,0.29,0.51,478,382,18,39,85,23,0.59,1.0,5,0,1
290,270,132,55,16,0.75,0.64,129,214,29,55,9,6,0.62,0.6,10,0,0
487,233,265,55,98,0.26,0.44,326,63,24,55,90,7,0.46,0.8,0,0,1
743,12,296,53,24,0.36,0.34,424,166,212,71,28,9,0.98,0.9,10,0,0
721,302,68,42,83,0.42,0.86,238,134,115,62,111,18,0.63,1.0,1,0,1
528,186,94,49,100,0.71,0.97,824,191,157,39,42,16,0.72,1.0,0,0,1
396,82,387,31,4,0.32,0.9,799,361,221,55,108,22,0.32,0.8,5,1,0
251,202,100,36,35,0.64,0.61,690,72,136,48,113,9,0.66,0.4,2,0,0
454,131,115,53,106,0.55,0.41,370,354,231,77,117,16,0.7,0.8,0,1,0
598,137,298,69,80,0.9,0.78,807,576,258,64,26,12,0.59,0.4,5,1,0
681,165,125,72,10,0.29,0.4,737,558,244,41,77,23,0.89,1.0,5,1,0
447,133,472,43,29,0.89,0.67,118,86,39,59,35,25,0.96,1.0,1,0,1
393,141,228,35,101,0.42,0.69,798,585,284,67,22,22,0.52,0.6,10,1,0
198,22,311,79,118,0.24,0.78,808,475,287,73,44,14,0.99,0.4,5,0,0
522,66,131,69,34,0.55,0.74,575,274,11,62,14,5,0.56,0.9,0,0,1
704,110,155,36,13,0.9,0.76,301,553,251,34,111,22,0.5,0.6,5,0,0
775,200,387,40,95,0.46,0.64,110,252,52,54,58,6,0.67,0.4,0,0,1
335,229,103,59,17,0.21,0.75,612,417,236,61,42,21,0.58,0.4,5,0,0
471,157,425,57,72,0.34,0.68,724,470,18,55,17,24,0.4,0.4,1,0,1
558,280,263,70,68,0.84,0.91,380,147,133,71,56,23,0.77,1.0,1,0,1
195,373,193,33,29,0.81,0.75,365,59,247,34,78,7,0.83,0.8,0,0,1
136,249,387,39,97,0.39,0.59,333,471,271,43,3,23,0.91,0.4,2,0,0
198,33,133,54,31,0.18,0.55,158,239,177,32,27,9,0.36,0.9,0,1,1
665,207,75,44,15,0.97,0.93,892,61,78,55,42,16,0.83,0.4,2,1,0
112,268,158,52,26,0.44,0.97,322,504,14,31,41,7,0.67,0.6,0,1,1
292,106,496,65,96,0.92,0.33,317,351,122,43,13,4,0.4,0.9,10,1,1
153,320,201,38,5,0.28,0.94,499,412,73,30,9,15,0.91,0.8,2,1,0
519,301,156,48,52,0.51,0.87,602,189,197,31,15,8,0.58,1.0,2,0,1
59,261,413,36,75,0.07,0.81,861,185,107,31,49,22,0.68,0.6,1,0,0
768,153,166,72,110,0.92,0.43,531,429,206,44,60,5,0.49,0.9,2,0,1
495,35,500,52,83,0.23,0.97,558,304,265,64,4,18,0.67,0.6,0,0,1
475,359,228,31,75,0.86,0.72,527,280,129,48,106,17,0.51,0.6,2,0,0
743,128,64,42,109,0.08,0.46,334,383,152,61,109,18,0.91,0.4,0,1,0
303,361,329,71,76,0.07,0.72,913,512,12,36,45,21,0.62,0.6,0,1,1
618,66,167,63,43,0.95,0.61,352,306,248,75,16,6,0.67,0.4,5,1,0
69,276,351,34,64,0.91,0.38,762,257,32,39,38,14,0.82,0.8,5,1,0
464,118,421,44,83,0.53,0.4,740,555,182,30,96,1,0.92,0.8,5,1,0
230,129,208,32,10,0.05,0.73,492,468,145,55,102,24,0.85,0.6,0,0,0
228,59,396,66,110,0.83,0.74,356,308,292,68,111,23,0.94,1.0,3,0,0
299,282,130,58,76,0.06,0.8,864,199,285,39,41,9,0.7,1.0,1,0,1
419,261,118,47,44,0.44,0.65,327,510,109,43,50,10,0.7,1.0,1,0,1
750,141,344,47,51,0.84,0.93,795,126,20,60,12,22,0.51,1.0,5,0,1
103,124,298,49,46,0.29,0.97,236,135,198,53,40,6,0.95,0.9,10,0,0
249,202,440,42,7,0.87,0.88,149,429,28,49,16,3,0.53,0.6,0,0,1
639,124,290,80,65,0.49,0.46,799,572,127,31,39,18,0.76,0.6,10,0,0
710,381,421,59,34,0.24,0.87,903,534,59,67,64,7,0.55,1.0,0,1,1
379,279,413,61,21,0.73,0.44,301,548,172,64,94,18,0.89,1.0,5,1,0
260,70,293,43,61,0.34,0.55,242,238,173,49,28,14,0.37,0.6,5,0,1
355,368,153,66,3,0.52,0.72,314,336,139,67,100,1,0.43,0.9,10,1,0
768,81,388,56,86,0.39,0.59,761,406,30,36,23,0,0.62,1.0,0,1,1
321,232,459,80,28,0.56,0.62,566,283,68,33,62,25,0.42,0.4,1,0,1
591,339,468,66,22,0.1,0.49,576,510,106,51,19,16,0.85,0.6,3,0,0
302,302,196,53,110,0.95,0.36,597,477,147,74,118,11,0.82,0.6,10,0,0
681,162,86,72,85,0.73,0.79,789,294,72,54,33,22,0.7,0.4,10,0,0
259,371,435,61,59,0.51,0.93,467,215,269,45,50,21,0.66,0.9,0,0,1
265,279,172,48,57,0.88,0.57,250,274,177,60,82,20,0.54,0.4,3,0,0
517,195,264,37,3,0.81,0.77,520,470,58,80,59,25,0.61,0.6,0,0,0
107,29,287,50,98,0.96,0.63,456,353,272,38,13,24,0.84,0.4,1,0,0
167,314,89,67,57,0.99,0.71,510,351,218,58,109,15,0.45,1.0,5,0,0
180,95,47,60,116,0.48,0.37,934,378,191,77,79,0,0.63,0.8,2,1,0
364,50,78,63,82,0.52,0.35,950,358,296,44,110,21,0.58,1.0,3,0,0
317,299,72,55,3,0.18,0.72,274,588,161,60,79,3,0.3,0.8,0,0,0
599,117,112,44,30,0.07,0.43,131,422,265,36,35,9,0.32,0.9,0,0,1
674,106,100,78,21,0.63,0.35,171,187,169,74,36,24,0.42,0.8,0,1,1
702,133,439,32,94,0.23,0.67,653,134,249,61,93,16,0.97,0.8,3,0,0
408,66,289,57,56,0.49,0.82,720,215,71,44,59,21,0.63,0.8,0,0,1
680,307,344,50,19,0.2,0.81,827,478,279,51,76,19,0.84,0.8,1,0,0
675,352,122,40,118,0.32,0.87,890,51,145,55,72,16,0.49,1.0,2,1,1
312,240,48,79,111,0.19,0.37,719,230,207,67,105,9,0.46,0.4,3,0,0
445,74,457,77,68,0.48,0.9,321,114,266,57,88,24,0.81,0.4,5,0,1
795,286,447,40,80,0.28,0.47,400,359,115,71,6,25,0.64,1.0,10,0,0
626,288,331,70,99,0.16,0.8,425,178,45,74,52,4,0.86,0.8,1,0,1
605,252,296,62,95,0.14,0.46,412,66,25,59,14,10,0.63,1.0,5,1,1
221,324,436,35,69,0.82,0.31,948,324,20,79,1,22,0.48,0.4,3,0,0
504,27,127,77,90,0.73,0.32,377,440,215,48,70,15,0.66,0.8,2,0,1
752,368,42,57,106,0.83,0.51,528,444,76,76,20,4,0.84,0.8,2,1,0
669,71,347,31,91,0.19,0.72,389,66,98,69,97,19,0.57,1.0,10,0,0
138,320,109,39,56,0.88,0.43,253,217,18,32,67,2,0.59,0.8,3,0,0
422,165,413,55,67,0.31,0.95,849,204,235,40,1,2,0.81,0.4,0,1,1
441,317,263,30,94,0.54,0.56,825,529,167,60,11,16,0.68,1.0,5,0,0
687,59,93,42,5,0.55,0.64,447,501,274,74,80,10,0.94,0.6,0,0,0
281,319,70,62,87,0.43,0.31,222,414,147,32,29,16,0.49,0.8,1,0,1
227,46,194,76,98,0.43,0.34,891,180,225,59,90,13,0.84,0.4,1,0,0
211,26,121,36,61,0.79,0.91,495,558,250,38,65,16,0.61,0.6,5,1,0
394,383,97,74,50,0.35,0.72,827,191,135,68,63,12,0.78,1.0,5,0,0
132,145,427,63,38,0.57,0.84,844,48,132,76,101,16,0.65,1.0,1,0,1
376,64,60,69,76,0.87,0.61,719,152,36,73,57,18,0.53,0.9,2,1,1
438,140,239,46,113,0.81,0.77,352,276,81,59,1,4,0.79,0.8,2,0,1
261,222,65,30,34,0.48,0.88,516,460,264,61,43,5,0.78,0.9,2,0,0
178,350,374,43,114,0.19,0.61,241,258,98,30,16,11,0.73,0.8,3,0,1
244,53,81,40,92,0.9,0.84,894,188,103,52,25,4,0.67,0.6,1,0,0
457,18,418,48,75,0.77,0.97,838,408,172,72,49,5,0.64,0.8,10,0,0
275,329,469,75,99,0.04,0.88,428,66,65,52,66,7,0.3,1.0,1,0,1
331,276,291,56,35,0.5,0.64,222,186,216,39,34,14,0.96,0.8,0,1,1
694,49,157,66,32,0.13,0.68,964,125,166,37,46,10,0.74,0.9,0,1,1
186,312,397,50,64,0.6,0.7,957,305,40,37,17,14,0.56,0.8,2,0,1
104,322,212,62,107,0.87,0.84,418,67,59,33,34,12,0.76,0.8,0,0,1
451,306,406,71,50,0.35,0.87,456,297,273,37,38,7,0.83,1.0,2,1,1
627,337,193,36,41,0.96,0.93,953,426,199,42,15,3,0.78,0.4,1,0,0
314,28,271,41,44,0.16,0.71,892,497,254,58,112,20,0.57,0.4,2,0,0
722,234,104,79,51,0.52,0.93,316,314,259,37,61,0,0.87,0.4,0,0,1
65,131,327,50,87,0.39,0.55,790,212,107,69,64,1,0.81,0.8,10,1,0
320,286,357,47,8,0.21,0.87,595,74,226,35,82,3,0.64,0.9,3,1,1
531,321,309,74,73,0.26,0.67,797,600,115,74,63,19,0.63,0.9,2,0,0
226,261,120,74,56,0.9,0.67,941,115,31,71,78,0,0.49,1.0,5,1,0
502,285,499,73,20,0.2,0.43,590,400,278,55,17,10,0.89,0.4,3,0,0
538,342,473,30,6,0.01,0.33,326,498,95,76,116,11,0.56,0.9,2,1,0
768,210,89,31,73,0.79,0.42,365,160,74,68,67,21,0.62,0.6,5,0,0
188,192,404,30,39,0.8,0.39,236,223,142,66,69,11,0.64,0.8,0,0,0
528,278,111,50,40,0.07,0.87,166,300,109,79,101,2,0.57,1.0,2,1,0
571,336,499,62,120,0.36,0.4,847,547,175,35,89,16,0.67,0.6,0,0,1
728,177,249,42,83,0.99,0.76,636,108,80,30,65,5,0.82,1.0,1,0,1
741,284,85,38,98,0.07,0.43,656,96,279,53,119,24,0.39,0.9,3,0,0
715,180,472,59,77,0.13,0.58,288,176,18,34,50,0,0.39,0.4,1,0,1
472,308,428,38,19,0.26,0.38,785,547,160,35,114,4,0.5,0.8,0,0,1
343,223,76,54,70,0.58,0.43,777,177,248,32,110,2,0.58,0.6,2,1,0
578,229,89,69,62,0.75,0.46,256,571,173,72,32,11,0.63,0.4,0,1,1
547,254,167,73,81,0.94,0.74,105,220,226,74,115,18,0.36,0.9,1,0,1
727,159,475,48,119,0.84,0.5,483,563,53,54,30,18,0.99,0.9,3,0,1
671,310,207,36,8,0.6,0.5,697,52,118,68,54,4,0.9,0.6,5,0,0
247,259,438,55,63,0.09,0.81,784,77,251,36,99,7,0.58,0.8,5,0,1
509,327,343,77,81,0.69,0.37,586,513,252,48,93,19,0.65,0.4,0,0,0
616,381,132,70,77,0.63,0.44,971,109,39,34,116,9,0.59,0.9,0,0,1
606,193,499,53,11,0.25,0.34,568,152,215,44,41,18,0.58,0.8,5,0,1
111,368,489,69,41,0.75,0.87,430,486,111,79,105,6,0.61,0.9,0,0,1
581,76,304,47,23,0.37,0.31,548,476,178,48,9,2,0.67,0.6,3,0,0
361,326,265,30,6,0.75,0.59,259,585,107,53,3,12,0.74,0.6,1,0,0
171,139,474,35,2,0.16,0.73,246,225,281,49,54,10,0.84,0.4,0,0,0
730,95,321,39,4,0.24,0.77,604,116,23,32,80,22,0.59,0.9,5,0,1
56,104,197,55,39,0.68,0.54,238,146,141,47,4,10,0.78,0.6,10,0,0
131,331,482,53,6,0.55,0.9,757,124,61,36,3,5,0.53,0.4,5,0,1
464,323,438,35,65,0.27,0.99,441,51,229,57,23,0,0.75,1.0,0,0,1
540,66,251,72,24,0.91,0.69,726,304,150,41,5,16,0.6,1.0,0,0,1
144,362,435,74,44,0.31,0.83,732,405,28,65,50,6,0.64,0.8,0,0,1
134,240,205,75,87,0.11,0.94,813,54,51,58,16,22,0.79,0.9,1,0,1
86,19,218,37,48,0.15,0.52,936,240,80,56,19,3,0.62,0.8,2,0,0
489,318,484,48,117,0.84,0.42,351,127,251,61,46,3,0.82,1.0,0,0,1
476,312,358,65,94,0.2,0.32,125,518,45,56,95,11,0.85,0.8,2,1,1
552,20,449,42,92,0.72,0.57,524,360,264,61,30,15,0.85,0.8,1,1,1
278,260,498,50,21,0.24,0.3,419,161,63,50,25,4,0.71,1.0,0,1,1
667,289,431,78,29,0.06,0.43,195,452,149,46,17,21,0.96,1.0,5,1,1
456,228,423,55,82,0.61,0.35,612,226,78,72,51,19,0.85,0.9,0,0,1
676,266,77,74,0,0.57,0.34,391,574,173,63,30,10,0.41,1.0,3,0,0
333,332,409,39,112,0.69,0.81,524,314,299,68,94,16,0.65,0.8,0,1,1
508,226,113,37,81,0.64,0.89,181,131,137,39,101,0,0.8,0.4,0,0,1
317,134,492,80,89,0.42,0.92,545,308,148,36,29,5,0.43,1.0,10,0,1
581,138,339,36,42,0.37,0.49,765,314,249,42,39,21,0.55,0.8,0,0,1
625,164,331,58,35,0.52,0.55,469,310,36,75,63,6,0.43,0.9,3,1,1
244,223,58,59,106,0.62,0.41,794,466,29,40,74,15,0.45,0.6,3,1,0
517,388,181,69,22,0.8,0.88,490,66,197,67,50,9,0.45,0.8,1,1,1
528,246,397,35,23,0.04,0.89,796,413,268,61,5,3,0.76,0.4,0,1,0
72,36,468,78,57,0.14,0.92,890,59,14,46,97,2,0.79,0.6,3,0,1
429,178,79,48,36,0.05,0.85,175,82,194,68,14,1,0.64,1.0,0,1,1
542,62,118,58,25,0.65,0.73,640,170,184,73,38,1,0.61,0.4,3,0,0
415,325,355,75,77,0.34,0.88,227,288,37,80,90,11,0.7,1.0,1,1,1
771,119,205,63,8,0.76,0.57,438,339,103,44,10,5,0.76,0.6,5,0,0
129,51,315,45,42,0.95,0.8,276,280,146,35,104,10,0.61,1.0,2,0,1
609,153,162,75,15,0.76,0.41,268,512,34,63,41,9,0.34,0.4,3,0,0
681,313,195,53,50,0.83,0.52,526,429,234,65,63,10,0.66,0.4,5,1,0
200,96,183,52,40,0.48,0.54,904,356,275,73,98,14,0.37,0.4,5,1,0
448,182,168,47,34,0.42,0.6,112,126,119,44,107,22,0.75,0.6,1,0,1
409,130,142,54,98,0.27,0.35,344,228,139,45,60,20,0.88,1.0,0,0,1
267,60,262,48,19,0.26,0.53,243,579,237,62,55,22,0.62,0.8,5,0,0
468,257,150,40,33,0.74,0.86,606,508,240,73,118,21,0.58,0.8,0,1,0
246,140,218,63,53,0.36,0.55,245,219,269,78,62,7,1.0,1.0,0,0,0
140,69,189,67,13,0.16,0.8,821,205,88,60,98,16,0.65,0.8,10,1,0
799,46,446,39,46,0.22,0.42,959,53,171,61,49,11,0.8,1.0,0,1,1
539,340,366,75,105,0.6,0.59,714,259,189,44,7,13,0.74,1.0,2,0,1
129,236,118,53,31,0.46,0.34,621,360,51,54,58,6,0.63,1.0,2,0,0
410,247,336,38,92,0.31,0.91,638,361,65,30,4,1,0.83,0.6,0,0,1
256,262,367,43,71,0.69,0.86,730,98,253,66,60,23,0.77,0.4,0,0,1
609,366,290,80,40,1.0,0.92,161,561,100,37,80,8,0.66,0.9,3,0,1
418,165,477,46,14,0.56,0.95,650,183,18,55,25,0,0.31,1.0,5,0,1
345,229,192,79,38,0.21,0.55,594,580,155,63,108,15,0.83,0.4,0,0,0
657,377,159,50,107,0.63,0.3,490,377,263,39,74,8,0.59,1.0,5,0,0
678,84,252,39,102,0.67,0.79,433,322,243,65,116,4,0.5,0.6,0,0,1
575,266,288,62,94,0.33,0.48,463,226,107,66,113,3,0.34,0.9,10,1,0
359,124,70,48,14,0.78,0.76,630,65,43,31,68,21,0.87,1.0,0,0,1
692,46,300,38,119,0.28,0.66,590,273,167,72,95,5,0.52,0.6,10,0,0
258,271,135,57,33,0.08,0.38,519,290,13,32,46,21,0.76,0.4,0,1,0
424,303,186,71,97,0.46,0.41,668,260,95,55,107,12,0.96,0.9,2,1,0
651,262,116,43,73,0.74,0.78,312,388,149,67,87,4,0.62,1.0,10,0,0
542,310,239,64,40,0.74,0.6,129,516,201,67,89,10,0.44,0.4,3,0,1
111,32,356,70,104,0.18,0.82,127,415,168,52,115,22,0.37,0.8,3,0,1
398,174,390,38,110,0.2,0.59,700,233,10,50,49,19,0.81,0.6,3,0,0
116,301,458,30,18,0.45,0.73,920,543,222,51,67,0,0.8,0.8,0,0,0
70,380,259,43,116,0.23,0.84,286,57,238,50,35,22,0.72,0.4,0,0,1
457,111,103,41,56,0.74,0.31,737,584,244,67,33,6,0.43,0.8,0,0,0
504,91,196,67,29,0.97,0.31,381,454,195,48,9,21,0.34,0.9,0,1,1
357,295,118,62,7,0.73,0.7,654,50,24,33,115,18,0.93,0.9,0,1,1
560,233,309,52,115,0.59,0.73,764,452,74,68,3,0,0.58,0.4,1,0,1
51,87,157,78,27,0.63,0.89,329,430,258,68,61,1,0.3,1.0,0,0,1
486,201,69,61,117,0.62,0.58,312,89,23,49,93,15,0.67,1.0,0,0,1
631,131,441,50,38,0.8,0.86,861,512,115,79,70,12,0.93,1.0,1,0,0
453,85,198,76,42,0.42,0.5,119,450,277,38,80,14,0.41,0.9,3,0,1
669,332,219,47,55,0.78,0.58,448,565,169,57,45,21,0.59,0.4,3,1,0
371,143,36,59,13,0.7,0.81,652,210,221,69,107,12,0.4,0.6,1,0,0
169,62,460,30,66,0.98,0.58,687,235,198,50,109,16,0.83,0.4,0,0,0
542,195,442,65,43,0.2,0.58,787,524,193,76,19,19,0.48,0.6,0,0,0
578,59,356,55,52,0.33,0.93,695,413,233,61,32,18,0.8,0.6,0,0,1
445,159,376,44,1,0.56,0.54,750,480,79,71,117,21,0.72,0.8,0,1,0
623,51,152,57,3,0.71,0.41,139,304,57,30,46,13,0.36,0.9,0,0,1
172,375,405,47,97,0.65,0.42,375,278,122,70,59,24,0.52,0.6,3,0,0
523,127,427,70,7,0.2,0.53,723,267,72,78,61,8,0.66,1.0,10,0,0
334,89,199,30,57,0.76,0.98,545,570,226,53,29,19,0.81,0.6,5,0,0
483,122,136,71,14,0.58,0.76,547,598,198,57,24,25,0.76,0.8,2,1,0
362,137,420,55,13,0.79,0.93,752,44,36,48,53,1,0.37,0.6,3,0,1
667,279,153,51,64,0.58,0.8,577,432,284,42,41,0,0.37,0.9,3,0,1
405,35,387,44,11,0.2,0.86,944,455,273,63,30,0,0.44,0.4,5,1,0
528,142,369,62,109,0.98,0.39,424,62,273,34,19,21,0.57,0.4,3,0,1
473,132,96,32,11,0.29,0.32,232,306,162,63,78,9,0.6,0.6,5,0,0
679,90,45,67,91,0.01,0.56,362,525,20,56,56,5,0.47,1.0,5,1,0
58,78,254,47,16,0.4,0.32,978,582,214,39,15,19,0.44,0.8,0,0,0
372,296,108,79,73,0.35,0.35,217,542,45,52,12,9,0.9,0.4,1,0,1
233,53,356,52,22,0.64,0.4,360,399,216,46,84,14,0.67,0.9,1,1,1
80,65,123,74,9,0.87,0.91,125,502,14,56,70,17,0.54,0.9,1,0,1
344,391,128,46,17,1.0,0.42,628,348,196,58,67,16,0.63,0.4,0,0,0
295,119,419,32,71,0.53,0.92,317,296,83,74,108,8,0.89,0.4,0,0,0
105,288,263,45,111,0.73,0.7,423,242,158,62,18,4,0.64,0.8,0,0,1
651,336,271,49,19,0.53,0.59,829,554,180,71,44,2,0.71,0.4,0,0,0
304,135,198,61,34,0.26,0.74,336,550,157,57,0,8,0.71,1.0,2,0,0
629,111,356,71,58,0.65,0.87,320,566,28,30,36,17,0.41,0.8,0,0,1
362,370,217,78,52,0.58,0.32,973,122,159,39,87,25,0.53,0.6,0,0,1
173,244,188,69,71,0.05,0.43,832,96,40,49,61,17,0.41,0.9,2,0,1
702,165,337,30,8,0.05,0.31,311,80,93,47,23,18,0.94,0.6,0,0,1
770,276,212,42,88,0.11,0.77,641,308,257,55,43,6,0.9,0.8,0,0,0
695,188,452,60,93,0.2,0.89,115,166,258,49,21,12,0.49,0.6,0,0,1
175,265,459,44,15,0.94,0.63,678,172,198,40,20,18,0.52,0.6,3,0,1
80,140,277,76,18,0.73,0.98,145,424,280,31,34,24,0.85,0.8,0,0,1
459,325,376,73,56,0.45,0.77,637,175,280,72,73,9,0.94,0.4,0,0,1
494,99,332,32,115,0.64,0.56,456,126,25,74,76,20,0.87,0.4,0,0,1
251,62,191,54,33,0.9,0.43,114,115,253,54,82,16,0.68,0.4,0,0,1
603,124,152,70,55,0.54,0.95,579,534,122,50,76,2,0.77,0.4,10,1,0
590,177,433,59,60,0.91,0.6,487,162,215,43,42,2,0.95,0.8,10,0,1
244,123,334,61,59,0.95,0.92,430,181,216,44,84,16,0.36,0.4,5,1,1
545,110,323,31,56,0.72,0.86,578,358,29,36,68,0,0.97,0.9,5,0,0
136,164,248,38,106,0.93,0.88,767,187,236,31,47,22,0.6,0.4,0,1,1
629,339,416,30,52,0.23,0.8,858,289,220,34,55,8,0.78,0.6,0,0,1
700,372,282,51,71,0.98,0.74,941,173,67,55,58,12,0.63,1.0,2,0,1
314,353,435,62,33,0.14,0.97,117,232,258,62,26,18,0.98,0.6,10,0,0
569,268,427,58,73,0.27,0.31,246,71,95,75,34,23,0.67,0.8,10,0,0
759,54,42,51,109,0.34,0.73,423,599,129,79,101,16,0.8,0.6,0,0,0
411,96,498,46,105,0.6,0.54,862,276,128,71,91,13,0.33,0.9,0,0,1
398,49,260,43,75,0.31,0.75,881,548,152,75,59,4,0.37,0.4,3,0,0
419,36,303,78,86,0.19,0.35,113,46,221,40,102,11,0.92,0.8,2,1,1
552,241,140,59,113,0.54,0.43,656,419,270,40,71,14,0.97,0.9,10,0,0
240,267,47,56,34,0.62,0.54,473,155,183,59,59,5,0.8,0.4,2,0,0
294,206,80,52,65,0.82,0.47,836,236,240,48,53,10,0.63,0.9,1,0,0
427,250,256,32,51,0.07,0.46,677,345,201,76,111,4,0.6,0.6,2,0,0
747,362,58,69,40,0.03,0.63,878,447,121,39,36,15,0.38,0.9,3,1,1
171,98,449,78,89,0.06,0.64,923,92,251,77,24,7,0.7,0.8,0,0,1
725,103,41,50,54,0.29,0.35,959,386,222,33,102,10,0.64,0.6,0,0,0
523,55,182,64,109,0.84,0.45,255,257,202,52,82,15,0.69,0.4,10,0,0
244,194,256,72,14,0.15,0.5,566,199,169,68,76,15,0.7,1.0,0,1,1
367,362,218,30,72,0.59,0.96,748,551,204,66,14,24,0.87,0.6,3,0,0
761,253,412,60,109,0.57,0.99,860,492,82,62,49,2,1.0,0.6,10,0,0
290,157,239,58,35,0.24,0.59,739,454,278,64,116,10,0.6,0.9,1,0,0
673,130,475,44,108,0.93,0.74,934,269,154,61,10,15,0.49,0.9,3,1,1
270,252,74,50,22,0.33,0.97,283,525,123,41,101,18,0.61,0.4,0,0,0
143,367,415,45,36,0.73,0.42,267,399,18,68,77,18,0.34,0.8,0,0,1
562,339,309,54,79,0.84,0.84,688,473,279,70,55,19,0.88,0.4,3,1,0
78,49,419,74,99,0.24,0.36,449,338,191,56,119,19,0.91,0.8,0,0,0
663,35,157,35,77,0.91,0.83,145,163,11,44,41,1,0.81,0.9,0,1,1
137,191,228,50,38,0.11,0.65,269,324,28,56,81,7,0.75,0.4,2,1,0
491,359,283,65,76,0.01,0.4,917,188,91,42,107,25,0.71,0.8,3,0,0
526,29,469,56,89,0.72,0.78,807,172,156,41,9,17,0.64,0.9,3,0,1
323,239,274,67,89,0.58,0.4,362,558,38,75,119,25,0.52,0.8,10,1,0
472,31,451,65,7,0.51,0.58,583,580,270,30,113,21,0.84,0.6,0,0,1
589,166,450,44,56,0.28,0.35,730,97,22,50,111,10,0.3,0.4,0,0,1
332,172,370,48,20,0.32,0.83,575,548,24,71,112,16,0.65,0.6,0,0,0
275,221,103,73,118,0.76,0.38,719,503,60,39,30,7,0.44,1.0,10,1,0
160,250,162,65,87,0.57,0.6,254,364,284,55,72,4,0.87,0.4,0,1,1
177,19,87,48,42,0.58,0.5,900,408,66,75,95,2,0.5,0.6,5,0,0
157,309,489,59,24,0.07,0.58,869,211,241,60,29,14,0.53,0.9,3,1,0
103,133,147,51,75,0.18,0.41,513,295,233,59,110,3,0.31,0.8,3,0,0
308,385,359,34,69,0.54,0.54,384,282,276,60,45,13,0.87,0.9,0,0,1
65,358,118,68,89,0.55,0.7,588,73,45,32,75,19,0.74,0.8,2,0,1
301,221,443,62,88,0.63,0.31,995,458,135,80,9,7,0.63,0.4,5,1,0
161,232,435,65,93,0.55,0.94,779,247,248,40,111,10,0.32,0.8,3,1,1
308,208,182,33,47,0.73,0.74,759,212,273,47,16,5,0.76,0.6,0,0,0
389,10,334,77,68,0.04,0.76,330,249,138,38,11,15,0.9,0.8,2,0,1
781,48,375,60,69,0.11,0.79,586,506,116,50,58,0,0.38,0.9,0,0,1
140,90,472,58,117,0.18,0.53,741,507,47,72,74,13,0.39,0.6,5,1,0
773,74,148,76,57,0.27,0.72,934,412,135,62,6,16,0.8,0.6,0,1,0
715,232,235,33,18,0.29,0.94,390,509,171,46,36,8,0.41,1.0,0,0,1
661,10,469,43,38,0.05,0.43,224,348,227,35,68,20,0.6,0.4,10,0,0
425,20,254,70,12,0.18,0.65,975,563,220,50,96,22,0.53,0.8,2,0,0
669,128,275,80,107,0.23,0.55,817,202,211,51,91,10,0.77,0.8,5,1,0
123,93,374,42,1,0.01,0.72,435,505,53,77,115,17,0.33,0.8,2,1,0
741,105,462,77,120,0.92,0.82,443,81,89,59,27,23,0.84,0.4,10,0,1
93,304,303,71,58,0.86,0.31,418,56,148,48,52,23,0.63,0.4,0,1,1
216,96,72,79,71,0.78,0.92,882,545,176,57,69,11,0.66,0.8,10,0,0
133,171,252,44,50,0.63,0.74,211,54,205,45,72,24,0.72,1.0,0,0,1
767,173,43,75,93,0.06,0.68,313,171,281,74,12,0,0.97,1.0,2,0,0
428,357,496,39,95,0.18,0.51,901,186,23,47,106,9,0.42,0.4,2,0,1
377,108,175,52,100,0.25,0.67,980,377,182,33,31,1,0.77,0.6,0,0,0
271,356,294,33,35,0.92,0.93,209,312,149,80,24,20,0.95,0.8,5,0,0
642,83,433,53,74,0.34,0.83,172,303,108,49,99,14,0.41,1.0,5,0,1
766,63,368,49,46,0.98,0.83,714,534,144,49,6,14,0.5,0.9,5,0,1
196,286,47,54,89,0.25,0.57,657,334,36,52,69,18,0.6,1.0,3,1,0
204,161,165,64,83,0.01,0.44,514,584,172,35,64,18,0.69,0.6,10,0,0
175,232,255,57,28,0.27,0.92,816,110,275,40,15,3,0.93,0.6,5,0,0
507,87,410,51,25,0.96,0.95,304,260,139,73,118,8,0.37,0.6,10,0,0
107,247,223,68,63,0.91,0.3,135,208,116,39,85,9,0.41,0.6,3,0,1
593,58,329,41,120,0.42,0.73,231,234,218,64,77,19,0.33,0.6,5,1,1
657,100,460,69,67,0.94,0.66,267,414,22,50,50,21,0.54,1.0,10,1,1
579,84,240,74,11,0.9,0.88,204,416,224,40,24,16,0.62,0.6,3,0,1
170,373,150,37,70,0.38,0.73,924,478,275,45,84,16,0.93,1.0,1,0,0
200,42,105,74,84,0.33,0.9,263,71,193,80,44,4,0.98,1.0,5,1,1
56,320,326,64,110,0.73,0.51,130,325,205,53,87,2,0.43,1.0,1,0,1
508,121,416,71,113,0.89,0.69,461,283,202,37,105,13,0.98,0.4,5,0,1
269,357,164,31,27,0.42,0.68,573,262,154,35,108,11,0.93,0.6,10,0,0
673,397,401,30,63,0.9,0.47,233,176,55,35,92,25,0.53,0.9,10,1,1
463,137,454,38,58,0.54,0.81,472,391,47,74,87,6,0.57,0.8,1,1,1
503,110,366,68,107,0.34,0.71,102,161,200,60,100,7,0.59,0.8,0,1,1
515,209,271,48,38,0.9,0.72,598,497,171,78,9,7,0.49,1.0,1,0,1
383,167,255,48,2,0.62,0.69,688,501,278,71,15,18,0.48,0.4,5,1,0
275,284,86,71,67,0.17,0.34,1000,362,200,72,49,15,0.81,0.8,2,0,0
145,334,116,39,88,0.81,0.51,102,321,202,80,98,12,0.82,0.8,10,0,0
755,398,120,37,118,0.46,0.37,926,374,131,76,46,3,0.68,0.4,5,1,0
410,112,390,39,23,0.64,0.76,721,197,20,69,112,25,0.32,0.6,0,0,1
566,30,419,32,44,0.45,0.79,833,258,238,35,40,0,0.71,0.4,0,0,1
310,180,463,53,2,0.15,0.53,212,292,231,36,76,3,0.61,0.8,5,0,1
496,101,418,54,39,0.82,0.8,260,482,264,77,67,9,0.46,0.6,2,0,1
680,60,84,78,64,0.38,0.72,266,577,217,40,70,21,0.86,0.9,0,0,1
99,24,205,80,58,0.21,0.71,123,378,191,66,69,9,0.48,1.0,0,0,1
515,195,304,60,25,0.58,0.86,287,348,98,42,117,4,0.41,0.9,0,0,1
527,223,322,34,2,0.96,0.38,616,551,268,47,65,5,0.77,0.9,3,0,0
615,150,325,44,56,0.14,0.99,566,524,24,33,17,0,0.66,0.9,3,0,1
298,67,100,56,10,0.17,0.87,429,58,192,59,64,0,0.48,0.9,10,0,0
272,324,275,31,72,0.22,0.76,562,431,144,33,115,22,0.51,1.0,3,1,0
391,160,305,49,65,0.02,0.76,956,292,13,56,80,1,0.5,0.9,3,1,1
726,222,193,33,69,0.78,0.67,714,242,275,77,53,23,0.84,0.6,0,1,0
739,312,486,41,48,0.36,0.45,939,136,296,63,2,0,0.68,0.9,10,1,0
396,44,52,46,94,0.98,0.49,398,435,205,66,33,4,0.6,0.4,1,1,0
626,273,112,55,103,0.95,0.63,319,160,31,63,21,4,0.55,0.8,0,0,1
642,132,321,45,112,0.82,0.91,129,70,111,73,18,11,0.98,0.6,5,0,1
775,194,33,37,31,0.38,0.39,581,232,137,58,61,1,0.5,0.9,5,0,0
79,19,311,60,28,0.45,0.55,624,468,243,39,49,15,0.77,0.6,10,1,0
481,206,61,54,111,0.93,0.55,451,516,55,61,51,12,0.58,1.0,3,0,0
64,231,99,45,117,0.77,0.92,217,574,200,68,58,9,0.32,0.6,0,0,0
484,223,304,64,29,0.36,0.95,128,550,224,30,71,10,0.81,0.8,0,0,1
111,368,378,62,71,0.65,0.89,298,76,129,56,93,5,0.49,0.6,0,1,1
605,26,160,37,75,0.49,0.87,915,104,68,40,74,19,0.65,0.6,0,0,1
64,103,341,51,41,0.27,0.99,643,213,156,76,108,16,0.81,1.0,5,0,0
126,38,54,74,40,0.97,0.85,389,518,256,72,9,13,0.65,1.0,0,1,0
484,245,387,64,38,0.3,0.89,684,129,75,65,12,7,0.89,0.8,10,1,0
575,44,426,34,65,0.78,0.74,241,81,290,48,18,21,0.69,0.6,3,0,1
79,204,222,36,56,0.51,0.39,734,346,159,79,71,12,0.59,0.4,2,1,0
630,176,477,75,11,0.44,0.76,769,193,282,40,119,6,0.93,0.6,1,1,1
574,81,485,62,90,0.9,0.72,156,378,228,72,80,8,0.94,0.8,0,0,1
80,363,241,68,6,0.48,0.74,827,476,149,55,51,12,0.44,0.4,3,0,0
318,194,340,58,6,0.02,0.79,868,124,52,68,108,15,0.92,0.6,5,0,0
242,94,391,67,88,0.22,0.56,932,123,297,48,77,9,0.57,0.4,2,0,0
260,286,346,54,35,0.09,0.41,375,154,92,46,111,20,0.99,0.4,0,1,1
464,297,152,60,111,0.61,0.81,223,406,223,54,38,24,0.64,0.4,10,0,0
116,266,61,35,115,0.82,0.49,478,591,178,47,28,25,0.88,0.4,0,1,0
634,49,438,61,78,0.79,0.94,267,271,273,63,26,22,0.47,0.4,5,1,1
783,135,378,73,107,0.16,0.58,935,113,183,50,74,11,0.46,0.8,0,1,1
493,52,165,48,68,0.02,0.82,291,304,58,46,2,19,0.76,0.6,0,0,1
761,181,243,74,36,0.52,0.9,613,252,298,42,98,21,0.79,0.8,0,0,1
105,302,471,79,35,0.29,0.56,679,417,161,79,75,12,0.64,0.9,0,0,0
681,72,321,59,111,0.47,0.6,124,471,111,71,26,18,0.34,0.8,10,0,1
598,263,392,34,98,0.27,0.81,136,456,99,39,108,17,0.54,0.6,0,0,1
51,135,341,77,53,0.1,0.55,826,135,169,73,74,8,0.91,0.8,1,1,0
615,73,215,77,93,0.69,0.47,853,550,279,44,40,7,0.88,0.6,3,0,0
793,269,283,33,77,0.76,0.51,622,135,129,32,62,7,0.71,0.9,5,0,1
599,176,249,45,99,0.39,0.93,642,573,210,59,62,2,0.4,0.8,2,1,1
648,156,352,69,84,0.05,0.96,473,468,63,36,42,11,0.64,1.0,0,0,1
320,190,38,71,91,0.31,0.68,451,116,24,72,31,9,0.96,1.0,1,1,1
569,89,403,50,112,0.79,0.6,669,599,28,47,53,10,0.81,1.0,3,1,1
660,252,425,49,29,0.69,0.99,961,339,117,54,35,20,0.45,0.4,0,1,1
526,83,440,74,95,0.81,0.87,919,344,215,57,25,20,0.92,0.8,2,0,1
314,140,497,68,39,0.8,0.76,361,215,106,41,63,5,0.83,0.4,2,1,1
303,152,82,61,17,0.87,0.78,622,416,245,40,1,3,0.44,0.4,5,0,0
575,56,389,50,35,0.98,0.62,664,63,233,79,50,1,0.78,1.0,0,0,1
122,117,78,45,2,0.02,0.88,967,43,171,38,99,25,0.72,0.4,0,1,0
441,101,107,55,47,0.4,0.67,112,368,275,39,91,19,0.98,0.9,10,1,0
256,66,356,75,90,0.2,0.51,608,238,106,71,23,17,0.5,0.4,1,0,0
799,142,460,38,69,0.6,0.53,209,495,64,75,106,8,0.51,0.8,0,0,1
52,264,142,32,27,0.64,0.73,768,71,86,61,24,5,0.95,0.6,5,0,0
202,100,129,58,73,0.09,0.83,122,381,13,75,81,8,0.37,1.0,0,1,1
324,320,45,34,90,0.3,0.49,486,483,229,57,86,6,0.38,0.9,0,0,0
502,192,283,34,38,0.22,0.56,278,345,253,41,10,3,0.82,1.0,10,1,0
173,79,234,57,65,0.21,0.62,436,473,54,60,66,5,0.55,0.9,5,1,0
459,194,72,38,77,0.53,0.48,698,172,216,58,50,9,0.55,0.6,0,1,0
418,252,53,42,25,0.77,0.3,729,322,220,59,76,18,0.31,0.9,2,1,0
441,23,79,65,48,0.41,0.6,835,362,15,51,101,13,0.76,0.8,3,0,0
381,146,319,76,92,0.86,0.34,989,589,51,30,56,13,0.98,0.9,2,0,1
677,103,129,53,101,0.12,0.53,978,163,172,40,32,15,0.79,0.8,0,0,1
306,210,149,74,71,0.79,0.85,512,230,90,72,27,7,0.86,0.9,0,0,1
163,371,279,65,71,0.53,0.84,542,483,101,70,38,11,0.59,0.4,1,0,0
295,307,323,38,7,0.11,0.85,289,481,134,64,52,6,0.94,0.9,0,0,0
659,59,157,43,43,0.29,0.81,463,352,251,55,28,24,0.76,0.9,1,1,0
719,388,54,50,52,0.82,0.73,709,352,141,69,116,4,0.5,0.8,5,1,0
562,355,104,36,19,0.25,0.84,491,195,213,66,112,14,0.52,0.9,10,1,0
68,261,279,42,108,0.24,0.5,382,109,75,34,38,25,0.49,0.8,5,0,0
494,104,333,60,79,0.05,0.5,553,234,134,77,90,17,0.34,0.8,2,0,1
630,217,111,47,33,0.63,0.97,306,295,14,64,37,10,0.41,0.8,0,0,1
690,397,480,77,22,0.86,0.65,926,291,187,34,93,8,0.38,0.6,2,1,1
535,368,459,50,23,0.14,0.38,901,103,121,79,36,16,0.46,0.8,10,0,0
294,68,116,53,89,0.45,0.78,115,571,149,74,70,18,0.88,0.9,0,1,1
124,326,309,79,115,0.37,0.89,756,394,13,66,24,24,0.79,0.8,2,0,0
53,137,443,66,52,0.45,0.98,890,207,260,53,65,23,0.62,0.8,1,1,0
739,197,144,54,38,0.1,0.6,181,143,208,34,0,15,0.87,0.6,5,1,1
85,207,136,31,118,0.97,0.5,931,174,127,69,109,9,0.82,0.6,2,0,0
695,74,239,61,18,0.02,0.54,580,565,11,75,66,14,0.64,0.4,10,1,0
568,65,274,63,104,0.09,0.55,194,240,49,35,53,16,0.9,0.9,5,1,1
574,19,309,31,22,0.79,0.72,472,263,144,51,2,22,0.62,0.9,1,0,1
537,395,64,62,89,0.6,0.84,144,92,294,56,1,25,0.89,0.8,5,1,1
722,119,172,30,37,0.61,0.33,827,260,91,56,115,20,0.62,1.0,0,0,0
423,302,86,44,70,0.05,0.5,752,545,29,43,83,16,0.9,1.0,0,0,0
540,315,256,72,3,0.36,0.96,736,594,244,76,96,8,0.34,0.4,0,0,1
299,170,157,51,96,0.36,0.75,144,337,261,80,0,14,0.38,0.6,0,0,1
687,41,463,47,59,0.7,0.97,360,456,121,74,93,24,0.64,0.4,0,1,1
153,284,393,31,83,0.51,0.31,309,245,168,36,109,2,0.58,0.6,10,1,0
180,68,116,71,26,0.02,0.71,492,320,25,57,59,8,0.3,0.4,0,0,0
610,181,336,79,115,0.15,0.81,364,163,49,46,10,17,0.36,0.9,0,0,1
640,287,189,33,69,0.64,0.31,776,45,98,79,74,18,0.43,1.0,5,0,0
161,73,197,71,86,0.73,0.9,844,119,173,50,83,9,0.57,0.8,1,0,1
448,197,140,31,45,0.24,0.48,548,110,225,50,50,4,1.0,0.8,1,0,0
648,307,279,78,49,0.84,0.49,278,587,18,39,94,19,0.66,1.0,10,0,0
613,88,201,69,78,0.22,0.93,607,102,132,65,50,12,0.37,0.9,0,0,1
219,354,481,47,46,0.19,0.36,492,515,136,34,66,17,0.5,0.9,10,0,0
585,287,394,43,49,0.36,0.46,256,228,140,41,110,19,0.54,0.8,10,1,0
699,111,346,42,2,0.22,0.47,868,544,299,73,93,13,0.64,0.4,1,0,0
125,282,212,70,94,0.7,0.93,923,80,189,42,49,12,0.5,0.9,0,0,1
84,122,500,73,49,0.82,0.8,601,144,43,63,20,25,0.79,0.6,1,0,1
332,169,460,72,78,0.68,0.86,232,327,51,66,88,14,0.72,0.4,10,1,0
257,277,80,70,36,0.41,1.0,255,331,292,57,26,11,0.99,0.6,10,0,0
517,323,192,64,53,0.31,0.53,692,111,287,37,19,21,0.44,1.0,2,0,1
541,206,490,33,94,0.61,0.64,945,333,174,54,117,0,0.65,1.0,2,0,1
326,49,301,39,101,0.01,0.7,759,228,201,65,0,17,0.9,0.9,0,0,0
287,165,408,43,26,0.24,0.45,380,596,85,38,77,22,0.61,0.4,10,0,0
200,325,292,61,49,0.26,0.62,797,309,117,41,26,4,0.68,0.9,0,1,1
347,77,328,78,51,0.09,0.39,945,144,114,59,38,8,0.56,0.9,1,1,1
86,372,321,39,24,0.78,0.33,207,101,266,40,49,25,0.48,0.6,10,0,0
678,317,492,47,4,0.62,0.78,207,529,115,64,8,4,0.74,0.8,0,0,1
274,65,465,33,111,0.85,0.63,703,361,163,46,89,3,0.55,0.8,0,0,1
631,388,55,39,64,0.74,0.66,533,296,45,63,107,10,0.56,0.4,0,1,0
728,351,311,68,56,0.78,0.46,125,524,179,63,89,19,0.6,0.8,0,0,1
593,303,223,36,51,0.99,0.85,343,515,27,71,87,16,0.38,0.9,5,0,0
586,243,257,68,67,0.64,0.35,549,204,60,62,8,5,0.43,1.0,0,0,1
80,75,243,54,102,0.99,0.55,266,242,177,55,24,1,0.76,0.9,3,0,0
305,85,319,57,112,0.93,0.52,445,298,40,44,19,9,0.53,1.0,0,0,1
438,60,111,40,112,0.43,0.41,368,548,208,34,84,2,0.67,0.4,10,0,0
229,331,416,51,10,0.1,0.85,164,330,192,76,55,14,0.46,0.8,0,1,1
725,216,198,53,13,0.06,0.94,589,587,56,30,38,6,0.72,0.9,2,1,1
599,217,57,74,105,0.3,0.73,158,588,250,37,30,7,0.85,0.6,5,0,1
389,343,123,44,101,0.62,0.58,322,498,58,61,10,9,0.44,1.0,3,0,1
192,142,161,32,89,0.51,0.31,106,136,269,80,81,22,0.49,0.6,0,1,0
530,317,101,58,52,0.34,0.58,514,148,130,72,35,23,0.64,0.6,0,0,1
416,362,500,78,15,0.8,0.55,657,512,273,74,17,12,0.46,0.8,0,1,1
624,249,461,37,56,0.01,0.78,774,590,168,73,33,2,0.53,1.0,0,1,0
744,317,342,79,102,0.41,0.39,803,494,127,75,75,16,0.99,0.6,0,1,1
265,103,231,78,6,0.47,0.98,553,360,291,78,7,10,0.44,1.0,0,1,1
769,382,455,61,104,0.57,0.72,589,561,205,60,60,16,0.74,0.8,5,0,1
72,211,186,78,34,0.64,0.43,967,558,118,52,62,9,0.77,0.9,1,0,0
662,203,139,34,92,0.78,0.54,601,404,107,78,32,9,0.56,0.9,5,1,0
55,200,32,74,118,0.83,0.39,513,540,119,68,25,14,0.85,0.9,0,0,0
622,193,105,47,27,0.87,0.49,617,427,71,35,10,16,0.49,0.6,10,0,0
285,201,42,34,116,0.76,0.34,655,350,119,59,20,7,0.57,0.4,0,1,0
676,80,365,41,20,0.75,0.68,585,555,153,56,117,18,0.43,1.0,3,0,1
360,290,225,78,69,0.07,0.53,327,86,213,77,11,20,0.37,0.8,0,0,1
305,271,434,74,47,0.34,0.85,576,322,71,75,99,2,0.75,1.0,1,0,1
119,354,494,43,1,0.46,0.74,707,547,274,75,54,3,0.42,0.6,0,0,0
749,198,366,43,40,0.33,0.36,778,160,134,61,46,9,0.83,0.8,2,0,0
616,241,344,76,13,0.26,0.59,475,337,136,40,2,13,0.4,0.6,0,1,1
321,257,151,57,102,0.21,0.68,990,78,171,45,59,24,0.84,1.0,3,0,0
717,93,206,76,24,0.92,0.88,841,371,259,72,0,8,0.39,0.4,5,1,0
636,71,123,48,97,0.64,0.59,965,273,195,61,72,13,0.6,0.6,1,0,0
452,87,359,40,57,0.18,0.35,338,356,55,35,9,19,0.71,0.9,3,0,1
310,356,425,31,116,0.06,0.99,333,413,224,73,114,19,0.52,0.8,10,0,0
191,281,298,38,63,0.24,0.42,542,67,269,57,111,16,0.4,0.4,1,0,0
251,364,387,41,80,0.37,0.54,221,410,108,59,20,19,0.73,0.9,1,0,1
789,303,213,34,93,0.54,0.35,201,475,283,37,27,8,0.83,0.8,0,0,1
349,237,393,32,21,0.74,0.96,535,514,182,58,103,7,0.62,0.8,10,0,0
645,326,275,74,94,0.7,0.87,201,539,80,74,82,19,0.67,0.4,0,1,1
549,355,495,64,84,0.54,0.72,353,250,78,66,16,4,0.58,0.9,0,0,1
459,186,150,46,25,0.87,0.7,154,128,214,49,36,5,0.66,1.0,3,1,1
764,258,310,61,25,0.39,0.67,947,491,32,57,34,2,0.64,0.8,5,0,0
572,373,119,41,91,0.41,0.87,666,362,273,73,108,12,0.93,1.0,10,0,0
381,386,345,76,53,0.59,0.66,214,168,115,75,55,25,0.43,1.0,5,1,1
265,231,348,46,83,0.47,0.98,488,151,185,44,73,16,0.57,0.8,10,0,0
773,156,140,62,25,0.67,0.83,469,276,14,46,38,6,0.55,0.4,1,0,1
800,219,288,64,27,0.86,0.47,603,373,213,47,3,16,0.45,0.6,0,0,1
595,239,187,70,3,0.17,0.53,810,190,89,72,12,3,0.42,0.9,5,0,0
648,86,232,45,57,0.16,0.4,149,175,66,51,42,2,0.33,0.6,5,0,1
133,287,304,39,109,0.68,0.95,334,53,114,49,11,17,0.52,0.4,2,0,1
606,182,465,60,39,0.14,0.35,747,250,110,70,0,7,0.99,0.6,0,0,0
170,121,441,48,10,0.54,0.58,552,318,247,35,96,10,0.64,0.8,0,1,1
132,277,244,64,47,0.03,0.54,803,208,123,36,28,11,0.77,0.9,0,0,0
72,154,243,62,90,0.24,0.92,754,201,185,49,52,16,0.65,0.4,10,0,0
124,346,37,63,44,0.47,0.31,448,116,51,67,21,21,0.31,0.4,0,1,0
66,192,429,46,26,0.06,0.35,896,553,145,80,93,14,0.63,0.8,10,0,0
414,232,210,48,45,0.58,0.73,460,167,25,52,4,18,0.83,0.6,3,1,1
480,329,325,74,19,0.35,0.68,947,305,294,62,96,20,0.44,0.6,0,0,1
387,101,251,40,54,0.95,0.57,323,104,209,40,110,22,0.56,0.4,5,0,0
736,153,265,76,44,0.24,0.64,354,247,234,71,82,11,0.94,0.8,1,1,1
486,85,448,43,97,0.17,0.32,996,420,298,76,1,17,0.79,1.0,10,0,0
132,166,464,61,24,0.56,0.44,797,130,68,76,110,16,0.96,0.8,0,1,0
482,298,168,53,41,0.54,0.97,784,492,144,48,65,8,0.52,0.9,10,0,0
229,183,127,56,12,0.82,0.37,920,542,257,48,66,21,0.58,0.6,0,0,0
224,221,439,30,69,0.24,0.5,272,136,260,71,114,20,0.88,0.6,0,1,0
243,304,428,65,48,0.56,0.38,227,304,218,40,7,10,0.59,0.4,3,1,1
723,239,63,59,34,0.46,0.66,946,117,154,59,109,14,0.35,0.6,2,1,0
450,335,394,52,115,0.74,0.89,341,471,205,45,116,25,0.72,0.8,3,0,1
83,301,290,61,46,0.94,0.41,720,304,50,51,65,1,0.37,0.4,5,1,0
551,209,419,36,97,0.84,0.87,324,476,69,80,8,4,0.96,0.8,2,1,1
627,171,309,73,93,0.67,0.63,398,438,230,41,47,5,0.91,0.9,0,0,1
610,324,422,48,22,0.84,0.6,651,207,107,36,35,6,0.79,0.6,2,0,1
252,228,333,73,65,0.2,0.45,656,460,28,80,103,1,0.74,0.6,5,0,0
404,398,72,64,115,0.87,0.82,473,118,212,80,65,5,0.6,0.9,0,0,1
316,229,330,52,94,0.21,0.52,295,144,207,60,54,0,0.93,1.0,10,0,0
369,360,30,54,33,0.69,0.74,403,464,42,38,73,2,0.36,0.9,1,1,1
647,162,332,62,29,0.09,0.51,349,570,110,64,48,14,0.33,0.9,0,0,1
504,392,68,73,102,0.63,0.61,237,371,240,43,90,23,0.49,0.6,0,0,1
207,295,341,71,14,0.7,0.5,288,339,110,51,34,14,0.76,0.9,10,1,0
540,24,155,57,9,0.74,0.59,723,453,99,48,111,2,0.7,0.6,10,0,0
313,234,460,59,91,0.98,0.57,300,454,274,56,18,6,0.82,0.4,3,1,1
566,389,287,55,45,0.61,0.69,696,54,166,60,5,19,0.81,0.8,10,0,0
288,324,392,42,80,0.01,0.76,339,398,287,62,13,23,0.41,0.9,3,0,1
464,261,108,57,27,0.11,0.5,224,156,85,67,15,12,0.72,0.8,0,0,1
159,312,483,58,8,0.93,0.86,734,354,174,62,39,2,0.52,0.4,2,0,0
738,231,145,74,36,0.01,0.51,610,351,180,52,115,13,0.7,0.4,2,0,0
377,270,270,58,28,0.2,0.95,276,188,173,41,82,11,0.46,0.8,0,0,1
386,108,440,55,100,0.46,0.42,458,144,234,61,35,0,0.53,0.4,5,0,0
456,252,445,49,85,0.85,0.52,428,200,189,77,8,21,0.37,0.9,3,0,1
97,64,241,42,28,0.77,0.75,255,500,86,53,16,16,0.65,0.4,0,1,0
579,329,33,72,23,0.72,0.32,254,598,80,41,97,8,0.39,1.0,10,0,0
759,109,353,46,27,0.99,0.63,684,235,41,43,107,14,0.71,1.0,0,0,1
378,243,252,46,22,0.81,0.74,560,188,298,56,106,0,0.42,0.8,0,0,1
539,258,492,42,9,0.93,0.72,367,392,293,60,38,8,0.73,0.4,3,0,0
339,77,479,35,74,0.83,0.72,733,196,258,38,103,1,0.84,0.9,0,1,1
744,350,125,75,52,0.35,0.55,528,376,263,38,7,5,0.47,1.0,0,0,1
789,159,295,70,45,0.01,0.48,993,330,149,78,79,12,0.54,0.6,2,0,0
89,178,128,78,47,0.25,0.73,656,490,16,50,8,12,0.75,0.6,0,0,0
477,338,94,55,50,0.63,0.43,1000,209,10,79,57,20,0.83,1.0,3,0,0
670,128,286,80,63,0.14,0.35,864,51,174,50,5,11,0.39,0.8,3,0,1
550,305,228,75,112,0.41,0.47,632,195,115,47,34,4,1.0,0.6,1,0,1
622,198,136,59,90,0.72,0.32,653,586,261,76,23,20,0.85,0.6,3,1,0
660,395,84,58,94,0.77,0.31,665,526,188,62,108,8,0.61,0.9,3,0,0
368,20,333,34,108,0.12,0.64,997,99,147,30,16,14,0.55,1.0,10,1,0
542,114,219,48,85,0.59,0.78,593,430,21,47,65,12,0.98,0.4,5,1,0
568,110,87,57,95,0.82,0.99,595,458,268,75,1,23,0.32,1.0,0,0,1
495,259,73,31,58,0.86,0.83,568,472,182,34,48,17,0.63,1.0,0,0,1
243,117,193,53,4,0.54,0.98,324,373,15,36,20,1,0.45,0.9,10,0,0
733,80,103,77,16,0.48,0.6,285,388,59,39,77,3,0.69,0.9,10,0,0
109,262,224,57,4,0.13,0.85,729,171,273,50,55,19,0.38,0.6,0,0,0
483,328,114,51,113,0.55,0.38,289,349,153,77,82,22,0.99,0.9,1,0,0
338,106,466,43,72,0.41,0.32,424,297,66,69,41,16,0.43,0.9,0,0,1
319,87,386,77,84,0.2,0.41,537,274,203,53,88,15,0.83,0.9,0,0,1
372,116,449,80,84,0.75,0.42,150,515,34,58,30,22,0.58,0.6,0,0,1
459,399,240,47,116,0.84,0.75,229,559,100,71,46,17,0.53,0.4,1,1,1
80,352,197,63,107,0.55,0.56,155,515,158,56,32,7,0.67,1.0,0,0,1
435,28,31,49,15,0.44,0.79,185,132,68,76,100,9,0.51,0.9,5,1,0
642,374,157,77,47,0.72,0.53,774,212,102,54,110,0,0.51,1.0,10,1,0
64,228,385,52,28,0.82,0.39,234,222,81,32,37,17,0.97,1.0,0,0,1
290,148,414,69,8,0.92,0.42,432,321,10,37,85,24,0.49,1.0,10,1,0
526,66,314,77,29,0.6,0.99,515,441,154,63,43,24,0.51,0.8,10,0,0
792,285,127,67,29,0.35,0.33,419,142,160,65,76,18,0.72,0.4,10,0,0
314,40,72,60,42,0.95,0.68,434,552,179,79,100,10,0.54,0.6,1,1,0
154,369,245,76,86,0.95,0.82,205,213,239,54,73,23,0.48,1.0,0,0,1
760,86,104,80,0,0.84,0.52,147,204,234,35,74,15,0.48,0.8,10,0,1
747,22,77,70,41,0.21,0.63,182,336,182,77,64,23,0.97,0.6,1,0,0
428,38,70,76,112,0.53,0.88,545,331,124,43,41,17,0.94,1.0,3,0,1
351,135,386,67,43,0.98,0.35,312,395,292,50,44,22,0.58,0.4,0,0,1
215,75,442,72,112,0.47,0.3,631,488,139,47,11,19,0.7,0.4,0,0,0
372,13,302,79,17,0.97,0.44,294,502,142,36,1,11,0.6,1.0,1,0,1
212,45,449,44,51,0.35,0.82,260,437,25,45,89,10,0.67,0.4,0,0,1
285,164,225,71,108,0.31,0.38,793,265,188,55,92,24,0.78,0.9,2,0,0
359,149,152,45,6,0.0,0.46,597,140,273,37,87,19,0.88,0.9,2,1,0
647,140,255,51,114,0.77,0.83,988,568,109,45,64,8,0.35,1.0,1,0,1
672,88,321,47,84,0.09,0.7,315,551,262,71,10,10,0.33,0.9,5,0,0
612,95,459,60,36,0.28,0.57,898,523,34,36,84,12,0.99,0.6,10,0,0
363,130,342,44,103,0.96,0.45,127,409,281,58,113,4,0.41,1.0,0,0,1
341,239,448,44,18,0.59,0.32,994,113,98,64,57,25,0.67,0.4,10,0,0
619,106,170,66,31,0.32,0.92,436,242,210,72,55,24,0.68,0.8,3,1,1
293,125,442,32,84,0.05,0.79,744,549,279,66,15,0,0.68,0.9,5,0,0
58,316,434,43,37,0.82,0.96,970,264,282,58,10,2,0.41,0.4,5,0,0
81,229,468,63,39,0.04,0.41,914,54,155,64,2,13,0.75,0.4,0,0,0
678,13,280,59,102,0.69,0.82,785,494,22,55,2,14,0.61,0.6,2,0,1
231,35,267,65,90,0.13,1.0,870,422,199,51,9,5,0.63,0.9,3,0,0
329,166,392,39,5,0.34,0.85,711,344,10,53,49,17,0.67,0.9,0,0,1
538,329,229,54,25,0.67,0.43,677,271,235,48,82,12,0.45,1.0,1,1,1
404,73,230,31,27,0.95,0.69,819,166,128,34,60,22,0.81,0.9,10,0,0
401,310,261,78,2,0.83,0.34,235,360,99,68,38,14,0.93,0.9,0,0,1
389,202,327,70,100,0.4,0.59,689,302,195,41,61,11,0.64,0.4,3,1,1
780,314,341,77,86,0.8,0.6,135,261,283,43,110,19,0.49,1.0,10,0,1
258,341,400,76,13,0.11,0.38,656,211,182,41,62,15,0.64,0.8,1,0,1
661,135,456,69,92,0.49,0.49,969,342,243,65,112,13,0.33,1.0,5,0,0
298,170,377,55,39,0.51,0.9,560,421,290,76,75,9,0.77,0.6,0,1,0
83,331,47,75,40,0.19,0.88,979,542,211,74,40,18,0.61,0.6,3,1,0
711,310,194,65,38,0.15,0.67,365,216,34,49,2,7,0.37,0.6,3,0,1
197,378,65,41,81,0.18,0.85,834,158,147,75,104,1,0.58,0.6,0,0,0
757,67,40,79,83,0.56,0.4,119,173,101,69,36,17,0.56,1.0,5,1,1
757,54,298,55,110,0.35,0.53,298,539,104,73,22,4,0.45,1.0,0,0,1
438,225,344,51,55,0.46,0.44,504,583,286,45,24,1,0.57,0.9,0,1,1
648,337,162,34,57,0.05,0.99,622,395,148,75,97,6,0.71,0.4,10,1,0
79,166,107,39,118,0.3,0.54,272,230,104,42,38,25,0.44,0.9,3,0,0
593,40,208,49,62,0.56,0.88,153,289,224,44,48,3,0.99,0.4,5,0,1
188,229,153,36,42,0.56,0.65,234,154,245,36,73,7,0.72,0.4,2,0,0
523,26,369,76,8,0.92,0.52,302,213,266,80,84,13,0.47,0.4,1,0,1
483,171,70,72,100,0.48,0.94,475,230,255,39,17,1,0.43,0.6,0,0,1
466,106,233,41,98,0.71,0.56,295,475,33,53,56,25,0.96,0.6,3,1,0
182,133,272,55,96,0.6,0.43,909,505,178,40,75,0,0.63,0.9,3,0,0
327,137,186,64,114,0.16,0.42,854,236,284,69,118,20,0.82,0.9,0,0,0
303,113,234,40,79,0.03,0.45,126,116,101,31,7,14,0.68,0.8,0,0,1
627,391,162,48,117,0.61,0.72,863,259,144,54,112,14,0.48,0.8,10,0,0
653,23,205,62,19,0.27,0.44,600,283,72,78,34,14,0.49,0.6,1,1,0
371,94,265,34,1,0.95,0.91,545,499,244,43,3,11,0.33,0.9,0,0,1
371,311,51,79,62,0.54,0.8,194,179,119,51,8,23,0.94,0.6,0,0,1
217,323,33,64,87,0.14,0.58,200,454,122,37,67,7,0.52,0.9,3,0,1
501,47,273,42,5,0.52,0.41,750,528,183,49,23,21,0.31,0.4,10,1,0
345,68,490,58,88,0.93,0.55,415,57,111,62,51,25,0.82,1.0,5,0,1
307,40,181,53,83,0.81,0.81,252,126,222,61,105,18,0.43,0.8,10,1,0
784,129,357,45,74,0.73,0.33,169,339,51,38,24,14,0.57,0.6,1,1,1
106,107,408,65,73,0.73,0.3,993,268,137,36,16,10,0.56,0.4,10,1,0
557,122,60,75,31,0.74,0.83,815,399,94,58,38,4,0.41,0.4,10,0,0
251,323,346,55,22,0.08,0.33,902,336,257,44,102,13,0.8,0.6,1,1,0
287,108,362,57,3,0.41,0.49,425,164,63,41,4,3,0.87,0.9,2,0,1
692,204,116,51,103,0.55,0.54,471,575,152,60,59,4,0.78,1.0,1,0,1
263,289,330,74,93,0.25,0.51,773,415,217,43,48,3,0.62,0.6,2,0,0
713,359,252,37,112,0.87,0.98,946,592,193,52,101,15,0.68,0.6,3,0,0
762,113,81,71,36,0.51,0.79,127,109,156,76,6,23,0.42,0.6,10,1,1
489,305,362,73,20,0.75,0.37,442,116,105,54,110,3,0.67,1.0,10,0,0
700,126,120,75,30,0.07,0.4,847,471,295,55,28,18,0.85,0.6,0,0,0
230,168,108,74,67,0.17,0.48,831,446,115,34,93,25,0.81,1.0,5,0,0
586,141,331,55,51,0.56,0.72,154,244,33,51,66,12,0.47,1.0,2,1,1
552,74,471,42,114,0.1,0.97,143,408,31,47,30,13,0.4,0.6,0,0,1
725,273,225,56,41,0.76,0.66,812,53,228,76,86,13,0.72,0.8,0,0,1
464,343,222,54,78,0.81,0.48,994,334,95,39,116,18,0.36,0.9,5,0,0
617,289,485,30,33,0.31,0.73,726,522,85,80,59,9,0.57,0.4,2,1,0
113,235,338,64,35,0.0,0.88,948,561,141,62,92,23,0.41,0.8,0,0,0
451,87,140,73,59,0.99,0.8,932,102,242,45,111,11,0.96,0.9,5,1,0
630,68,440,38,88,0.65,0.78,245,165,46,59,27,0,0.35,1.0,5,0,1
406,25,366,78,19,0.36,0.32,935,149,269,34,93,12,0.49,0.9,0,0,1
56,82,372,80,105,0.34,0.91,928,140,152,71,120,4,0.66,0.9,10,0,0
665,240,447,77,23,0.79,0.78,597,536,137,62,120,8,0.47,0.8,0,0,1
388,390,91,80,58,0.74,0.36,532,115,149,77,43,24,0.39,0.6,10,0,0
293,375,70,77,77,0.71,0.77,402,68,38,61,9,17,0.83,1.0,10,0,0
545,388,428,69,103,0.58,0.48,355,367,61,55,62,0,0.51,1.0,1,0,1
782,149,33,30,21,0.17,0.74,741,423,86,62,42,14,0.57,0.8,5,0,0
583,368,321,32,94,0.35,0.51,102,598,29,45,9,24,0.58,0.8,0,1,1
380,268,245,67,53,0.76,0.37,221,354,20,33,24,3,0.56,1.0,0,0,1
781,349,94,73,3,0.1,0.51,228,287,91,74,87,5,0.75,0.9,10,0,0
129,107,251,74,109,0.18,0.45,752,397,275,55,99,8,0.37,0.6,0,1,0
554,59,275,77,69,0.74,0.94,854,187,37,64,96,15,0.97,0.6,3,1,1
522,123,453,32,78,0.63,0.81,158,172,129,47,6,0,0.94,1.0,5,0,1
734,70,199,52,116,0.73,0.55,747,164,253,61,120,20,0.39,0.4,0,0,1
399,232,198,79,102,0.96,0.46,977,366,287,61,99,8,0.4,0.4,10,0,0
796,361,481,70,26,0.78,0.75,961,150,22,46,48,22,0.44,0.8,0,0,1
82,294,168,78,71,0.21,0.56,637,438,118,60,32,24,0.54,0.6,10,0,0
212,351,343,68,32,0.2,0.74,543,215,42,54,24,9,0.42,0.6,0,0,1
157,192,332,33,51,0.16,0.99,329,491,211,62,73,2,0.61,0.9,0,1,0
749,258,165,32,24,0.4,0.42,671,301,165,73,102,14,0.51,0.8,1,1,0
276,140,351,38,76,0.76,0.93,159,434,144,72,69,2,0.38,0.8,2,1,1
205,284,255,74,28,0.1,0.43,258,58,164,46,30,3,0.68,0.9,5,0,1
139,267,461,73,83,0.42,0.93,924,258,127,42,53,23,0.39,0.4,0,0,1
228,152,188,45,98,0.37,0.31,221,355,186,35,76,1,0.92,0.6,2,0,0
193,78,217,49,54,0.52,0.84,908,592,250,54,80,11,0.68,0.9,0,0,0
740,69,64,30,113,0.23,0.4,278,585,44,60,26,7,0.5,0.6,0,0,0
244,334,418,35,101,0.91,0.41,800,503,253,80,16,20,0.59,1.0,0,1,0
98,307,443,57,85,0.55,0.5,477,249,183,45,35,15,0.65,0.9,1,1,1
745,64,410,80,18,0.92,0.57,966,215,30,63,44,24,0.69,0.6,10,1,0
723,58,43,31,42,0.65,0.84,155,527,203,32,89,14,0.63,0.6,10,0,0
767,349,265,73,42,0.56,0.7,425,201,96,57,96,22,0.91,0.9,10,0,0
281,142,64,54,92,0.89,0.91,479,216,180,56,63,21,0.72,0.4,0,0,0
585,209,281,75,8,0.98,0.49,958,232,29,68,32,14,0.76,0.9,0,0,1
279,292,498,62,28,0.37,0.77,513,464,144,31,46,13,0.82,0.9,3,0,1
322,261,48,46,114,0.28,0.93,430,579,181,69,1,11,0.4,0.9,1,1,0
121,171,227,57,73,0.01,0.88,670,68,146,80,14,16,0.47,0.6,0,0,1
325,178,104,67,101,0.15,0.49,746,187,76,50,53,5,0.53,0.8,0,0,0
234,99,177,78,61,0.35,0.58,535,564,122,78,49,15,0.32,1.0,0,1,1
68,116,188,60,58,0.93,0.64,492,474,200,56,68,24,0.46,0.9,10,0,0
249,101,270,53,71,0.67,0.56,233,340,63,78,119,23,0.48,0.9,1,1,1
367,238,142,72,59,0.67,0.46,164,47,252,43,112,23,0.98,0.8,10,1,0
787,106,105,33,50,0.25,0.31,724,506,44,45,46,21,0.83,1.0,10,0,0
81,206,30,78,20,0.47,0.56,744,134,274,36,52,18,0.8,0.8,10,1,0
386,87,153,46,74,0.41,0.58,264,570,214,70,27,10,0.75,1.0,0,0,0
772,382,270,65,41,0.16,0.56,639,231,147,74,44,12,0.88,0.6,0,0,1
282,126,127,51,73,0.81,0.97,431,493,210,48,110,17,0.48,1.0,1,1,1
670,282,367,59,119,0.67,0.84,316,224,154,43,106,11,0.99,0.9,2,1,1
481,78,364,55,10,0.48,0.32,798,587,252,40,58,1,0.43,0.9,1,0,1
539,150,321,42,20,0.06,0.44,325,475,90,76,51,16,0.69,0.8,1,0,0
527,182,69,46,10,0.79,0.61,776,214,268,37,74,1,0.31,1.0,2,1,1
267,362,235,33,64,0.33,0.86,292,380,134,76,85,21,0.65,0.6,0,0,0
721,224,160,64,86,0.61,0.84,910,574,40,73,118,4,0.35,0.8,1,1,1
274,103,268,41,35,0.78,0.42,800,257,295,41,26,7,0.95,0.9,0,1,1
673,113,374,80,110,0.78,0.59,258,285,220,64,92,8,0.56,0.6,0,0,1
568,317,463,46,55,0.15,0.56,336,144,288,58,32,22,0.79,0.9,0,0,1
453,304,328,62,46,0.7,0.78,349,530,96,69,94,23,0.56,0.9,0,0,1
146,182,297,30,15,0.48,0.73,698,509,98,73,37,12,0.64,0.8,0,1,0
220,109,67,79,3,0.1,0.65,708,134,210,68,89,0,0.97,0.4,3,0,0
672,266,277,79,94,0.76,0.8,264,187,126,60,5,0,0.65,1.0,2,0,1
81,283,356,53,99,0.75,0.65,696,256,39,59,24,17,0.87,1.0,3,1,0
437,255,314,40,59,0.56,0.97,931,441,294,32,32,2,0.89,0.9,0,1,1
740,320,466,66,45,0.7,0.65,706,542,19,38,18,23,0.98,0.9,10,0,0
261,100,123,66,29,0.4,0.67,540,526,73,45,8,0,0.81,0.8,2,0,1
182,90,432,52,102,0.23,0.55,535,324,188,30,116,16,0.67,0.9,0,0,1
190,19,277,42,21,0.38,0.81,330,508,205,65,99,18,0.61,1.0,1,0,0
309,76,391,51,84,0.28,0.76,809,390,206,44,107,2,0.57,0.4,2,1,0
119,337,373,61,117,0.69,0.46,610,114,292,75,63,16,0.6,0.4,0,0,0
485,207,354,36,89,0.28,0.34,713,356,276,38,21,25,0.66,0.9,10,1,0
56,165,252,61,45,0.2,0.75,506,494,260,56,35,6,0.85,0.9,3,0,0
425,157,459,54,6,0.03,0.88,744,196,60,51,102,18,0.46,0.4,10,1,0
721,63,349,69,49,0.52,0.94,421,176,30,47,93,15,0.4,1.0,0,0,1
61,211,278,49,11,0.41,0.36,415,81,272,51,87,17,0.8,0.4,0,0,0
84,316,124,32,4,0.35,0.94,948,151,220,45,37,21,0.58,1.0,0,1,0
419,68,279,72,58,0.53,0.35,941,163,242,55,103,14,0.45,1.0,5,0,0
765,124,277,49,105,0.56,0.66,161,204,266,68,88,20,0.92,0.8,0,1,1
578,67,498,63,25,0.85,0.9,863,346,116,51,30,4,0.66,0.6,3,0,1
213,39,455,65,88,0.53,0.93,124,331,273,32,17,7,0.6,0.6,0,1,1
93,259,188,33,84,0.15,0.85,870,429,90,63,96,7,0.7,1.0,0,0,0
161,338,242,78,114,0.45,0.57,153,256,262,47,8,14,0.77,0.4,0,0,1
269,200,491,53,116,0.44,0.61,514,415,139,48,66,8,0.68,0.9,10,0,0
606,299,406,59,91,0.45,0.46,208,401,100,55,21,6,0.61,1.0,3,0,1
718,371,215,80,46,0.69,0.47,859,462,57,49,12,3,0.46,0.8,5,0,1
695,70,182,47,81,0.67,0.84,485,263,233,49,116,6,0.47,0.4,2,1,1
519,314,410,44,59,0.29,0.91,845,292,30,49,1,17,0.76,0.8,0,0,1
720,205,429,72,15,0.77,0.5,963,351,179,55,63,12,0.44,0.8,3,0,1
731,354,230,62,44,0.57,0.71,415,191,179,56,30,8,0.39,0.4,2,1,1
492,301,470,34,49,0.52,0.64,681,91,208,51,64,14,0.69,0.6,2,0,1
210,23,229,39,40,0.61,0.91,231,215,287,72,57,24,0.43,0.8,1,1,1
138,34,326,61,10,0.62,0.73,454,314,151,60,30,22,0.89,0.6,0,1,0
654,286,389,42,9,0.37,0.55,317,264,271,60,102,10,0.82,0.6,3,0,1
354,394,435,52,8,0.15,0.5,529,249,259,53,104,10,0.7,1.0,5,1,0
458,337,416,65,82,0.09,0.44,302,465,215,79,80,8,0.49,0.8,0,1,1
517,297,429,32,101,0.69,0.42,945,438,276,66,100,13,0.43,0.4,0,1,0
247,278,69,79,12,0.61,0.47,821,521,287,80,7,11,0.94,0.9,1,0,0
142,163,361,69,54,0.29,0.85,561,190,82,59,100,16,0.51,0.9,3,1,1
228,40,51,51,34,0.33,0.47,581,78,206,32,14,8,0.55,0.4,0,1,0
616,385,443,52,107,0.62,0.65,819,447,61,35,40,6,0.42,0.8,3,0,1
479,390,227,50,89,0.92,0.46,246,220,20,71,112,23,0.34,0.8,2,0,1
734,67,255,30,75,0.29,0.34,335,484,290,69,4,9,0.3,0.4,5,0,0
476,360,104,34,71,0.7,0.82,614,395,66,72,94,23,0.54,0.8,10,1,0
602,135,351,55,98,0.86,0.62,289,318,268,38,26,9,0.43,0.4,0,1,1
709,335,68,65,92,0.45,0.8,618,131,220,58,90,6,0.48,0.6,1,0,1
244,224,216,72,16,0.42,0.32,196,578,104,45,2,0,0.92,1.0,2,1,1
615,170,382,76,86,0.65,0.92,749,471,79,78,27,18,0.57,1.0,0,0,1
169,91,472,73,46,0.77,0.98,562,429,10,56,102,15,0.9,0.6,2,1,0
221,66,417,45,91,0.03,0.48,426,160,288,59,117,1,0.73,0.4,0,1,0
563,196,60,47,6,0.53,0.31,946,466,189,75,53,0,0.51,0.4,0,1,0
596,301,268,54,55,0.09,0.68,115,285,185,51,50,24,0.43,0.6,2,1,1
294,256,413,75,6,0.03,0.74,500,216,60,57,22,16,0.72,0.4,1,1,1
569,310,124,69,97,0.85,0.71,355,49,251,51,54,1,0.8,1.0,2,0,1
510,316,321,55,94,0.65,0.86,562,481,299,62,107,9,0.34,0.4,1,0,1
520,175,367,66,19,0.32,0.73,906,377,117,58,22,0,0.42,0.9,0,1,1
118,160,311,67,11,0.66,0.92,855,418,119,54,8,0,0.4,0.9,5,1,0
235,326,365,55,91,0.09,0.97,323,587,218,77,8,25,0.88,0.8,1,1,0
400,322,416,45,57,0.5,0.33,454,221,70,69,95,25,0.53,0.8,0,0,1
199,255,327,31,33,0.56,0.97,550,540,263,45,68,18,0.44,0.6,0,1,0
132,194,407,51,43,0.02,0.48,746,74,96,69,32,14,0.85,0.9,0,1,1
789,212,181,40,65,0.28,0.36,939,311,224,56,104,14,0.32,1.0,5,0,0
127,335,138,64,82,0.94,0.83,464,598,132,37,91,1,0.88,0.8,0,1,1
365,150,397,70,23,0.11,0.32,263,570,148,57,68,13,0.89,0.4,0,0,0
376,344,158,59,60,0.97,0.52,112,516,231,43,76,4,0.5,0.4,0,1,1
135,24,103,47,119,0.49,0.72,851,444,257,47,2,23,0.97,1.0,5,0,0
120,311,246,40,98,0.35,0.84,920,523,252,34,116,15,0.79,0.8,0,0,0
241,357,161,58,105,0.76,0.64,951,535,33,59,74,9,0.31,1.0,3,0,0
281,79,390,33,118,0.9,0.76,878,367,251,45,63,11,0.56,0.9,2,0,1
57,163,350,74,17,0.9,0.37,525,385,178,77,107,22,0.84,0.4,5,0,0
70,225,462,55,65,0.24,0.34,259,139,129,76,52,23,0.34,1.0,3,0,1
128,245,458,62,59,0.36,0.97,220,143,275,54,51,6,0.32,0.9,0,0,1
719,247,126,51,25,0.36,0.52,533,437,258,76,60,15,0.81,0.8,3,1,0
129,221,170,64,29,0.47,0.92,986,129,73,35,42,16,1.0,0.8,10,0,0
362,124,448,55,68,0.69,0.61,435,420,29,42,108,23,0.65,0.8,5,0,0
71,316,324,38,50,0.16,0.41,660,583,212,49,86,3,0.48,0.8,2,0,0
689,143,354,77,39,0.07,0.79,202,483,133,79,69,0,0.51,0.4,0,0,1
523,331,53,54,52,0.12,0.39,944,435,204,74,72,23,0.51,0.4,1,1,0
414,334,73,55,63,0.01,0.7,424,298,23,33,44,3,0.91,1.0,1,0,1
726,398,443,45,22,0.95,0.77,590,386,165,52,22,3,0.59,1.0,10,0,0
215,243,490,32,40,0.62,0.72,943,205,114,78,108,10,0.74,0.6,0,1,0
420,316,365,30,62,0.08,0.94,437,357,276,55,36,18,0.51,0.6,0,1,1
411,241,465,59,119,0.31,0.44,886,249,200,77,52,4,0.42,1.0,0,0,1
525,363,477,38,12,0.58,0.81,744,207,187,63,104,15,0.77,0.8,0,0,1
317,53,315,30,28,0.53,0.68,469,296,104,31,16,0,0.53,0.4,3,1,1
570,13,399,47,85,0.16,0.79,682,433,48,78,20,3,0.4,0.9,1,0,1
770,270,493,35,119,0.05,0.49,966,253,194,66,34,22,0.91,0.6,3,0,0
54,97,369,80,114,0.31,0.45,609,355,109,46,81,6,0.79,0.4,2,0,0
656,336,466,56,112,0.2,0.65,455,530,202,61,85,0,0.44,1.0,0,0,1
673,332,267,58,54,0.41,0.78,131,499,67,72,116,20,0.85,0.6,5,0,0
742,118,87,75,63,0.32,0.31,711,573,38,31,90,9,0.87,1.0,1,1,1
623,31,340,69,27,0.37,0.31,189,598,297,60,89,9,0.84,0.8,0,1,1
609,117,346,71,103,0.92,0.96,264,372,53,50,77,2,0.59,1.0,5,0,1
238,36,312,61,120,0.13,0.69,509,444,160,72,36,5,0.73,0.4,10,0,0
664,123,70,38,71,0.51,0.61,392,581,289,52,16,3,0.95,0.8,2,0,0
686,232,74,75,109,0.78,0.52,687,110,124,67,109,20,0.97,0.9,3,0,0
737,254,415,74,106,0.84,0.98,602,475,254,77,83,16,0.42,0.9,5,0,1
60,252,349,37,26,0.05,1.0,535,118,29,35,32,18,0.42,0.4,1,0,1
257,263,459,39,79,0.67,0.76,769,125,223,36,79,19,0.4,0.8,0,0,1
99,345,53,35,67,0.33,0.78,274,142,298,55,39,3,0.65,1.0,10,0,0
354,255,138,57,113,0.35,0.83,173,444,185,58,105,24,0.88,0.4,2,0,1
534,240,430,66,28,0.52,0.8,745,544,178,30,16,8,0.43,1.0,5,0,1
619,297,305,44,62,0.55,0.57,842,318,180,75,116,23,0.34,0.6,5,0,0
208,51,34,41,85,0.62,0.97,852,564,245,31,76,14,0.36,0.4,5,0,0
744,270,442,41,5,0.57,0.83,419,589,81,47,1,14,0.77,0.4,5,1,0
467,148,336,51,110,0.44,0.59,827,106,255,45,59,24,0.83,0.4,1,1,1
506,314,192,64,60,0.99,0.61,270,267,234,59,57,5,0.71,0.9,3,0,1
643,221,285,44,87,0.02,0.98,695,460,134,57,78,0,0.46,0.6,2,1,1
427,251,386,70,115,0.98,0.44,840,217,77,34,12,22,0.65,1.0,5,0,1
776,92,105,34,110,0.29,0.59,431,210,135,41,81,12,0.79,0.6,3,1,0
348,312,266,68,82,0.14,0.77,744,288,11,66,99,7,0.65,0.8,3,1,1
763,261,351,65,1,0.98,0.62,145,304,206,79,19,22,0.54,0.9,10,1,1
488,214,50,41,93,0.19,0.91,299,520,123,64,35,5,0.94,0.9,10,1,0
186,122,434,35,113,0.99,0.92,713,529,98,50,46,22,0.49,0.8,1,1,1
266,224,64,41,105,0.94,0.89,936,367,221,48,96,16,0.81,0.9,10,0,0
462,358,212,53,82,0.82,0.74,804,219,190,44,72,2,0.89,0.6,10,0,0
231,231,111,37,114,0.75,0.31,927,580,81,57,67,5,0.99,0.9,3,0,0
610,237,214,45,112,0.68,0.86,950,299,208,40,5,14,0.8,0.6,1,1,1
576,314,210,55,98,0.09,0.93,200,203,30,55,35,17,0.71,0.9,1,0,1
374,153,202,47,41,0.43,0.44,669,154,84,57,92,2,0.72,0.4,0,1,0
399,49,73,80,15,0.12,0.78,998,391,198,42,114,22,0.9,0.9,1,0,0
575,334,52,57,1,0.61,0.36,286,594,213,67,112,19,0.48,0.8,10,0,0
399,312,327,34,40,0.51,0.65,165,426,125,74,27,23,0.55,0.4,2,0,0
705,264,437,73,52,0.56,0.94,863,403,275,59,29,17,0.88,1.0,5,1,1
427,35,85,56,96,0.25,0.93,970,47,286,43,106,13,0.4,0.6,0,0,1
683,324,168,31,96,0.38,0.62,970,446,39,70,10,18,0.36,1.0,10,1,0
111,110,185,56,54,0.07,0.53,333,363,166,66,32,8,0.93,0.9,3,0,0
289,297,307,67,33,0.12,0.71,994,155,22,67,112,15,0.41,0.9,1,0,1
184,262,67,54,1,0.39,0.45,210,405,208,63,37,16,0.56,0.4,3,0,0
327,111,403,78,32,0.48,0.72,978,140,85,78,69,20,0.36,0.6,10,0,0
166,285,185,73,88,0.09,0.79,110,114,156,46,102,5,0.89,0.9,5,0,1
482,148,60,35,19,0.63,0.46,203,146,186,71,25,23,0.81,0.8,5,0,0
609,318,445,53,115,0.35,0.77,712,573,149,46,89,17,0.99,0.9,1,1,1
470,85,74,46,45,0.42,0.83,148,555,163,32,81,1,0.69,1.0,0,0,1
123,390,402,43,0,0.21,0.95,816,361,89,36,63,23,0.41,0.9,1,1,1
744,59,55,59,46,0.66,0.45,163,354,252,53,78,3,0.86,0.8,2,0,1
469,315,156,49,4,0.3,0.86,597,138,246,71,28,9,0.87,0.9,3,0,0
534,291,89,49,20,0.94,0.48,189,468,206,32,11,4,0.62,0.9,2,1,1
642,120,409,37,82,0.88,0.77,165,323,28,55,50,10,0.94,0.9,2,1,1
514,76,99,33,48,0.21,0.9,669,169,174,46,57,10,0.35,0.6,0,0,0
189,223,482,44,64,0.42,0.91,275,68,126,34,56,11,0.96,0.6,0,0,1
770,121,224,61,74,0.49,0.7,412,527,187,53,38,9,0.85,0.8,0,1,1
277,340,290,41,18,0.66,0.74,973,207,144,56,50,23,0.87,0.8,3,0,0
515,312,130,41,31,0.59,0.63,386,451,19,51,44,11,0.68,0.6,10,1,0
415,103,498,43,2,0.29,0.89,185,591,98,48,13,21,0.97,0.9,10,0,0
471,343,410,55,63,0.77,0.69,148,589,168,37,81,19,0.34,0.6,10,1,1
77,195,445,49,15,0.69,0.42,568,204,93,59,39,10,0.53,0.4,10,1,0
205,111,462,40,111,0.85,0.91,410,95,112,40,9,18,0.52,0.9,3,0,1
675,180,465,42,81,0.25,0.65,670,317,147,43,51,2,0.55,0.9,0,1,1
479,260,104,59,92,0.25,0.46,964,580,295,44,88,3,0.59,0.6,0,0,0
140,149,60,54,60,0.79,0.58,477,411,148,35,47,25,0.62,0.4,0,0,0
392,24,189,66,64,0.99,0.58,128,582,25,50,21,20,0.92,0.8,3,0,1
612,121,476,61,10,0.97,0.9,314,351,106,61,116,1,0.54,0.4,0,0,1
118,142,129,61,47,0.04,0.47,887,590,185,65,55,19,0.4,0.8,2,1,0
265,367,43,49,1,0.1,0.66,563,57,261,40,105,15,0.76,0.6,0,0,0
423,50,287,68,5,0.69,0.63,151,274,23,33,38,24,0.48,0.9,0,0,1
394,218,156,53,21,0.01,0.85,347,283,148,33,50,18,0.88,1.0,0,1,1
492,132,220,39,37,0.56,0.49,438,537,172,71,56,9,0.76,0.8,3,1,0
430,349,114,65,83,0.51,0.72,864,394,29,64,60,3,0.36,0.4,5,1,0
295,81,196,68,45,0.34,0.53,314,519,173,72,77,2,0.85,0.9,1,0,0
399,49,499,33,120,0.04,0.9,245,56,172,78,6,20,0.94,0.4,0,0,1
487,400,455,66,72,0.99,0.41,164,336,160,72,31,11,0.74,1.0,0,0,1
447,325,299,47,53,0.17,0.87,920,213,213,68,99,18,0.9,0.9,0,0,0
250,26,161,65,40,0.06,0.36,127,115,285,67,71,16,0.89,1.0,0,0,1
612,16,427,33,40,0.65,0.57,255,477,68,62,7,6,1.0,0.4,2,1,0
63,250,169,73,75,0.01,0.3,853,104,218,41,12,5,0.78,0.4,0,0,0
696,35,406,46,86,0.03,0.87,698,289,185,63,98,4,0.85,0.8,5,0,0
704,278,329,61,85,0.77,0.41,660,211,218,31,70,13,0.48,0.4,1,0,1
790,340,382,65,66,0.74,0.85,258,215,136,43,85,5,0.64,0.4,0,0,1
113,201,449,75,29,0.51,0.38,154,423,249,48,40,0,0.8,1.0,2,1,1
734,181,67,60,0,0.8,0.8,568,131,283,66,44,0,0.89,0.6,2,1,0
70,234,183,66,115,0.5,0.98,842,590,293,58,53,24,0.73,1.0,2,1,0
477,182,182,79,57,0.08,0.87,683,186,182,72,84,18,0.4,0.4,5,0,0
61,340,228,41,109,0.25,0.78,940,338,62,60,54,12,0.97,0.9,2,0,0
334,364,140,58,65,0.11,0.59,621,408,87,33,53,22,0.33,0.6,0,1,1
205,136,184,42,103,0.72,0.36,443,303,14,64,102,5,0.87,0.8,0,0,0
732,212,329,64,26,0.8,0.68,480,286,40,50,118,12,0.72,0.8,0,0,1
566,250,95,78,62,0.67,0.98,599,102,63,56,43,22,0.38,1.0,5,0,1
359,65,73,56,81,0.28,0.61,950,345,53,70,5,15,0.99,1.0,0,0,0
317,40,451,50,19,0.64,0.93,325,500,16,42,34,15,0.42,0.9,0,0,1
555,78,116,31,26,0.99,0.86,650,301,87,38,113,12,0.71,0.6,0,0,0
487,217,472,53,4,0.24,0.37,462,200,99,44,99,11,0.41,0.4,2,1,1
482,41,430,56,61,0.92,0.31,332,263,68,64,88,14,0.74,0.6,0,0,1
540,328,372,60,64,0.24,0.34,352,76,252,51,46,2,0.4,0.6,2,1,1
521,157,127,38,51,0.3,0.89,199,93,213,75,85,6,0.52,1.0,0,1,1
577,262,62,55,2,0.88,0.39,110,599,114,70,55,8,0.4,0.6,0,0,0
124,330,264,30,25,0.18,0.95,351,319,194,80,64,14,0.91,0.8,0,1,0
314,297,185,36,47,0.6,0.32,978,441,188,64,3,5,0.68,1.0,0,0,0
765,73,42,72,27,0.93,0.47,593,176,42,67,15,16,0.43,0.4,10,1,0
539,379,311,33,77,0.26,0.36,307,224,242,60,26,6,0.64,0.4,10,1,0
609,174,126,38,96,0.4,0.42,811,91,224,54,7,7,0.9,0.6,1,0,0
460,362,374,44,24,0.31,0.77,377,463,16,78,106,6,0.72,0.4,3,0,0
94,218,177,74,87,0.0,0.61,688,71,16,53,28,25,0.33,0.4,3,1,0
132,71,169,80,13,0.91,0.39,299,347,18,54,91,25,0.59,0.4,2,0,0
185,287,300,62,115,0.18,0.64,319,119,206,70,47,19,0.43,0.8,1,1,1
206,175,487,39,29,0.1,0.53,766,151,107,63,2,11,0.45,0.6,0,1,1
530,373,238,52,36,0.01,0.58,776,64,149,34,108,12,0.85,0.8,5,0,1
388,58,313,51,88,0.77,0.6,252,50,42,36,34,24,0.47,0.6,0,1,1
693,36,171,77,82,0.75,0.86,587,571,258,57,10,25,0.64,0.8,1,1,1
604,390,415,64,7,0.68,0.81,102,347,213,46,52,10,0.43,1.0,10,0,1
663,188,465,65,19,0.87,0.73,761,125,181,74,66,11,0.85,0.8,0,1,1
672,378,339,61,100,0.42,0.4,179,589,120,53,118,3,0.85,0.9,0,1,1
256,317,274,30,70,0.71,0.94,770,459,100,71,74,4,0.95,0.6,1,1,0
161,257,232,53,58,0.46,0.36,922,358,300,39,64,19,0.44,0.4,1,0,0
269,120,210,63,69,0.97,0.62,371,142,211,42,1,7,0.78,0.4,10,1,0
701,130,70,74,3,0.31,0.52,127,368,237,43,37,23,0.58,0.9,1,0,1
493,205,95,71,20,0.92,0.38,712,294,51,74,98,25,0.51,1.0,0,0,0
563,17,344,54,43,0.77,0.7,469,326,221,42,8,7,0.88,0.6,5,1,1
435,134,444,31,81,0.37,0.4,179,568,240,52,70,7,0.47,0.4,0,0,1
352,112,449,51,13,0.85,0.37,526,308,178,35,47,0,0.39,1.0,1,0,1
130,75,128,37,7,0.6,0.94,332,486,205,54,9,25,0.94,0.6,1,1,0
328,146,165,61,49,0.06,0.59,353,573,101,45,99,1,0.86,0.6,2,0,0
454,114,400,55,111,0.88,0.81,650,566,191,30,30,3,0.56,0.8,0,1,1
232,131,465,69,33,0.26,0.32,455,279,23,33,2,20,0.59,0.9,3,0,1
445,321,325,31,67,0.71,0.76,766,61,112,61,74,5,0.67,0.9,3,0,1
501,393,389,74,57,0.51,0.86,976,138,133,50,104,23,0.35,0.9,0,1,1
406,91,254,73,8,0.19,0.32,190,598,252,47,66,24,0.37,0.9,5,0,0
61,312,66,55,86,0.62,0.9,387,355,88,33,26,2,0.46,0.6,2,0,1
328,288,342,49,45,0.73,0.44,254,514,219,65,19,20,0.81,0.9,0,1,1
508,219,360,58,66,0.4,0.57,955,102,268,52,56,15,0.62,0.9,0,1,1
315,220,75,67,44,0.93,0.51,613,380,28,46,48,3,0.54,1.0,10,1,0
167,386,160,52,98,0.49,0.66,835,472,172,78,58,24,0.69,1.0,0,0,0
427,232,199,44,65,0.97,0.5,918,72,111,70,101,1,0.97,1.0,10,1,0
721,200,278,55,5,0.15,0.86,695,364,254,52,114,15,0.35,0.4,3,1,1
93,379,243,55,48,0.67,0.58,532,79,147,47,10,10,0.42,0.8,2,1,1
248,215,111,70,6,0.72,0.52,303,237,21,67,0,25,0.67,1.0,2,0,1
381,323,325,39,78,0.87,0.36,857,131,196,56,69,13,0.73,1.0,0,0,1
302,172,375,71,35,0.98,0.88,945,429,184,44,71,5,0.79,0.8,3,0,1
187,101,457,69,73,0.38,0.68,373,356,63,33,44,9,0.82,0.9,0,0,1
737,24,273,79,6,0.0,0.96,382,477,43,71,85,11,0.72,1.0,2,1,1
435,376,73,77,96,0.32,0.82,393,204,284,34,96,7,0.55,0.4,0,1,1
575,356,199,57,25,0.44,0.32,889,180,104,71,11,7,0.33,0.9,0,1,1
290,347,39,80,90,0.38,0.71,970,376,73,30,8,18,0.39,0.6,0,0,1
700,96,359,59,106,0.99,0.75,233,254,119,37,104,0,0.46,1.0,0,1,1
56,145,236,66,101,0.94,0.83,593,457,208,79,19,21,0.93,0.6,0,0,0
119,134,276,55,23,0.53,0.69,956,300,286,76,68,16,0.36,0.6,2,0,0
635,256,476,73,75,0.7,0.97,474,307,136,38,42,22,0.37,0.6,5,1,1
202,331,309,73,33,0.04,0.56,419,138,74,48,47,18,0.48,0.9,1,1,1
425,244,83,51,40,0.8,0.87,262,174,58,69,114,1,0.59,0.4,1,0,0
270,337,125,73,57,0.91,0.97,999,227,66,70,43,13,0.39,0.4,2,0,0
620,93,74,50,65,0.5,0.95,188,183,289,66,111,17,0.75,0.8,0,1,1
473,148,496,34,71,0.36,0.79,704,577,65,32,27,5,0.62,1.0,10,0,0
411,57,349,32,104,0.33,0.62,226,278,203,53,12,20,0.63,1.0,0,0,1
162,346,154,40,23,0.78,0.91,746,480,95,52,34,8,0.46,0.8,0,0,0
553,147,367,65,30,0.79,0.77,516,126,69,80,114,12,0.81,0.9,2,0,1
743,194,68,39,35,0.3,0.88,997,89,148,41,112,3,0.77,0.4,1,1,0
449,195,459,35,22,0.61,0.93,907,495,171,32,42,20,0.81,0.6,0,0,1
597,219,106,40,92,0.91,0.34,843,230,187,65,16,17,0.72,0.8,2,0,0
551,19,464,36,115,0.89,0.76,311,202,168,65,2,15,0.34,0.9,0,1,1
136,262,314,71,103,0.22,0.65,902,563,296,74,44,14,0.9,0.9,10,1,0
388,284,459,43,2,0.55,0.37,921,582,139,61,93,20,0.51,0.9,10,0,0
697,302,201,49,86,0.99,0.96,343,580,249,79,117,0,0.64,0.8,10,0,0
707,144,483,51,4,0.07,0.33,489,476,13,80,10,25,0.88,0.8,3,1,0
240,81,339,34,45,0.05,0.87,719,61,282,43,5,4,0.86,0.4,0,0,0
456,194,422,41,75,0.04,0.67,394,366,292,37,78,6,0.83,0.9,1,0,1
613,385,39,68,78,0.23,0.5,231,78,70,55,106,1,0.57,0.8,3,1,1
293,63,81,65,80,0.07,0.65,305,320,289,57,14,19,0.58,0.4,3,0,0
295,292,436,33,2,0.24,0.33,516,128,259,39,15,4,0.99,0.8,3,1,0
537,265,444,50,24,0.69,0.38,584,367,62,39,36,7,0.31,0.9,10,0,0
128,64,92,66,49,0.94,0.85,583,531,230,39,117,19,0.46,0.8,1,0,0
326,311,208,55,73,0.97,0.78,329,313,151,34,50,19,0.56,0.6,5,1,1
89,222,160,66,85,0.72,0.82,625,487,14,46,56,16,0.35,0.8,0,0,1
446,182,401,38,65,0.3,0.7,361,392,202,65,12,2,0.51,1.0,10,0,0
188,202,261,41,78,0.6,0.63,384,430,161,38,64,14,0.61,0.6,10,0,0
177,101,149,63,44,0.35,0.68,182,294,258,37,35,23,0.57,0.8,5,1,1
543,81,234,51,11,0.04,0.37,328,575,124,38,1,19,0.61,1.0,1,0,1
68,270,49,40,4,0.23,0.95,749,586,93,45,93,20,0.75,0.8,10,0,0
405,75,195,68,53,0.78,0.5,667,437,226,54,7,18,0.34,0.6,0,0,1
298,230,188,49,87,0.27,0.75,735,216,283,62,21,24,0.38,0.6,10,0,0
211,379,73,34,45,0.23,0.43,915,554,167,55,82,9,0.91,0.6,5,0,0
235,161,466,74,98,0.5,0.77,180,384,269,74,90,22,0.79,0.9,0,0,1
775,127,318,73,100,0.8,0.46,473,146,31,68,25,16,0.43,1.0,0,0,1
462,156,394,53,34,0.78,0.56,548,190,129,52,0,9,0.86,1.0,0,0,1
583,75,462,44,51,0.38,0.78,981,591,99,57,64,9,0.65,1.0,0,0,1
735,364,261,42,100,0.63,0.77,138,76,251,54,4,3,0.99,0.9,0,0,1
292,309,366,37,18,0.83,0.89,434,509,296,71,109,5,0.39,0.4,5,1,0
751,167,446,58,46,0.28,0.6,608,437,61,77,73,9,0.45,1.0,3,1,1
141,44,271,74,33,0.1,0.94,885,516,170,65,99,6,0.46,0.9,2,1,0
496,65,282,66,3,0.8,0.53,110,49,198,50,16,3,0.47,0.4,2,0,1
673,148,398,60,11,0.3,0.83,621,534,229,73,76,3,0.31,1.0,0,0,1
158,26,156,67,89,0.54,0.67,547,181,34,55,117,2,0.81,0.4,2,0,0
749,78,394,80,72,0.63,0.38,532,216,141,45,74,5,0.84,0.8,10,0,0
799,233,462,36,38,0.23,0.91,293,337,169,43,23,21,0.95,0.6,2,0,1
513,106,407,79,25,0.81,0.45,820,200,135,62,92,4,0.79,0.8,5,1,0
124,371,207,60,53,0.0,0.97,916,443,216,36,13,4,0.74,0.9,0,1,1
120,127,338,79,72,0.52,0.89,683,65,296,70,24,12,0.49,1.0,2,0,1
548,195,59,40,116,0.01,0.8,750,301,222,34,0,10,0.36,0.6,5,0,0
63,83,62,78,85,0.03,0.5,481,213,235,75,94,16,0.63,0.6,5,0,0
663,95,465,36,84,0.45,0.42,596,321,50,63,13,14,0.84,1.0,3,0,1
210,76,69,40,0,0.69,0.95,904,591,94,61,1,17,0.75,0.9,2,0,0
121,272,470,70,67,0.19,0.55,203,278,19,50,75,18,0.66,0.8,1,0,1
555,117,398,30,11,0.06,0.74,428,158,204,70,118,12,0.7,0.4,0,0,0
99,309,264,74,79,0.17,0.86,612,593,294,56,5,13,0.62,0.9,0,0,0
778,40,401,79,69,0.39,0.54,160,523,96,72,60,18,0.68,1.0,1,0,1
596,335,107,30,4,0.33,0.71,322,536,107,33,49,22,0.63,0.4,0,1,0
508,331,201,41,55,0.85,0.67,597,419,101,62,23,23,0.94,0.4,0,0,0
557,24,330,30,95,0.29,0.85,906,101,161,60,87,25,0.4,0.8,0,0,1
499,197,489,39,87,0.63,0.39,712,157,138,77,73,1,0.92,0.9,0,0,1
181,232,181,66,116,0.4,0.36,551,582,85,37,14,16,0.55,0.6,0,1,0
732,246,258,37,119,0.27,0.59,980,217,271,70,78,21,0.55,0.8,0,0,0
369,313,485,40,74,0.78,0.9,233,92,155,77,53,13,0.33,0.4,0,1,1
502,95,34,76,61,0.61,0.71,178,176,141,35,8,25,0.88,0.8,0,1,1
454,354,430,43,64,0.13,0.44,854,362,194,40,22,21,0.37,0.6,0,0,1
409,227,293,63,37,0.39,0.33,839,489,168,34,52,24,0.55,0.6,5,0,0
247,33,325,41,33,0.92,0.36,375,494,70,36,62,3,0.79,0.4,10,1,0
719,140,410,52,109,0.37,0.34,227,401,63,65,96,22,0.36,0.9,2,1,1
754,188,312,40,11,0.76,0.9,494,494,62,49,95,0,0.57,1.0,0,1,1
562,129,193,40,104,0.53,0.39,136,402,232,74,47,2,0.76,0.4,0,0,0
170,142,251,34,57,0.53,0.58,141,71,85,73,53,20,0.35,0.8,0,0,1
599,110,327,60,76,0.48,0.53,367,341,251,50,85,0,0.4,0.8,1,1,1
206,352,491,41,16,0.65,0.73,835,361,106,31,52,12,0.51,1.0,5,0,0
539,115,215,74,28,0.02,0.77,615,397,264,78,86,22,0.35,0.8,0,0,1
770,274,452,52,107,0.06,0.54,839,137,192,62,96,19,0.4,0.4,5,0,0
238,192,298,32,116,0.4,0.49,550,387,52,75,33,9,0.73,0.8,10,0,0
599,385,425,44,47,0.2,0.74,426,319,48,51,74,16,0.85,0.6,2,0,1
130,48,451,36,20,0.69,0.76,332,166,156,31,54,24,0.53,0.6,1,0,1
461,156,109,37,63,0.54,0.67,438,80,181,36,53,0,0.73,0.8,0,0,1
464,128,314,47,113,0.29,0.51,457,65,119,59,81,18,0.5,1.0,0,0,1
219,92,230,80,71,0.97,0.74,639,357,213,60,104,13,0.91,0.8,3,0,0
780,203,390,59,80,0.87,0.78,165,113,128,39,26,11,0.84,1.0,0,0,1
465,356,216,77,33,0.01,0.86,610,462,31,55,10,1,0.86,1.0,0,0,1
489,376,212,33,35,0.68,0.74,402,180,250,52,18,23,0.94,0.9,3,0,1
782,389,200,67,95,0.19,0.7,818,522,169,42,103,3,0.58,0.4,3,1,0
763,295,427,59,28,0.72,0.89,556,211,285,43,82,20,0.73,1.0,1,0,1
691,208,242,56,3,0.26,0.92,118,171,70,31,47,4,0.34,1.0,0,0,1
187,377,376,66,108,0.35,0.41,481,190,265,69,63,20,0.39,0.9,0,1,1
550,203,426,50,101,0.57,0.76,320,42,67,50,19,8,0.93,0.4,5,1,1
710,141,352,64,45,0.34,0.64,636,138,200,61,30,12,0.34,0.8,0,0,1
785,61,400,39,2,0.48,0.66,649,230,231,35,11,5,0.36,1.0,1,0,1
179,176,40,45,19,0.45,0.89,568,102,19,47,20,20,0.66,0.9,3,0,0
798,259,124,47,80,0.16,0.38,662,550,237,55,34,8,0.85,1.0,3,1,0
500,145,59,56,24,0.24,0.64,584,262,82,50,116,0,0.8,0.6,0,0,0
56,399,261,54,46,0.69,0.85,448,126,288,33,24,19,0.38,0.9,3,0,1
589,315,97,73,44,0.15,0.98,884,229,148,57,36,9,0.76,0.8,0,1,1
458,177,265,67,80,0.04,0.55,582,195,207,44,112,14,0.75,0.8,3,0,1
493,88,437,79,95,0.27,0.56,140,313,168,45,30,24,0.31,0.9,2,0,1
302,358,318,56,21,0.39,0.94,107,98,74,63,101,10,0.54,0.9,0,1,1
275,324,170,65,78,0.41,0.45,662,551,221,46,26,9,0.84,0.4,10,0,0
572,69,356,50,23,0.24,0.35,585,385,141,39,101,15,0.58,0.4,2,0,0
683,72,381,45,31,0.35,0.58,790,255,31,65,17,8,0.74,0.9,1,0,1
114,220,197,56,3,0.84,0.75,111,94,135,45,51,8,0.74,0.8,2,0,1
667,251,293,59,93,0.27,0.73,790,240,202,33,80,8,0.84,0.6,10,0,0
688,314,300,44,88,0.72,0.57,230,144,170,53,82,25,0.47,0.6,2,0,1
637,318,421,55,19,0.58,0.61,993,101,176,58,27,22,0.46,0.6,10,1,0
543,138,335,79,98,0.2,0.42,674,338,274,41,114,9,0.48,0.4,10,1,0
786,41,320,34,11,0.52,0.41,941,556,90,77,44,15,0.57,0.9,0,1,0
723,250,214,73,29,0.24,0.35,497,280,266,71,19,19,0.7,0.8,0,1,1
330,105,489,62,68,0.15,0.97,482,337,111,70,36,6,0.44,0.8,0,0,1
451,335,480,39,13,0.46,0.37,255,107,55,47,39,18,0.41,0.9,0,1,1
114,335,297,46,43,0.31,0.99,774,69,158,49,100,2,0.75,0.9,5,1,0
548,302,261,45,16,0.95,0.54,479,310,288,51,31,20,0.33,0.8,1,1,1
115,187,98,37,104,0.76,0.52,122,444,219,60,14,23,0.99,0.4,0,0,0
647,291,234,51,46,0.74,0.36,671,334,129,75,61,12,0.73,0.8,10,0,0
705,350,82,78,34,0.95,0.61,130,111,213,56,9,16,0.33,0.9,0,1,1
782,304,72,33,26,0.75,1.0,423,121,272,69,46,11,0.88,0.4,2,0,0
342,328,149,32,1,0.78,0.46,258,435,217,58,5,18,0.45,1.0,0,0,0
330,388,351,44,9,0.59,0.98,126,523,241,36,14,23,0.42,0.8,0,0,1
250,137,88,56,81,0.08,0.35,447,366,198,67,6,7,0.44,0.8,1,0,0
150,35,367,30,54,0.4,0.48,730,475,217,56,83,5,0.41,0.9,5,0,0
463,61,499,41,100,0.89,0.78,530,56,241,59,24,19,0.69,1.0,2,0,1
79,29,57,32,79,0.85,0.66,262,224,107,78,56,16,0.71,0.4,3,1,0
123,119,165,58,118,0.94,0.95,856,483,72,70,44,2,0.41,1.0,10,0,0
725,99,306,67,117,0.16,0.45,888,248,61,66,65,4,0.36,1.0,0,0,1
509,237,80,79,75,0.79,0.67,752,310,171,37,42,24,0.92,0.8,3,1,1
714,169,473,61,118,0.12,0.61,323,86,71,42,31,0,0.62,0.9,10,0,1
529,300,43,64,73,0.73,0.79,314,427,49,58,120,22,0.82,0.8,1,0,0
187,387,239,40,120,0.04,0.53,521,241,236,70,50,10,0.41,0.9,5,0,0
727,130,113,68,6,0.89,0.43,594,68,270,42,104,10,0.84,1.0,2,1,1
507,213,209,55,91,0.13,0.58,701,189,159,71,40,17,0.32,0.8,3,0,1
568,122,485,37,5,0.03,0.83,376,444,279,70,80,2,0.94,1.0,0,0,0
574,354,392,64,69,0.94,0.58,338,402,19,61,55,0,0.4,0.9,1,0,1
708,397,392,30,10,0.53,0.76,160,163,96,57,72,4,0.75,0.8,0,1,1
650,118,426,32,4,0.25,0.66,955,335,73,74,23,6,0.91,0.8,10,0,0
623,183,495,52,0,0.53,0.4,399,120,222,60,51,25,0.82,0.9,10,1,0
650,199,260,53,52,0.73,0.4,322,358,290,59,97,0,0.76,0.8,0,0,1
759,76,377,43,115,0.37,0.74,134,565,163,68,37,5,0.37,0.6,3,0,1
248,339,156,78,97,0.1,0.52,324,284,159,35,108,21,0.73,0.8,1,0,1
449,313,263,30,105,0.67,0.99,197,160,239,36,8,11,0.4,0.4,0,0,1
769,172,310,33,74,0.58,0.33,807,243,250,69,62,1,0.94,0.9,3,0,0
314,113,289,36,64,0.47,0.82,802,191,226,49,74,11,0.73,0.4,0,1,0
781,320,371,61,7,0.42,0.52,662,220,258,51,116,25,0.95,1.0,0,0,1
261,17,395,80,9,0.63,0.66,509,186,133,33,102,18,0.37,0.4,10,1,0
163,76,194,64,17,0.73,0.6,745,523,279,45,100,3,0.37,0.4,3,1,0
92,309,95,55,33,0.4,0.31,194,178,297,72,109,18,0.5,0.4,10,0,0
440,295,369,63,43,0.49,0.98,383,40,210,75,111,10,0.73,0.4,2,1,1
420,86,470,65,19,0.91,0.35,439,254,20,66,108,6,0.7,0.4,2,0,0
451,187,285,35,98,0.83,0.52,624,209,187,80,10,9,0.33,0.4,0,0,1
526,102,197,31,103,0.99,0.74,833,317,213,54,58,24,0.31,0.6,1,1,1
66,144,181,30,97,0.05,0.5,786,348,254,44,65,21,0.65,0.9,0,0,0
128,48,422,72,10,0.99,0.85,214,380,209,63,53,23,0.37,0.9,0,1,1
505,321,121,72,51,0.62,0.51,953,526,212,71,3,4,0.56,0.6,5,0,0
539,115,387,65,82,0.2,0.36,275,441,134,77,67,3,0.43,0.8,3,1,1
265,300,394,36,79,0.5,0.59,376,401,214,49,74,0,0.78,0.6,0,1,1
696,191,434,44,6,0.46,0.92,204,50,215,51,81,10,0.71,1.0,0,1,1
460,99,423,61,46,0.48,0.5,656,536,43,64,78,3,0.98,0.8,5,0,0
406,190,196,42,47,0.38,0.55,268,184,114,43,19,8,0.54,0.8,0,0,1
560,34,401,61,87,0.84,0.67,989,274,35,57,10,25,0.89,0.6,0,1,1
278,94,45,75,4,0.49,0.76,676,361,236,33,78,9,0.45,0.8,0,0,1
712,17,54,35,9,0.51,0.62,744,393,47,31,27,4,0.38,1.0,2,0,0
649,66,100,36,10,0.5,0.75,464,92,297,71,100,12,0.72,1.0,0,0,0
291,98,155,64,42,0.43,0.48,434,66,297,62,113,14,0.99,0.6,0,0,0
363,107,319,70,113,0.53,0.8,349,546,279,60,10,24,0.39,0.9,0,0,1
122,103,489,48,44,0.54,0.82,750,249,57,78,69,2,0.32,1.0,10,0,0
173,36,229,49,100,0.24,0.57,792,338,285,44,62,21,0.48,0.8,10,0,0
117,139,404,47,14,0.08,0.32,955,453,60,76,60,17,0.85,0.8,3,1,0
516,136,55,37,119,0.96,0.99,799,215,272,73,61,12,0.91,0.8,2,0,0
205,346,169,50,22,0.54,0.45,456,101,124,46,87,14,0.58,0.6,0,1,1
793,376,333,38,31,0.07,0.81,630,499,31,38,25,9,0.31,0.9,0,0,1
575,398,157,39,72,0.15,0.61,482,279,66,74,42,23,0.98,0.4,2,0,0
369,267,325,36,37,0.08,0.41,577,91,225,38,45,4,0.56,0.6,10,0,0
429,199,322,57,72,0.92,0.34,151,299,164,79,25,21,0.43,0.4,5,0,0
719,400,85,78,9,0.7,0.89,340,319,105,52,36,2,0.9,0.6,0,1,1
263,368,116,73,17,0.19,0.65,649,191,268,63,99,14,0.72,1.0,1,0,0
411,150,410,45,28,0.57,0.83,362,267,82,36,50,14,0.7,0.9,10,1,0
339,307,281,53,119,1.0,0.3,440,380,149,44,89,8,0.43,0.4,5,1,0
99,189,392,63,4,0.35,0.55,863,594,258,80,63,20,0.8,0.4,0,1,0
123,208,117,45,12,0.73,0.33,851,168,200,32,28,8,0.4,0.6,3,0,0
165,130,52,35,112,0.26,0.52,769,599,186,33,39,23,0.62,0.6,2,0,0
551,240,349,45,70,0.62,0.84,385,206,250,79,3,5,0.4,0.4,0,0,1
719,28,346,65,48,0.29,0.39,566,380,140,64,94,16,0.67,0.4,2,0,0
192,280,159,78,91,0.76,0.85,600,540,104,68,91,5,0.84,0.4,0,1,0
100,291,257,62,68,0.71,0.49,783,288,195,55,2,22,0.64,0.9,10,1,0
155,345,347,42,62,0.13,0.77,839,175,285,35,3,7,0.49,1.0,0,0,1
563,114,229,74,21,0.66,0.79,507,262,165,73,75,21,0.91,0.4,0,0,0
498,294,329,66,67,0.73,0.57,871,551,95,66,70,1,0.32,0.9,0,0,1
469,96,354,39,63,0.89,0.44,980,508,134,34,4,13,0.38,0.4,0,0,1
311,176,329,63,105,0.32,0.91,323,525,103,47,1,12,0.88,0.9,1,1,1
389,141,457,67,84,0.13,0.73,184,474,171,35,100,4,0.39,0.6,5,0,1
674,19,227,57,116,0.8,0.46,708,320,282,41,60,17,0.45,0.6,10,0,0
754,321,71,57,15,0.59,0.42,583,121,205,66,106,19,0.4,0.6,1,0,0
750,336,191,34,1,0.27,0.9,745,111,251,75,75,24,0.38,1.0,10,0,0
431,246,332,58,120,0.66,0.73,952,303,181,77,37,1,0.99,0.6,10,0,0
149,296,149,45,97,0.98,0.71,543,296,33,46,38,17,0.59,0.9,10,1,0
751,390,114,70,103,0.91,0.46,502,253,253,70,66,22,0.83,0.4,0,0,0
701,64,330,65,88,0.1,0.65,971,586,170,45,0,19,0.83,0.8,0,0,1
276,172,224,77,45,0.88,0.69,809,519,258,45,106,25,0.66,0.4,3,0,0
544,282,392,72,95,0.39,0.96,146,447,148,49,3,10,0.82,1.0,1,0,1
726,194,45,47,36,0.13,0.74,324,82,241,78,11,17,0.7,1.0,0,0,0
674,243,412,69,61,0.74,0.89,183,56,166,56,69,0,0.67,0.8,10,1,1
499,230,45,44,117,0.78,0.43,297,388,12,72,53,5,0.58,1.0,3,1,0
57,262,205,55,46,0.71,0.32,990,274,249,34,84,21,0.5,0.6,0,0,0
273,45,140,51,102,0.82,0.37,998,90,68,47,43,3,0.98,0.4,0,1,0
323,194,255,54,68,0.3,0.41,618,568,151,74,63,0,0.47,1.0,0,0,0
530,320,440,68,11,0.75,0.7,205,367,216,46,69,13,0.37,1.0,2,1,1
668,281,473,37,35,0.93,0.89,454,71,250,30,49,23,0.42,1.0,5,0,1
385,153,390,51,29,0.24,0.67,392,598,131,62,82,24,0.84,0.6,5,1,0
126,307,132,58,102,0.26,0.5,774,373,296,38,53,2,0.62,1.0,10,0,0
559,275,164,42,107,0.85,0.84,894,472,51,53,32,23,0.74,0.6,1,0,0
321,307,300,40,58,0.07,0.42,255,366,151,39,0,20,0.95,0.8,0,0,1
341,93,197,33,98,0.98,0.51,338,291,226,60,49,17,0.92,0.6,5,0,0
232,315,137,32,69,0.48,0.87,531,483,26,37,92,15,0.99,0.8,2,0,0
163,154,331,60,120,0.32,0.57,776,90,40,75,84,14,0.32,1.0,2,1,1
676,96,448,67,30,0.93,0.41,454,122,68,45,40,23,0.51,0.9,1,0,1
531,127,427,54,90,0.03,0.42,184,74,262,61,87,19,0.32,1.0,10,0,1
79,294,427,63,71,0.49,0.92,758,533,156,55,95,1,0.53,1.0,10,1,0
153,55,102,60,89,0.58,0.88,640,462,282,43,55,0,0.33,0.9,2,0,1
195,205,487,49,46,0.01,1.0,529,284,218,38,13,21,0.73,0.8,5,0,0
132,309,251,67,66,0.6,0.9,553,72,243,32,98,17,0.77,0.6,10,0,0
413,220,487,49,113,0.04,0.68,545,176,198,68,116,13,0.83,0.8,1,1,1
177,89,71,45,90,0.5,0.36,172,140,56,63,18,12,0.4,0.6,0,1,1
201,384,500,47,65,0.52,0.99,955,340,198,35,6,25,0.81,0.6,0,1,1
308,254,315,33,56,0.51,0.43,578,431,91,68,16,15,0.85,1.0,0,0,0
447,346,401,39,105,0.35,0.53,298,184,217,58,1,24,0.8,0.8,5,0,1
469,172,220,46,38,0.91,0.62,262,280,72,44,25,19,0.91,1.0,5,0,1
583,326,481,30,43,0.17,0.67,248,126,186,61,30,23,0.59,0.8,1,1,1
496,367,355,40,51,0.89,0.87,902,224,74,67,42,7,0.63,0.9,5,1,1
528,95,419,37,55,0.74,0.59,254,68,66,53,117,23,0.98,0.8,5,0,1
499,202,99,80,120,0.21,0.68,382,348,144,60,35,3,0.63,0.8,0,0,1
364,76,476,50,61,0.18,0.82,233,238,253,44,16,9,0.87,0.6,3,0,1
455,131,361,66,65,0.28,0.52,540,221,49,69,72,1,0.34,0.8,10,0,0
406,291,73,38,102,0.85,0.76,558,257,244,37,8,17,0.64,0.6,10,0,0
777,154,495,51,14,0.18,0.9,856,81,85,32,25,23,0.75,0.4,2,0,1
669,11,86,72,62,0.3,0.53,907,182,86,46,68,19,0.55,0.9,0,1,1
289,250,490,73,120,0.72,0.32,210,542,51,56,23,3,0.9,0.9,10,0,0
214,119,309,68,2,0.52,1.0,614,373,192,31,62,25,0.98,0.6,0,0,1
429,197,347,61,101,0.79,0.92,585,335,209,72,95,10,0.46,0.4,10,1,0
379,30,316,50,9,0.28,0.69,745,532,64,72,91,20,0.6,0.6,3,0,0
440,170,398,57,92,0.72,0.48,670,79,264,78,76,4,0.3,0.9,0,1,1
700,194,272,67,118,0.96,0.38,745,280,283,66,75,8,0.9,0.8,2,1,1
689,318,143,63,120,0.86,0.47,265,346,197,49,6,1,0.55,1.0,0,1,1
381,59,106,50,103,0.38,0.51,356,109,99,70,87,18,0.68,0.8,2,0,1
699,170,103,55,77,0.37,0.84,912,125,188,39,82,7,0.71,0.8,1,0,1
470,233,177,60,116,0.52,0.99,337,59,91,62,23,16,0.31,0.6,3,1,1
716,386,163,51,6,0.04,0.55,790,65,197,73,70,13,0.46,0.4,0,0,1
546,290,119,59,62,0.02,0.78,601,227,30,33,96,21,0.82,1.0,0,0,1
380,70,132,73,69,0.94,0.95,517,204,207,38,107,23,0.38,0.4,0,0,1
180,329,94,41,77,0.59,0.62,223,151,141,51,116,10,0.98,0.9,10,0,0
402,372,237,30,79,0.65,0.48,976,261,119,33,106,4,0.7,0.6,0,1,0
70,233,235,62,54,0.5,0.76,298,279,179,66,107,22,0.92,0.9,5,1,0
764,15,374,56,82,0.75,0.94,270,468,158,61,3,6,0.3,0.8,2,0,1
655,120,318,30,95,0.57,0.96,905,201,44,65,70,11,0.98,0.4,2,0,0
386,89,93,33,30,0.79,0.86,486,326,180,73,0,12,0.98,0.9,3,0,0
280,146,372,76,105,0.26,0.69,878,428,150,32,71,0,0.89,1.0,2,1,1
496,105,184,53,93,0.61,0.81,723,155,16,69,75,19,0.74,1.0,0,1,1
572,89,178,55,90,0.99,0.75,709,506,16,59,23,18,0.96,0.9,0,0,1
295,258,44,60,76,0.92,0.34,738,318,205,46,73,14,0.88,1.0,0,0,0
320,357,480,43,5,0.83,0.62,529,357,182,51,120,3,0.69,0.9,3,1,1
644,210,145,42,25,0.13,0.62,461,394,123,36,70,5,0.38,0.6,10,1,0
360,208,485,78,18,0.11,0.7,872,114,288,42,55,12,0.39,0.4,5,0,1
717,45,34,75,48,0.73,0.34,658,493,260,35,39,22,0.91,0.4,3,0,0
625,272,53,41,31,0.29,0.75,226,471,114,33,10,12,0.61,0.9,0,1,1
630,151,158,57,27,0.28,0.45,711,593,148,31,111,1,0.8,0.8,5,0,0
62,123,373,60,33,0.15,1.0,161,334,123,40,110,12,0.75,0.8,0,1,1
775,134,402,63,48,0.61,0.74,384,544,236,48,32,6,0.74,0.8,0,0,1
169,380,43,37,96,0.1,0.87,262,181,67,46,64,14,0.54,1.0,0,0,0
538,219,493,65,42,0.05,0.64,633,51,242,65,36,18,0.73,0.4,2,1,1
180,112,236,54,31,0.58,0.54,413,350,171,73,102,16,0.44,1.0,0,0,0
612,343,63,80,87,0.54,0.69,330,370,231,78,110,20,0.41,0.9,0,0,1
272,108,80,67,59,0.51,0.35,281,437,12,43,5,12,0.95,1.0,0,1,1
250,127,468,80,96,0.7,0.66,755,433,191,51,7,9,0.41,0.8,5,0,1
554,138,497,75,46,0.54,0.86,249,149,184,66,67,5,0.92,0.4,0,1,1
193,313,38,60,107,0.19,0.69,946,587,170,55,116,12,0.81,0.4,10,1,0
386,399,465,46,81,0.57,0.48,603,236,270,76,22,24,0.81,0.9,0,0,1
790,224,312,57,101,0.16,0.95,893,453,116,31,54,5,0.74,0.8,3,0,1
633,79,49,71,68,0.3,0.96,836,522,134,70,71,21,0.87,0.6,0,1,0
520,259,434,64,99,0.58,0.53,905,516,258,58,96,22,0.35,0.6,0,0,1
581,16,439,63,103,0.3,0.71,449,471,197,54,50,8,0.41,1.0,0,1,1
761,50,131,45,25,0.75,0.49,538,460,263,33,105,15,0.4,0.4,1,0,0
511,22,187,59,71,0.61,0.8,530,141,70,55,42,1,0.84,0.6,1,0,1
402,372,283,77,21,0.74,0.68,892,240,79,44,116,17,0.82,0.6,1,0,1
486,86,279,56,86,0.78,0.94,687,81,241,63,34,11,0.62,0.8,10,0,0
218,246,484,55,42,0.9,0.53,600,354,152,72,90,10,0.32,0.9,3,1,1
443,145,481,59,93,0.5,0.59,553,425,144,73,5,2,0.56,1.0,3,0,1
758,127,442,65,42,0.41,0.44,534,219,118,79,62,18,0.95,1.0,0,1,1
627,201,117,32,45,0.75,0.48,817,312,135,54,96,22,0.64,0.8,0,1,0
600,349,454,48,117,0.92,0.49,849,502,286,73,63,22,0.85,0.9,3,1,0
232,62,428,77,0,0.42,0.47,301,70,114,63,16,13,0.68,0.8,10,0,0
601,387,316,57,20,0.75,0.79,483,448,107,58,54,0,0.36,1.0,0,1,1
552,363,498,79,116,0.49,0.35,776,406,288,36,120,11,0.68,1.0,5,0,0
156,234,216,54,61,0.35,0.59,264,176,49,41,70,8,0.44,0.9,3,0,1
68,82,297,48,33,0.69,0.7,680,549,48,80,23,4,0.64,0.4,0,1,0
416,238,195,35,9,0.78,0.93,772,149,110,32,24,1,0.88,0.8,2,0,1
698,118,384,40,5,0.85,0.85,964,69,262,53,7,8,0.9,0.8,2,0,1
93,10,231,39,2,0.06,0.31,380,74,84,55,74,15,0.58,1.0,2,0,0
292,87,82,44,76,0.04,0.85,380,516,35,54,115,19,0.6,0.4,0,0,0
159,353,482,70,87,0.96,0.33,185,351,183,30,52,13,0.76,0.6,5,1,1
634,386,173,56,71,0.13,0.88,983,224,27,70,11,8,0.89,0.9,1,1,0
728,142,319,56,80,0.61,0.39,369,378,20,38,35,20,0.77,1.0,10,0,0
206,355,239,39,18,0.35,0.99,363,100,182,65,92,23,0.55,0.6,5,0,0
651,185,315,54,2,0.56,0.62,131,276,29,79,72,5,0.84,0.6,10,0,0
498,384,331,61,89,0.62,0.74,758,411,234,68,117,21,0.83,0.9,0,0,1
381,292,469,70,105,0.74,0.84,644,121,238,67,119,13,0.45,0.8,0,1,1
602,125,490,65,87,0.66,0.56,840,344,284,41,31,21,0.81,1.0,0,0,1
672,243,404,49,39,0.11,0.43,978,271,150,79,68,11,0.46,0.9,1,0,1
785,350,359,40,15,0.44,1.0,209,206,255,38,73,2,0.34,0.8,1,1,1
327,25,269,52,19,0.27,0.86,618,146,295,49,72,4,0.89,0.9,3,1,1
626,366,237,63,41,0.56,0.55,326,403,237,46,94,14,0.42,0.9,2,0,1
104,77,163,54,69,0.42,0.46,852,98,127,35,109,9,0.39,0.9,10,1,0
686,296,380,52,63,0.28,0.31,669,385,92,42,1,16,0.66,0.4,0,0,0
261,13,84,33,7,0.27,0.8,358,488,88,61,86,8,0.45,0.8,0,0,0
629,249,61,73,87,0.92,0.94,340,331,180,57,38,15,0.68,0.6,5,0,0
326,82,426,31,46,0.15,0.74,643,94,175,37,92,13,0.74,1.0,0,1,1
519,81,325,54,42,0.42,0.75,361,120,210,63,52,1,0.71,0.9,0,0,1
703,140,261,59,55,0.3,0.52,153,441,59,67,75,14,0.33,0.9,10,0,0
223,49,420,44,65,0.69,0.42,477,101,232,41,115,14,0.34,1.0,0,0,1
588,42,93,32,70,0.24,0.78,178,278,166,78,99,5,0.87,0.6,10,0,0
106,355,294,68,100,0.11,0.89,509,135,285,30,30,22,0.69,0.8,2,1,1
484,47,214,74,71,0.09,0.85,743,429,203,41,82,6,0.8,0.9,2,1,1
433,332,398,78,72,0.74,0.65,328,489,120,40,19,17,0.37,0.6,1,1,1
51,372,143,80,16,0.79,0.74,387,363,159,65,16,9,1.0,1.0,3,1,0
273,190,141,43,83,0.55,0.71,143,111,69,32,28,6,0.51,0.9,1,0,1
381,157,469,56,10,0.49,0.74,396,242,176,60,88,17,0.37,0.8,2,0,1
787,148,171,50,109,0.71,0.48,714,587,74,51,90,24,0.81,0.9,0,0,1
81,338,115,75,81,0.57,0.56,124,59,32,57,13,21,0.46,0.6,0,1,1
392,388,184,70,93,0.01,0.76,256,102,88,48,2,25,0.75,1.0,3,0,1
203,220,245,68,87,0.37,0.79,957,532,287,33,90,12,0.97,0.8,3,0,0
299,82,40,30,26,0.98,0.6,638,57,136,51,115,17,0.72,0.8,0,0,0
646,214,397,55,26,0.33,0.59,382,501,219,46,36,9,0.44,0.4,2,0,1
345,393,144,54,24,0.79,0.47,664,451,34,53,56,7,0.36,0.8,0,1,1
210,254,459,45,8,0.67,0.53,294,546,182,63,102,21,0.48,0.8,10,0,0
389,342,394,51,40,0.87,0.55,824,321,111,62,99,3,0.8,0.6,5,0,0
631,96,486,58,31,0.52,0.79,884,161,128,64,31,22,0.34,1.0,5,0,1
619,277,445,30,54,0.35,0.59,456,465,47,76,106,1,0.62,0.8,0,0,0
384,119,40,46,93,0.27,0.72,263,84,245,71,10,16,0.32,1.0,3,1,0
645,324,331,78,90,0.41,0.76,993,205,236,34,83,5,0.95,1.0,2,1,1
468,312,401,30,109,0.99,0.41,670,415,256,30,74,11,0.56,0.8,5,0,0
277,264,363,30,67,0.71,0.95,978,464,155,78,36,12,0.53,0.6,0,0,0
285,276,460,80,43,0.9,0.95,231,77,59,37,120,19,1.0,0.6,0,0,1
234,350,251,60,92,0.33,0.77,147,233,296,43,63,3,0.34,0.9,3,0,1
658,157,466,37,111,0.29,0.93,827,329,127,41,102,4,0.72,0.6,0,0,1
319,260,456,72,58,0.35,0.67,417,528,29,38,34,7,0.6,0.4,5,0,1
454,325,137,61,17,0.02,0.95,374,71,27,73,74,1,0.79,0.4,0,0,1
642,247,436,64,71,0.53,0.54,244,45,270,49,60,17,0.48,0.8,3,1,1
443,222,472,35,81,0.32,0.33,665,515,165,72,111,8,0.81,0.9,10,0,0
108,396,287,72,36,0.04,0.61,108,360,102,54,36,1,0.99,0.9,3,0,1
303,110,78,74,58,0.34,0.51,393,318,141,73,84,19,0.61,0.8,1,0,0
439,205,111,44,56,0.29,0.97,496,520,20,67,52,5,0.45,0.4,0,0,0
638,125,187,45,118,0.17,0.97,583,540,109,35,103,4,0.66,0.8,0,0,1
190,205,378,74,73,0.55,0.87,811,53,148,37,23,11,0.57,0.9,0,0,1
473,359,440,79,28,0.98,0.58,603,591,251,39,89,17,0.48,0.6,3,0,1
775,89,491,73,82,0.13,0.32,627,433,81,34,71,12,0.96,0.9,0,0,1
259,252,365,47,81,0.42,0.67,427,421,135,37,119,1,0.47,1.0,0,0,1
329,280,485,80,95,0.94,0.34,838,428,26,55,11,20,0.99,0.4,0,0,0
158,260,226,31,19,0.94,0.98,260,99,121,55,72,24,0.58,0.8,2,0,1
372,31,259,55,49,0.09,0.85,425,242,10,36,109,1,0.44,0.4,0,0,1
229,266,275,66,31,0.94,0.78,266,388,286,31,39,5,0.34,0.4,2,0,1
544,231,35,43,36,0.6,0.56,875,260,213,37,49,16,0.55,1.0,0,1,0
744,20,378,71,57,0.99,0.63,911,182,275,75,109,16,0.96,0.4,3,0,0
767,210,269,79,14,0.13,0.32,824,192,21,58,0,15,0.55,1.0,2,0,1
768,192,119,42,63,0.79,0.59,799,263,11,40,105,22,0.62,0.8,0,0,1
669,228,389,54,75,0.82,0.67,661,158,236,68,9,9,0.57,0.9,3,0,1
778,345,449,31,0,0.31,0.56,569,191,146,58,27,17,0.49,1.0,10,0,0
470,103,213,79,44,0.89,0.54,324,494,286,48,21,2,0.74,0.9,0,0,1
667,264,39,31,63,0.7,0.89,235,571,209,36,114,24,0.72,0.8,10,0,0
84,386,335,45,83,0.27,0.51,128,302,223,49,106,2,0.64,0.8,0,1,1
623,147,216,78,60,0.29,0.36,861,127,93,58,15,15,0.47,1.0,2,1,1
176,387,406,52,28,0.64,0.39,910,411,239,61,6,9,0.93,0.4,0,0,0
191,352,109,50,106,0.55,0.76,640,588,95,70,27,23,0.58,0.6,0,1,0
68,326,389,41,108,0.33,0.95,514,303,203,77,63,12,0.94,0.6,10,0,0
122,39,48,31,63,0.32,0.6,691,397,129,51,110,7,0.53,0.9,1,1,0
553,271,486,60,79,0.12,0.86,592,146,293,45,54,18,0.8,0.4,2,0,1
397,282,160,39,71,0.79,0.93,574,501,51,61,24,7,0.83,0.6,0,0,0
127,98,451,57,67,0.13,0.75,907,106,130,55,13,6,0.35,0.8,0,1,1
426,108,46,67,91,0.89,0.89,160,176,93,59,92,3,0.58,0.9,1,0,1
418,245,313,49,95,0.29,0.73,585,360,206,40,35,16,0.92,0.9,10,1,0
107,175,314,76,48,0.76,0.49,718,252,25,59,64,21,0.8,0.8,3,1,0
566,117,361,50,73,0.33,0.39,514,362,219,73,78,4,0.74,0.8,2,1,0
143,126,361,45,38,0.24,0.71,327,579,189,63,70,22,0.69,0.4,2,0,0
282,32,94,77,72,0.43,0.5,687,346,297,47,97,7,0.71,0.8,1,0,0
418,159,330,71,81,0.9,0.42,971,499,110,52,56,18,0.47,0.9,1,0,1
607,265,75,75,58,0.08,0.84,476,477,203,71,100,0,0.66,1.0,2,1,0
664,192,110,47,15,0.64,0.45,790,533,260,79,22,25,0.9,0.9,3,1,0
731,234,299,61,75,0.29,0.51,796,164,101,42,18,18,0.49,0.6,0,1,1
693,299,392,74,91,0.3,0.75,765,114,197,70,78,13,0.64,1.0,1,1,1
656,104,232,46,19,0.52,0.74,140,58,15,40,65,19,0.61,0.6,1,1,1
686,323,189,30,92,0.56,0.85,901,312,226,77,1,7,0.51,0.8,1,0,0
319,69,330,56,113,0.56,0.74,793,268,109,30,19,0,0.43,0.9,0,1,1
671,147,207,31,85,0.92,0.74,306,414,182,38,6,15,0.49,0.6,3,0,1
284,179,148,54,35,0.78,0.98,147,118,286,69,9,18,0.38,0.4,0,0,1
169,399,468,79,45,0.5,0.62,853,188,93,77,18,2,0.55,0.8,0,1,1
633,375,204,47,49,0.07,0.45,160,552,188,33,42,21,0.85,0.8,0,0,1
549,76,415,80,104,0.06,0.44,307,465,45,63,49,11,0.91,0.9,3,1,1
77,396,196,51,95,0.18,0.78,471,408,196,33,101,18,0.57,1.0,0,0,1
205,358,192,48,105,0.95,0.58,837,188,200,56,71,13,0.35,0.4,0,1,1
208,47,392,35,99,0.16,0.62,309,331,274,61,60,21,0.31,0.8,0,0,1
454,278,110,62,39,0.04,0.43,980,535,275,43,73,3,0.83,0.9,0,1,0
132,284,219,80,32,0.08,0.54,834,207,154,45,101,22,0.77,1.0,2,0,0
54,82,412,67,99,0.15,0.85,918,82,277,72,33,20,0.7,0.9,2,0,0
76,191,172,53,42,0.68,0.75,809,488,146,56,26,19,0.96,1.0,0,0,0
497,383,103,50,27,0.27,0.53,112,441,191,74,23,15,0.67,0.4,2,0,0
708,275,321,58,98,0.39,0.49,267,204,136,66,36,19,0.42,0.4,10,1,0
786,371,37,59,21,0.23,0.33,796,420,220,75,88,1,0.94,0.8,2,0,0
542,65,232,41,68,0.44,0.68,189,406,293,50,58,24,0.96,0.8,2,1,1
262,102,182,63,5,0.7,0.41,553,287,129,64,17,13,0.59,0.4,0,1,0
143,377,304,42,114,0.95,0.95,375,256,33,41,57,9,0.7,0.6,10,1,0
135,98,283,42,116,0.84,0.41,723,289,88,49,70,17,0.54,0.8,5,1,0
249,261,155,66,71,0.1,0.74,315,556,178,32,23,19,0.97,1.0,3,0,1
441,45,110,48,98,0.57,0.35,710,99,85,32,53,3,0.57,0.6,2,0,1
398,392,249,57,59,0.03,0.71,160,229,84,63,3,22,0.66,1.0,10,0,0
754,372,322,62,112,0.94,0.41,109,63,112,53,38,17,0.53,0.6,0,1,1
173,278,396,53,44,0.77,0.86,879,431,232,79,87,21,0.53,0.4,0,0,0
330,293,352,64,115,0.84,0.64,767,522,226,53,91,1,0.75,0.6,5,0,0
489,52,178,56,16,0.32,0.58,881,430,14,43,43,12,0.36,0.6,0,0,0
594,383,125,51,76,0.41,0.44,206,163,159,36,67,0,0.62,0.4,2,0,1
464,336,358,75,73,0.91,0.69,290,495,241,68,85,24,0.57,0.9,0,0,1
415,36,251,74,43,0.17,0.31,237,106,71,53,115,2,0.96,0.6,0,0,1
448,119,353,34,80,0.46,0.37,597,388,38,47,48,4,0.32,0.4,3,1,0
747,93,41,62,95,0.17,0.46,211,549,80,37,63,19,0.91,0.4,0,1,1
225,330,52,51,110,0.77,0.46,646,270,119,37,104,13,0.74,0.9,0,1,0
526,186,338,77,85,0.48,0.83,894,143,144,51,57,1,0.7,0.8,1,0,1
552,51,133,66,77,0.77,0.92,976,364,174,77,40,1,0.3,0.9,10,0,0
770,39,250,77,48,0.7,0.45,727,478,137,78,7,17,0.73,0.9,3,1,1
442,162,455,56,41,0.31,0.84,435,277,232,72,42,13,0.37,0.6,0,0,1
131,349,352,78,92,0.01,0.87,302,547,259,46,20,4,0.82,0.9,0,0,1
208,340,311,44,117,0.4,0.65,533,428,127,39,49,4,0.57,0.6,10,1,0
68,107,174,67,118,0.73,0.5,593,371,154,76,33,25,0.32,1.0,0,0,0
547,111,161,58,55,0.65,0.96,888,408,64,45,56,25,0.91,0.4,0,0,0
583,349,50,75,6,0.88,0.5,738,429,94,61,69,3,0.77,0.4,1,0,0
678,355,460,72,21,0.78,0.94,847,78,76,76,8,10,0.8,1.0,0,0,1
167,148,114,50,11,0.66,0.7,518,482,61,56,65,0,0.37,0.6,0,0,0
104,297,133,52,87,0.42,0.34,772,558,120,61,91,8,0.5,1.0,0,0,0
380,360,89,76,120,0.25,0.49,921,324,83,54,101,2,0.91,0.9,3,1,0
186,120,370,57,94,0.52,0.51,391,533,51,57,58,12,0.99,0.8,0,0,0
450,247,175,55,45,0.36,0.59,302,398,77,36,22,17,0.48,0.4,2,0,1
300,262,310,55,76,0.08,0.41,666,303,70,60,43,2,0.32,0.9,2,1,1
115,150,141,57,15,0.63,0.69,306,236,24,33,16,9,0.96,1.0,1,0,1
109,126,306,42,60,0.19,0.82,617,349,24,67,92,10,0.44,0.4,0,1,0
307,322,332,32,102,0.73,0.78,733,369,297,50,35,11,0.32,0.4,0,0,1
400,152,136,55,49,0.93,0.58,439,335,238,65,26,16,0.42,0.9,0,1,1
428,209,466,62,5,0.47,0.38,932,380,50,64,107,23,0.4,0.6,0,1,1
154,219,463,48,68,0.12,0.81,406,297,93,50,120,2,0.68,0.9,1,1,1
228,149,34,79,29,0.9,0.39,185,296,90,40,103,8,0.88,0.4,1,1,0
738,370,92,46,40,0.55,0.76,889,526,264,63,5,0,0.94,0.6,0,0,0
466,255,431,30,106,0.6,0.72,481,258,168,64,67,22,0.85,1.0,3,0,1
345,107,53,56,5,0.38,0.32,242,299,255,40,6,4,0.67,1.0,2,1,0
519,16,268,67,21,0.95,0.33,266,573,287,77,94,7,0.59,0.4,3,0,0
382,290,205,64,70,0.65,0.32,822,423,30,67,44,19,0.36,0.9,0,0,1
366,113,324,54,106,0.58,0.97,129,338,271,74,62,9,0.99,0.4,0,0,1
490,317,500,31,46,0.33,0.65,681,549,91,69,18,8,0.37,0.6,5,1,0
611,336,113,60,1,0.99,0.32,278,215,15,55,103,11,0.46,1.0,3,0,1
303,32,67,59,19,0.07,0.35,465,73,118,72,82,18,0.58,0.9,0,0,0
465,160,408,64,103,0.58,0.58,314,248,247,75,78,2,0.52,1.0,0,0,1
526,249,228,69,94,0.71,0.7,194,468,49,80,68,0,0.81,1.0,3,0,1
225,314,34,38,118,0.17,0.68,539,247,205,39,94,9,1.0,0.8,5,1,0
403,358,479,52,76,0.62,0.35,961,74,62,48,85,24,0.74,1.0,10,1,0
628,263,334,69,54,0.34,0.72,633,107,153,33,107,1,0.44,0.8,5,1,1
432,316,41,66,6,0.13,1.0,518,292,12,72,69,3,0.74,0.4,0,0,0
347,159,83,49,96,0.21,0.32,315,593,135,58,7,6,0.86,0.8,1,1,0
254,389,246,57,94,0.73,0.92,995,416,159,56,119,13,0.51,0.6,0,0,0
236,388,96,36,11,0.07,0.54,824,502,117,48,88,3,0.98,0.9,10,0,0
92,399,442,46,86,0.84,0.91,879,573,270,63,10,19,0.96,0.4,10,0,0
173,286,115,67,87,0.1,0.3,867,468,86,66,77,6,0.79,1.0,2,1,0
167,84,120,55,110,0.71,0.69,919,394,96,74,30,22,0.48,0.8,2,0,0
777,95,406,43,22,0.43,0.58,906,589,12,42,13,23,0.79,1.0,0,0,1
287,17,385,69,0,0.56,0.72,948,343,85,47,26,6,0.5,0.9,3,1,1
369,161,238,46,117,0.75,0.44,181,358,97,67,67,14,0.35,0.8,1,1,1
594,291,222,78,32,0.76,0.88,105,138,197,58,50,17,0.32,0.9,5,0,1
650,373,475,73,93,0.62,0.56,285,392,80,50,17,14,0.44,1.0,0,1,1
481,108,169,36,58,0.82,0.59,984,47,110,62,113,4,0.96,1.0,0,0,1
714,156,409,80,88,0.11,0.82,164,416,129,51,106,10,0.39,0.8,0,1,1
263,178,299,64,95,0.45,0.57,912,89,22,59,101,16,0.8,0.4,10,1,0
742,127,296,70,14,0.04,0.32,908,69,82,61,72,25,0.82,0.9,3,0,1
557,81,283,45,105,0.55,0.33,261,451,72,78,87,4,0.31,1.0,10,0,0
212,194,100,60,47,0.89,0.73,413,165,239,32,54,18,0.93,0.4,1,0,0
554,223,57,48,18,0.95,0.74,913,591,55,54,63,9,0.34,0.6,2,0,0
622,293,345,63,59,0.87,0.96,672,74,80,66,33,7,0.37,1.0,3,0,1
640,250,40,57,119,0.83,0.83,778,525,74,78,49,22,0.74,0.4,1,0,0
440,170,331,37,44,0.05,0.43,509,401,56,55,87,22,0.92,1.0,5,0,0
371,346,287,80,74,0.7,0.47,562,444,256,62,72,14,0.57,0.4,1,0,1
195,346,119,66,3,0.04,0.85,648,191,111,57,101,8,0.75,0.9,5,0,0
155,219,446,68,60,0.85,0.57,315,492,178,76,22,2,0.64,0.4,0,0,1
70,37,272,47,100,0.7,0.95,146,585,176,34,52,3,0.61,0.6,3,0,1
662,111,360,63,105,0.62,0.76,432,499,170,32,107,5,0.63,0.8,2,0,1
788,356,425,41,62,0.94,0.45,305,536,108,32,82,16,0.43,0.8,0,0,1
76,256,108,48,79,0.4,0.66,797,187,182,38,19,20,0.38,0.9,10,0,0
184,163,252,53,26,0.53,0.79,263,568,232,41,52,4,0.55,0.6,0,0,1
213,50,382,35,31,0.42,0.45,220,162,52,60,53,3,0.47,0.6,2,0,1
79,255,453,79,2,0.35,0.99,941,505,69,51,51,11,0.56,0.6,3,1,0
656,273,215,31,44,0.29,0.98,723,479,268,77,57,14,0.63,0.8,10,1,0
337,35,439,74,72,0.07,0.37,884,198,234,44,104,7,0.83,0.8,1,1,1
748,135,71,80,45,0.13,0.81,882,547,276,73,109,19,0.65,1.0,0,0,0
349,346,134,77,27,0.64,0.47,220,480,154,77,94,22,0.87,0.4,0,1,0
289,186,210,46,65,0.2,0.95,377,582,64,55,112,4,0.94,1.0,5,0,0
307,359,125,63,12,0.89,0.95,720,596,124,35,99,16,0.91,1.0,0,1,1
245,15,95,54,72,0.17,0.52,684,385,79,71,49,5,0.93,0.6,5,0,0
399,301,252,47,17,0.93,0.59,298,90,247,78,46,0,0.58,0.4,10,1,0
476,234,441,69,27,0.37,0.3,953,513,64,57,118,16,0.42,0.9,2,0,0
652,177,36,78,19,0.97,0.82,849,84,211,43,3,17,0.59,0.8,1,0,1
556,250,198,65,109,0.21,0.69,500,53,241,59,86,22,0.62,0.8,1,0,1
174,86,429,40,103,0.75,0.32,878,582,122,36,103,11,0.93,0.4,2,1,0
385,107,133,79,76,0.64,0.52,834,82,183,59,23,2,0.33,0.8,3,1,1
307,141,226,39,73,0.68,0.72,300,145,78,30,107,20,0.63,1.0,1,1,1
259,367,35,35,20,0.56,0.8,602,90,104,44,73,7,0.35,0.4,5,1,0
330,355,381,76,105,0.65,0.62,137,85,233,67,6,5,0.79,0.8,0,0,1
374,308,110,38,6,0.11,0.61,142,153,186,38,73,10,0.7,0.6,1,1,1
477,84,277,53,47,0.86,0.58,715,562,225,50,59,7,0.93,0.6,0,1,0
668,258,489,72,9,0.71,0.66,721,399,231,62,70,7,0.87,0.9,0,1,1
310,381,428,75,10,0.82,0.65,408,300,175,75,87,17,0.56,0.4,10,1,0
129,244,448,63,45,0.68,0.31,718,305,300,44,114,20,0.91,1.0,0,1,0
531,195,61,36,103,0.4,0.32,789,420,204,62,6,12,0.89,0.4,2,1,0
687,361,149,65,64,0.24,0.46,357,140,184,77,53,24,0.96,0.9,1,0,1
676,138,137,56,59,0.23,0.85,492,196,294,59,19,25,0.77,0.8,10,1,0
331,281,30,77,59,0.58,0.78,701,181,93,45,46,22,0.64,0.6,10,0,0
288,262,143,37,20,0.85,0.88,276,150,129,79,113,5,0.81,0.6,1,1,0
674,14,68,39,37,0.38,0.38,850,292,242,45,34,19,0.97,0.4,5,0,0
388,235,390,78,43,0.17,0.45,169,146,193,61,61,16,0.71,0.9,1,0,1
155,167,68,78,85,0.6,0.57,333,485,31,58,79,20,0.72,0.6,0,0,0
728,235,164,32,100,0.53,0.98,153,566,127,57,54,17,0.72,0.9,0,1,1
338,314,139,62,50,0.66,0.39,875,94,271,56,42,5,0.52,0.8,10,0,0
61,17,101,79,4,0.07,0.54,159,93,10,80,77,19,0.68,0.6,0,1,0
69,123,300,68,106,0.93,0.69,475,367,76,73,37,14,0.99,0.8,0,0,0
352,241,425,72,17,0.88,0.9,294,85,270,36,87,10,0.61,0.9,0,1,1
669,205,299,50,116,0.15,0.51,317,531,99,34,80,5,0.62,0.8,5,0,1
330,239,414,59,110,0.35,0.82,793,480,14,31,36,13,0.47,0.6,0,0,1
314,130,158,38,67,0.61,0.77,995,441,111,38,2,2,0.33,0.6,5,0,0
413,118,214,43,39,0.25,0.31,929,97,47,71,66,23,0.61,0.8,1,1,0
168,351,239,78,90,0.24,0.95,374,497,103,38,31,21,0.88,0.6,0,0,1
544,48,343,80,58,0.13,0.62,866,321,234,61,39,5,0.93,0.9,5,1,0
631,95,333,46,72,0.18,0.66,262,261,123,80,11,24,0.73,0.8,2,1,1
330,69,308,58,79,0.21,0.6,357,379,110,58,76,20,0.79,1.0,1,0,1
551,20,253,30,25,0.18,0.55,569,530,130,51,16,11,0.93,0.6,5,1,0
702,238,180,50,69,0.06,0.48,921,292,218,66,52,1,0.8,0.4,0,0,0
630,212,156,34,61,0.17,0.62,535,115,115,75,7,19,0.49,0.9,0,0,1
542,297,487,52,13,0.64,0.59,543,61,34,56,47,15,0.74,0.9,10,0,1
442,128,170,66,108,0.17,0.94,550,442,136,68,53,17,0.34,0.9,3,0,1
655,261,383,51,26,0.2,0.86,259,233,123,58,44,23,0.86,0.9,1,0,1
498,13,189,62,119,0.19,0.41,900,169,214,79,117,25,0.57,0.6,2,0,0
718,267,45,54,19,0.04,0.75,880,492,258,31,62,7,0.81,0.6,0,0,0
113,166,380,37,63,0.02,0.49,281,471,246,70,70,24,0.88,0.4,1,0,0
98,44,105,77,70,0.48,0.89,724,239,103,66,36,1,0.4,1.0,5,0,0
765,229,445,71,85,0.43,0.78,431,409,139,66,60,19,0.54,0.9,0,1,1
210,145,231,65,22,0.84,0.92,756,585,60,65,89,4,0.92,1.0,0,1,0
694,93,365,62,4,0.6,0.41,690,491,51,49,1,24,0.32,0.9,5,1,1
763,94,86,53,69,0.53,0.78,910,142,87,55,39,21,0.74,0.6,3,0,0
58,14,294,45,101,0.13,0.44,697,511,257,66,104,6,0.8,1.0,0,0,0
124,210,459,31,10,0.25,0.9,155,122,157,65,94,25,0.51,0.9,2,1,1
563,85,315,53,71,0.12,0.42,853,196,147,32,23,22,0.75,0.4,5,1,0
675,208,119,73,75,0.18,0.47,555,364,186,59,7,24,0.98,0.6,5,1,0
348,207,323,49,35,0.39,0.87,337,40,166,53,118,3,0.49,0.9,3,0,1
83,300,166,49,34,0.49,0.3,644,273,22,73,74,0,0.66,0.8,3,0,0
685,122,176,61,99,0.73,0.86,362,190,163,47,57,21,0.91,0.8,5,0,1
86,245,269,44,41,0.6,0.31,908,288,242,53,16,23,0.78,0.8,1,0,0
254,138,152,55,113,0.97,0.74,555,442,193,34,93,4,0.69,0.9,0,0,1
493,68,426,47,4,0.72,0.95,255,362,37,75,72,3,0.63,0.4,2,1,1
210,225,193,74,115,0.73,0.96,411,385,195,49,55,21,0.8,0.9,0,0,1
135,387,305,41,103,0.03,0.75,749,398,238,72,42,21,0.89,0.4,5,0,0
579,318,162,42,98,0.07,0.59,511,90,211,52,21,5,0.66,1.0,1,0,1
596,136,357,41,60,0.82,0.37,491,455,194,54,67,0,0.78,0.9,5,0,0
302,84,210,47,78,0.03,0.85,998,404,298,72,64,4,0.98,0.4,0,1,0
446,26,314,50,38,0.95,0.64,843,383,246,33,58,0,0.76,0.4,2,1,0
65,213,314,34,96,0.55,0.53,521,254,159,39,99,18,0.33,0.8,10,0,0
373,359,320,70,50,0.46,0.56,508,460,274,72,71,9,0.56,1.0,0,0,1
704,278,158,33,83,0.21,0.61,437,282,92,30,84,12,0.56,0.9,2,0,1
546,68,34,78,87,0.39,0.44,374,525,280,56,22,25,0.59,0.9,5,0,0
95,181,165,75,98,0.37,0.67,957,554,132,72,93,6,0.48,0.9,0,0,0
687,168,184,61,66,0.17,0.37,515,92,61,60,75,14,0.74,0.8,2,0,1
623,214,381,34,21,0.4,0.82,377,108,230,69,11,14,0.45,0.8,1,0,1
441,155,155,39,80,0.93,0.55,250,246,116,74,120,16,0.79,0.6,0,0,0
256,102,37,49,15,0.55,0.72,980,576,242,35,103,18,0.84,1.0,1,1,0
321,395,243,70,12,0.01,0.31,477,361,230,71,107,6,0.88,0.4,1,0,0
105,110,463,44,63,0.58,0.81,678,72,127,50,12,0,0.69,0.6,2,1,1
143,189,208,76,70,0.08,0.71,141,370,298,61,114,4,0.53,1.0,0,0,1
756,244,129,62,48,0.21,0.95,429,595,133,49,59,22,0.78,0.4,2,0,0
448,274,463,71,108,0.04,0.51,622,294,177,66,27,6,0.67,0.8,1,0,1
474,252,33,35,94,0.88,0.33,812,322,184,34,61,18,0.41,0.6,5,0,0
227,19,490,32,84,0.96,0.48,593,590,289,42,99,19,0.57,0.8,0,0,0
151,38,464,77,47,0.57,0.55,165,267,214,71,42,2,0.5,0.8,5,1,1
256,257,54,33,91,0.38,0.93,443,180,116,54,75,16,0.31,0.9,3,1,0
551,196,336,71,13,0.15,0.7,968,280,169,45,56,12,0.84,0.8,1,0,1
587,225,229,63,75,0.77,0.87,557,229,228,80,71,1,0.91,0.6,5,0,0
598,218,135,74,103,0.45,0.87,846,69,71,72,88,21,0.91,0.4,0,0,1
329,141,30,75,68,0.41,0.3,402,236,40,69,110,4,0.51,1.0,0,0,0
327,196,138,51,0,0.26,0.59,521,436,236,74,35,23,0.78,1.0,3,0,0
107,105,424,58,41,0.7,0.37,533,237,35,71,86,22,0.77,0.8,1,0,0
274,236,159,61,19,0.45,0.64,520,290,126,55,107,25,0.98,0.6,0,0,0
171,283,251,30,117,0.33,0.34,627,223,258,75,89,3,0.65,0.8,5,0,0
80,191,357,37,95,0.17,0.51,815,372,61,79,35,24,0.85,0.9,10,0,0
507,240,311,57,8,0.22,0.75,765,355,89,67,53,16,0.3,0.4,10,0,0
61,19,179,33,82,0.63,0.98,165,455,50,71,65,18,0.5,0.9,1,0,0
610,185,189,42,30,0.43,0.31,224,562,21,59,58,16,0.96,0.8,2,0,0
543,371,261,53,69,0.82,0.79,839,541,204,71,36,4,0.58,0.9,1,1,1
329,94,389,53,20,0.3,0.81,318,459,154,39,94,24,0.83,0.9,0,0,1
265,142,91,35,77,0.87,0.64,765,51,296,58,37,13,0.98,0.6,2,1,0
383,229,196,56,3,0.45,0.4,860,532,180,30,4,24,0.31,0.9,5,1,0
338,146,67,59,24,0.81,0.69,755,504,31,72,67,9,0.86,0.8,0,1,0
325,389,61,34,60,0.82,0.67,724,317,138,42,48,24,0.37,0.4,10,1,0
243,100,488,57,31,0.61,0.39,493,497,171,52,33,15,0.84,0.8,5,1,0
137,220,488,48,41,0.14,0.8,577,118,36,39,80,0,0.87,0.6,10,0,0
287,161,406,48,82,0.48,0.45,578,133,28,30,52,20,0.39,1.0,0,1,1
259,21,319,63,113,0.06,0.92,582,132,55,36,70,15,0.55,0.9,1,0,1
276,286,472,55,45,0.6,0.98,871,269,20,70,32,18,0.75,0.8,1,1,1
270,205,496,42,29,0.52,0.98,141,235,250,47,67,9,0.47,1.0,10,1,1
180,260,98,77,5,0.92,0.33,272,379,17,33,2,13,0.87,1.0,0,1,1
109,196,366,72,59,0.61,0.76,255,520,208,35,60,15,0.42,0.8,10,1,0
571,78,75,30,108,0.7,0.61,790,306,16,58,69,20,0.99,0.8,0,0,0
451,24,411,62,71,0.89,0.82,375,546,256,65,2,9,0.62,1.0,0,1,1
742,123,85,76,54,0.51,0.83,867,96,117,70,63,23,0.77,0.8,0,1,1
754,114,190,58,98,0.26,0.84,756,565,135,63,120,15,0.61,1.0,3,1,0
407,288,438,43,21,0.1,0.85,364,232,250,35,93,17,0.69,1.0,0,1,1
749,52,291,57,99,0.2,0.79,337,437,247,68,12,15,0.8,0.6,10,1,0
159,187,73,53,83,0.23,0.7,699,553,209,55,101,14,0.87,0.8,0,1,0
374,180,400,79,2,0.99,0.92,160,196,230,48,29,2,0.9,0.4,0,0,1
777,252,382,67,104,0.06,0.95,742,488,80,66,108,17,0.89,0.4,10,0,0
428,188,336,72,7,0.23,0.9,920,74,297,44,8,23,0.78,0.6,1,0,1
508,397,105,31,104,0.21,0.8,419,340,271,79,45,21,0.75,0.6,2,1,0
747,297,408,58,51,0.99,0.59,707,307,28,78,6,12,0.42,0.9,10,1,0
552,205,180,64,47,0.44,0.92,379,284,234,44,77,2,0.44,0.4,1,1,1
219,253,229,52,27,0.94,0.66,231,545,151,30,60,17,0.83,0.8,10,0,0
625,67,280,34,120,0.71,0.37,706,442,21,67,41,5,0.48,0.9,5,1,0
274,160,454,35,51,0.92,0.76,734,195,278,56,3,12,0.55,0.8,1,1,1
700,200,397,46,11,0.39,0.82,344,119,112,78,28,0,0.82,0.4,0,1,1
460,314,272,41,74,0.04,0.5,780,254,126,71,57,7,0.98,1.0,3,1,0
681,399,218,49,10,0.22,0.56,401,184,144,53,107,14,0.4,0.6,0,0,1
175,392,466,46,8,0.57,0.79,342,132,206,40,13,16,0.66,1.0,5,0,1
498,85,146,52,116,0.28,0.76,879,218,15,74,10,6,0.45,0.4,10,0,0
478,296,426,53,112,0.98,0.99,896,490,244,34,17,12,0.71,0.8,10,0,0
128,129,154,53,53,0.94,0.85,528,80,11,46,16,23,0.75,0.8,10,0,0
172,264,319,57,67,0.48,0.62,955,186,151,76,31,24,0.41,0.6,0,0,0
395,215,167,55,6,0.02,0.68,342,308,137,54,33,6,0.31,0.6,10,1,0
442,143,405,43,16,0.91,0.5,506,439,263,45,44,24,0.9,1.0,0,0,1
207,152,358,69,66,0.22,0.57,937,87,178,71,103,6,0.31,0.6,5,0,0
777,376,315,43,2,0.81,0.76,397,308,80,40,107,6,0.95,0.8,0,0,1
298,199,168,53,99,0.03,0.82,665,548,53,39,60,0,0.45,1.0,1,0,1
242,355,65,49,25,0.94,0.92,468,72,249,69,67,5,0.32,0.9,3,0,1
499,303,44,54,3,0.63,0.81,357,411,223,36,61,18,0.38,0.4,0,0,1
196,264,111,42,77,0.6,0.9,605,369,206,58,53,8,0.73,0.4,0,1,0
249,59,100,38,47,0.05,0.67,804,217,275,80,83,10,0.52,0.6,5,0,0
65,324,160,71,26,0.02,0.49,603,576,156,40,100,3,0.53,0.8,0,1,0
326,44,339,37,25,0.62,0.55,152,66,118,43,74,22,0.31,0.9,5,0,1
796,306,316,53,49,0.65,0.33,585,154,299,48,90,14,0.73,0.6,3,0,1
731,63,178,47,43,0.15,0.9,385,528,159,59,109,16,0.43,0.4,0,0,0
349,43,241,58,23,0.26,0.31,648,297,245,31,43,15,0.49,0.8,10,1,0
331,203,362,66,80,0.57,0.72,839,450,182,74,74,18,0.37,0.9,0,0,1
269,372,351,66,119,0.67,0.68,274,323,261,52,15,14,0.98,0.4,0,0,1
561,123,366,66,71,0.47,0.95,179,371,27,35,39,22,0.56,0.9,10,0,1
369,158,424,46,101,0.19,0.3,285,102,173,77,91,1,0.56,1.0,10,1,0
67,20,492,50,53,0.68,0.51,359,584,241,66,10,13,0.7,1.0,0,1,0
198,137,243,57,23,0.26,0.86,561,600,298,68,103,5,0.82,1.0,0,0,0
633,367,88,31,3,0.62,0.53,717,287,64,67,76,13,0.52,0.8,1,0,0
189,33,490,45,111,0.89,0.56,605,507,47,68,20,7,0.83,1.0,1,0,0
418,153,81,66,37,0.1,0.68,574,407,257,68,65,8,0.97,1.0,0,0,0
772,289,143,78,118,0.49,0.56,934,503,75,45,37,16,0.71,0.8,0,1,1
95,35,436,36,70,0.04,0.61,658,41,30,66,54,24,0.48,0.6,2,0,0
192,75,219,76,22,0.65,0.44,342,64,53,60,11,20,0.78,0.8,3,0,1
554,303,61,36,113,0.75,0.68,884,461,165,34,61,6,0.46,0.9,3,0,0
97,219,276,38,113,0.27,0.55,945,457,60,51,66,15,0.56,0.8,0,0,0
522,351,169,48,87,0.23,0.49,607,368,255,77,17,5,0.87,0.6,0,0,0
287,278,446,39,61,0.82,0.98,693,141,171,38,120,15,0.96,0.9,0,0,1
153,73,479,71,101,0.33,0.41,681,237,116,47,91,17,0.81,0.9,0,0,1
271,218,322,31,48,0.51,0.77,892,154,173,46,35,22,0.58,0.8,0,1,1
255,28,40,68,45,0.42,0.96,281,350,183,38,39,18,0.35,0.9,10,1,0
61,294,412,44,110,0.95,0.87,864,205,108,41,94,9,0.35,1.0,10,0,0
450,364,473,58,119,0.01,0.85,423,138,86,43,9,18,0.7,1.0,2,0,1
729,125,149,64,56,0.54,0.98,481,262,220,72,56,15,0.87,0.4,2,1,0
169,354,143,80,93,0.21,0.74,233,482,300,40,32,13,0.89,0.8,2,0,1
504,245,232,35,105,0.01,0.99,291,277,189,53,33,2,0.39,0.9,10,0,0
472,340,277,54,1,0.27,0.47,694,295,213,78,102,20,0.98,0.8,0,1,0
713,248,68,58,119,0.08,0.86,475,53,67,48,32,8,0.4,1.0,10,0,1
496,110,341,71,38,0.65,0.34,226,512,201,63,1,11,0.86,0.9,3,0,1
66,189,402,78,39,0.79,0.87,494,277,117,40,55,17,0.37,0.6,0,1,1
319,10,304,80,14,0.26,0.3,790,124,183,37,74,12,0.36,0.6,1,0,1
704,286,172,47,110,0.87,0.4,117,507,29,43,68,13,0.94,1.0,5,0,1
727,74,214,43,7,0.1,0.92,643,316,237,48,99,3,0.79,0.6,1,0,0
629,168,241,42,78,0.14,0.98,216,253,72,76,65,21,0.7,0.6,1,1,1
664,233,317,37,43,0.67,0.46,806,320,73,47,4,4,0.35,0.4,0,0,1
693,145,32,72,107,0.03,0.53,694,120,27,72,92,12,0.36,0.9,3,0,0
523,15,64,30,96,0.13,0.92,817,438,138,30,45,16,0.91,0.4,1,0,0
353,294,350,45,5,0.81,0.61,882,176,54,67,4,5,0.38,0.6,5,0,0
502,359,115,46,114,0.25,0.78,442,562,171,49,8,7,0.77,0.8,0,1,0
155,303,124,52,69,0.69,0.77,650,594,208,67,114,4,0.42,0.6,0,1,0
429,26,321,37,43,0.11,0.58,954,344,277,45,84,0,0.57,0.8,0,1,0
411,198,153,78,45,0.65,0.72,979,121,151,77,30,22,0.83,0.8,1,0,1
280,307,285,42,114,0.99,0.8,858,165,38,36,27,13,0.76,1.0,1,0,1
67,76,272,74,50,0.91,0.5,829,594,217,66,120,1,0.9,0.8,10,0,0
333,79,43,46,119,0.14,0.81,299,352,154,62,93,16,0.77,0.6,3,0,0
182,248,410,40,25,0.7,0.84,698,427,184,77,13,13,0.74,0.8,10,1,0
190,379,80,38,45,0.26,0.39,576,271,58,30,77,19,0.91,0.8,1,0,0
694,383,294,33,0,0.91,0.67,299,223,269,71,13,7,0.76,1.0,3,0,1
593,353,230,32,18,0.82,0.89,489,433,23,44,54,17,0.6,0.6,0,1,1
508,162,267,50,27,0.34,0.94,640,243,235,79,42,23,0.8,0.6,2,1,0
300,355,182,64,64,0.74,0.92,934,415,144,39,82,0,0.72,1.0,0,1,1
555,325,449,32,3,0.17,0.87,667,261,74,55,78,8,0.4,0.8,1,0,1
562,30,146,70,10,0.06,0.39,581,124,13,68,32,4,0.98,0.9,2,0,0
303,162,294,52,7,0.63,0.51,418,597,95,46,68,24,0.47,0.6,3,0,0
263,268,100,36,0,0.17,0.73,531,424,150,46,102,10,0.8,0.9,5,1,0
167,17,345,47,113,0.65,0.92,126,158,177,68,44,23,0.91,0.4,1,0,1
296,104,212,68,102,0.71,0.85,349,73,275,33,78,15,0.98,0.4,0,1,1
56,393,116,76,87,0.66,0.56,384,425,215,33,42,0,0.85,0.6,0,1,1
108,216,237,31,67,0.89,0.44,553,56,12,65,115,9,1.0,1.0,3,0,0
225,373,453,33,0,0.55,0.87,427,102,173,74,25,4,0.61,0.9,5,0,0
520,128,301,34,60,0.36,0.97,672,251,98,80,101,3,0.77,0.9,3,0,0
635,185,275,43,72,0.05,0.93,288,378,265,34,95,18,0.96,0.9,10,0,0
628,379,443,55,89,0.05,0.86,521,432,92,61,0,7,0.83,0.6,1,0,1
124,346,296,68,41,0.75,0.96,642,165,14,47,64,13,0.79,0.4,1,1,1
562,378,299,67,76,0.29,0.3,583,108,292,58,83,11,0.8,1.0,0,0,1
493,224,165,79,70,0.4,0.89,358,281,278,60,117,5,0.41,0.9,1,0,1
346,319,139,50,79,0.81,0.39,318,353,140,34,67,9,0.55,0.9,5,0,0
346,97,479,80,96,0.42,0.82,314,294,12,77,9,2,0.72,0.4,10,1,0
387,204,106,38,94,0.51,0.7,529,178,194,74,1,18,0.83,0.8,1,0,0
299,254,68,60,84,0.12,0.46,887,349,55,54,47,14,0.49,0.6,2,1,0
466,147,48,60,44,0.39,0.54,474,479,171,39,41,24,0.7,0.9,2,0,1
264,144,30,32,101,0.89,0.4,759,475,287,63,72,16,0.99,0.8,2,0,0
536,236,306,38,33,0.71,0.86,454,368,110,48,91,24,0.67,0.4,0,0,0
452,395,465,76,46,0.54,0.93,927,522,138,56,6,16,0.39,0.9,10,1,0
780,199,239,75,92,0.96,0.39,519,440,180,56,88,0,0.42,0.8,5,0,1
114,334,418,58,55,0.51,0.38,545,102,94,49,83,2,0.82,1.0,2,1,1
682,90,272,41,15,0.82,0.88,485,547,180,66,59,22,0.61,0.9,3,0,0
608,204,388,51,27,0.47,0.54,275,424,138,62,26,3,0.83,0.9,3,0,1
475,17,233,45,11,0.46,0.59,304,223,117,39,51,21,0.48,0.4,5,0,0
425,258,249,57,65,0.87,0.45,729,579,43,70,95,15,0.99,1.0,3,0,0
465,345,58,76,117,0.15,0.45,504,85,276,32,97,20,0.55,1.0,3,0,1
520,46,372,52,39,0.77,0.45,107,503,93,54,57,3,0.34,0.4,0,0,1
176,85,486,77,73,0.14,0.96,211,475,10,48,12,4,0.61,0.6,3,0,1
748,182,393,35,58,0.85,0.34,272,242,257,76,86,6,0.87,0.9,5,0,0
599,142,372,71,94,0.9,0.54,604,195,269,78,80,0,0.77,0.8,0,0,1
66,193,464,55,53,0.17,0.43,728,337,20,68,32,18,0.32,0.9,2,0,0
259,118,429,51,112,0.46,0.44,907,299,54,76,88,2,0.59,1.0,5,0,0
461,205,123,47,78,0.96,0.54,535,228,233,48,67,16,0.8,1.0,0,0,1
349,317,205,48,8,0.05,0.37,181,232,261,51,84,19,0.59,0.6,0,1,1
781,339,120,57,18,0.79,0.94,566,188,224,61,53,23,0.31,0.4,10,0,0
323,116,422,63,2,0.43,0.72,922,273,196,58,71,17,0.67,0.9,2,1,1
609,62,356,55,28,0.29,0.76,606,401,268,61,52,5,0.8,0.6,1,1,1
117,155,56,48,119,0.82,0.82,397,357,172,68,87,20,0.83,0.9,3,1,0
458,285,142,43,45,0.78,0.93,832,46,50,37,54,24,0.68,0.4,5,0,0
721,373,384,39,34,0.74,0.56,437,326,226,39,16,23,0.34,1.0,1,1,1
516,313,91,31,112,0.23,0.66,710,220,14,46,116,3,0.82,0.8,3,0,0
779,338,55,56,85,0.56,0.67,324,474,141,70,95,10,0.51,0.8,10,0,0
259,170,277,49,72,0.86,0.51,752,599,17,39,23,3,0.86,0.9,10,0,0
543,82,41,52,50,0.74,0.68,784,119,137,47,72,14,0.88,1.0,2,1,0
714,307,498,80,110,0.89,0.56,630,324,185,66,54,3,0.62,0.4,10,0,0
558,166,83,75,21,0.59,0.55,213,188,252,53,66,12,0.66,0.6,5,0,0
519,14,276,34,76,0.22,0.59,514,455,57,79,13,25,0.66,0.6,0,0,0
135,325,429,70,31,0.17,0.84,324,59,290,54,81,12,0.7,0.9,10,1,1
525,261,57,76,31,0.11,0.31,288,249,68,40,20,8,0.95,0.6,5,0,0
350,111,109,80,30,0.13,0.44,920,123,257,53,111,3,0.5,0.6,10,1,0
261,191,305,50,42,0.93,0.51,156,461,289,73,4,25,0.48,0.9,1,1,1
178,205,32,67,86,0.51,0.3,634,94,202,31,66,1,0.39,0.4,3,0,0
670,55,326,65,111,0.76,0.73,687,156,262,59,46,9,0.7,0.8,1,0,1
541,42,479,52,68,0.78,0.6,164,93,40,39,75,24,0.57,0.6,3,0,1
142,185,63,43,44,0.55,0.8,726,433,219,52,71,4,0.67,0.8,0,0,0
394,261,487,73,83,0.03,0.48,119,88,52,51,55,17,0.97,0.4,5,1,1
102,173,314,34,42,0.3,0.32,577,438,118,37,26,22,0.56,0.8,0,1,0
173,245,331,68,93,0.95,0.37,328,333,20,62,38,25,0.42,0.6,0,0,1
186,190,389,43,84,0.75,0.34,630,268,265,30,78,1,0.34,0.9,0,1,1
198,318,248,30,111,0.84,0.8,604,135,39,44,101,19,0.96,0.4,0,0,0
452,82,359,32,91,0.36,0.91,994,542,27,40,40,22,0.51,0.6,0,1,1
712,140,358,34,78,0.49,0.49,229,281,191,42,101,17,0.44,0.9,3,0,1
262,140,33,59,13,0.49,0.53,734,452,144,37,27,17,0.6,0.8,2,1,0
553,321,363,52,7,0.08,0.67,298,75,99,79,1,5,0.5,0.4,0,0,1
756,192,453,47,19,0.51,0.42,320,266,55,33,27,9,0.53,0.9,3,0,1
207,302,390,54,82,0.67,0.39,170,530,256,76,71,4,0.82,0.4,10,1,0
261,262,385,55,51,0.28,0.48,941,158,237,65,87,13,0.88,0.4,2,0,0
431,55,98,58,19,0.32,0.69,624,410,57,73,111,23,0.49,0.4,1,0,0
785,107,111,46,28,0.86,0.33,696,413,209,80,109,10,0.94,0.9,0,1,0
280,183,434,50,41,0.68,0.93,186,312,99,50,86,11,0.7,0.4,3,0,1
177,336,483,56,40,0.83,0.88,186,347,291,65,95,24,0.31,0.6,10,0,0
560,130,131,49,90,0.36,0.93,112,506,213,51,18,11,0.62,0.9,5,1,1
83,173,230,53,93,0.97,0.94,618,581,207,57,42,24,0.78,0.6,0,0,0
767,387,264,66,56,0.6,0.5,332,399,170,41,76,15,0.96,0.8,0,0,1
221,381,159,78,96,0.93,0.9,846,299,124,69,48,15,0.67,0.6,0,1,1
477,210,275,69,55,0.08,0.6,762,70,43,47,117,11,0.83,0.9,0,1,1
424,284,423,53,35,0.49,0.51,788,112,144,31,105,22,0.4,0.6,3,0,1
110,85,441,39,66,0.9,0.34,842,162,169,66,108,8,0.88,1.0,3,0,0
189,156,104,50,56,0.79,0.79,208,275,95,42,98,24,0.69,0.9,3,1,1
81,347,331,66,101,0.28,0.45,143,45,173,46,94,18,0.49,0.4,1,0,1
252,374,381,62,18,0.77,0.82,372,414,45,62,0,7,0.37,0.8,10,0,0
319,84,481,34,119,0.91,0.86,645,86,153,59,18,22,0.96,0.8,10,0,0
93,84,187,30,41,0.74,0.42,452,276,99,52,114,8,0.42,0.8,0,1,0
392,267,416,50,66,0.43,0.62,592,347,112,69,106,22,0.7,0.9,5,0,0
773,212,494,50,95,0.41,0.7,382,154,170,63,118,3,0.6,0.8,3,0,1
651,108,326,49,75,0.13,0.62,509,408,132,73,69,3,0.47,0.9,10,1,0
266,215,419,74,94,0.72,0.9,678,336,12,35,75,12,0.98,0.8,1,1,1
556,51,213,74,106,0.65,0.46,395,476,239,35,111,10,0.95,0.4,5,0,0
707,34,483,44,69,0.81,0.59,983,95,12,36,48,15,0.73,1.0,0,0,1
274,130,113,80,92,0.5,0.84,725,236,62,55,110,8,0.86,0.8,10,0,0
476,118,428,45,67,0.47,0.93,693,571,138,33,119,2,0.77,0.4,0,1,1
126,172,486,70,91,0.49,0.4,541,193,274,41,101,0,0.37,0.9,2,0,1
319,92,133,57,99,0.2,0.73,150,222,181,38,72,16,0.42,0.6,0,0,1
197,364,252,36,41,0.19,0.89,199,308,59,40,24,16,0.79,0.8,5,0,0
187,370,425,76,115,0.14,0.76,185,145,256,59,6,5,0.86,1.0,2,0,1
595,318,428,45,32,0.41,0.91,545,446,178,69,52,22,0.94,0.4,10,1,0
305,165,426,50,24,0.64,0.51,812,300,282,71,97,20,0.51,0.4,5,1,0
626,59,111,74,119,0.69,0.46,190,510,236,38,87,19,0.41,0.6,10,0,0
768,398,54,51,82,0.61,0.63,168,542,148,75,109,22,0.57,0.8,0,0,0
525,109,258,45,50,0.91,0.49,399,369,95,74,112,14,0.47,1.0,0,1,1
52,370,219,58,103,0.96,0.59,266,237,111,53,120,8,0.66,0.6,0,0,1
114,277,435,73,47,0.1,0.69,710,126,270,67,90,1,0.56,0.6,0,1,1
288,233,291,52,119,1.0,0.37,912,94,72,32,90,25,0.87,0.6,1,0,1
684,369,432,71,45,0.72,0.74,841,395,151,59,103,15,0.97,1.0,10,0,0
140,54,153,57,111,0.99,0.73,505,403,243,30,61,4,0.78,1.0,0,0,1
391,126,312,38,97,0.27,0.37,708,282,274,79,82,14,0.38,0.8,3,1,0
269,113,314,39,117,0.35,0.69,363,363,109,65,120,20,0.43,0.4,1,0,0
242,202,195,60,1,0.65,0.57,396,408,151,42,115,14,0.64,1.0,3,0,0
258,374,64,31,41,0.45,0.83,118,461,207,78,77,15,0.75,1.0,0,0,0
705,169,316,31,30,0.34,0.7,820,204,149,42,78,0,0.47,1.0,2,0,1
417,19,330,66,30,0.6,0.36,548,128,250,69,18,16,0.61,0.4,0,0,1
589,163,325,53,9,0.75,0.87,909,451,297,34,2,6,0.62,0.8,0,1,1
717,128,112,65,85,0.9,0.69,188,258,126,68,25,0,0.48,0.8,0,0,1
440,47,498,32,70,0.33,0.94,608,358,185,79,89,4,0.32,1.0,10,0,0
511,166,292,51,40,0.23,0.64,383,140,152,46,103,1,0.79,0.6,0,0,1
547,258,94,67,83,0.73,0.68,879,500,71,63,101,2,0.91,0.9,0,0,0
445,333,468,45,84,0.98,0.87,631,388,13,64,61,20,0.89,0.6,1,0,1
337,65,268,64,14,0.41,0.82,271,77,249,70,21,4,0.35,0.9,1,0,1
542,65,406,60,88,0.91,0.59,271,213,60,55,94,1,0.84,1.0,1,0,1
52,243,182,67,55,0.56,0.74,800,310,55,69,120,9,0.45,0.9,2,0,0
573,214,249,34,27,0.56,0.56,706,599,114,55,97,2,0.54,0.8,3,1,0
600,71,83,74,11,0.43,0.67,590,72,190,47,6,2,0.64,0.6,0,0,1
602,215,332,46,31,0.04,0.86,450,445,218,53,27,9,0.31,0.9,0,0,1
522,247,337,76,17,0.4,0.91,449,329,29,54,87,8,0.45,0.8,2,1,1
624,170,488,59,13,0.8,0.82,736,131,171,64,24,11,0.57,0.8,0,0,1
625,390,97,57,49,0.75,0.67,978,326,236,77,64,10,0.58,0.4,5,0,0
228,167,266,34,114,0.48,0.58,645,261,106,54,7,16,0.99,0.6,10,0,0
520,364,132,76,44,0.97,0.92,690,461,38,51,61,12,0.56,0.9,2,1,1
552,205,418,36,40,0.19,0.55,960,514,76,30,26,17,0.65,0.4,0,0,0
63,119,304,66,28,0.07,0.66,995,445,276,46,30,19,0.78,0.9,0,1,0
650,321,213,65,45,0.42,0.93,141,96,212,42,42,7,0.62,0.8,3,1,1
157,134,309,50,65,0.52,0.73,691,407,43,68,14,11,0.82,1.0,10,0,0
99,222,219,78,41,0.97,0.76,712,483,245,70,93,16,0.7,1.0,0,0,0
717,337,63,67,7,0.37,1.0,990,372,87,55,91,8,0.51,1.0,10,1,0
598,355,74,42,89,0.23,0.86,613,315,42,74,14,19,0.34,0.9,0,0,0
378,385,205,67,33,0.54,0.79,834,95,202,57,2,14,0.54,0.4,5,0,0
126,289,152,30,80,0.73,0.78,989,235,292,57,99,4,0.56,0.8,0,1,0
620,285,442,77,20,0.37,0.51,607,562,247,50,56,5,0.99,0.9,0,0,1
526,172,289,40,64,0.71,0.38,694,473,12,44,117,21,0.69,0.8,3,0,0
179,390,357,45,93,0.49,0.86,273,50,98,40,62,7,0.82,1.0,3,0,1
652,176,109,56,84,0.1,0.64,476,566,33,74,102,19,0.73,1.0,0,0,0
328,66,340,63,95,0.76,0.37,635,207,60,55,57,12,0.9,0.9,10,1,0
720,156,151,53,46,0.4,0.55,962,250,44,45,67,22,0.8,0.6,2,1,0
690,167,88,72,27,0.14,0.35,671,436,258,41,59,11,0.57,0.9,0,1,1
763,394,150,47,26,0.54,0.81,847,513,33,39,27,4,0.5,0.8,0,0,1
279,130,211,53,43,0.54,0.5,781,366,96,42,105,22,0.46,0.6,0,0,0
88,114,137,39,74,0.95,0.59,783,46,43,61,56,16,0.99,0.9,3,0,0
102,271,223,70,27,0.98,0.79,304,44,185,41,6,23,0.65,0.4,0,1,1
249,280,225,31,8,0.99,0.88,569,361,248,78,76,11,0.76,0.6,0,0,0
535,269,337,60,62,0.63,0.97,868,302,63,68,24,21,0.96,0.6,3,1,1
456,163,377,36,87,0.6,0.42,416,189,95,39,84,6,0.54,0.4,1,0,1
230,388,273,38,67,0.36,0.83,604,523,65,31,80,18,0.74,0.9,10,0,0
787,344,319,77,40,0.67,0.88,367,319,194,45,4,8,0.88,0.6,0,1,1
713,47,162,37,51,0.17,0.69,768,518,155,47,62,21,0.44,0.6,2,0,0
520,209,495,50,20,0.22,0.38,153,224,218,51,85,15,0.62,0.4,0,0,1
600,207,280,30,115,0.21,0.97,631,576,56,75,63,4,0.37,0.8,3,0,0
457,150,242,32,28,0.14,0.39,858,275,286,71,80,0,0.5,0.9,0,0,0
289,386,473,66,12,0.37,0.49,619,499,58,74,59,0,0.75,0.9,0,1,1
445,64,415,33,92,0.11,0.65,250,203,184,71,59,7,0.84,0.4,0,1,0
716,72,462,43,85,0.96,0.31,500,123,136,59,109,6,0.51,0.4,5,0,0
608,37,92,59,44,0.09,0.85,597,469,230,66,86,3,0.97,0.4,0,0,0
671,178,493,65,24,0.91,0.46,733,293,44,66,21,10,0.35,0.4,0,0,1
537,135,293,42,14,0.52,0.5,240,522,99,44,108,2,0.47,0.6,2,0,1
688,94,234,38,74,0.02,0.8,459,311,20,80,3,0,0.43,0.4,2,0,0
740,307,471,60,42,0.43,0.92,331,573,201,31,104,17,0.73,0.9,0,0,1
104,246,374,37,42,0.2,0.78,694,522,144,46,69,10,0.73,1.0,0,0,0
491,81,356,66,68,0.88,0.33,395,208,234,30,43,9,0.38,0.6,10,0,1
138,161,36,54,70,0.57,0.96,576,136,113,80,0,13,0.38,0.8,2,0,0
729,136,94,55,33,0.53,0.68,182,107,138,46,97,2,0.86,0.4,3,0,1
362,125,165,47,56,0.68,0.95,797,364,200,33,62,5,0.59,0.8,3,0,0
472,55,500,78,22,0.23,0.96,437,202,201,39,54,25,0.58,0.9,1,0,1
296,166,419,63,36,0.4,0.51,874,591,252,56,59,14,0.59,0.4,10,0,0
335,179,400,68,23,0.01,0.75,811,407,127,61,16,20,0.61,0.6,5,0,0
276,68,43,35,102,0.04,0.77,326,366,247,72,26,16,0.39,1.0,1,0,0
626,309,433,79,70,0.45,0.79,308,371,187,72,65,0,0.41,0.8,1,0,1
468,133,379,37,57,0.73,0.85,597,243,19,35,82,18,0.69,0.6,3,0,1
369,118,37,37,36,0.41,0.76,141,300,158,78,61,25,0.98,0.8,5,0,0
460,245,465,30,85,0.37,0.86,781,346,207,80,32,15,0.7,0.8,1,0,0
162,73,136,52,69,0.6,0.33,363,40,269,54,115,16,0.7,0.6,2,0,0
345,96,160,45,70,0.36,0.9,904,168,279,71,33,13,0.62,1.0,0,0,1
154,45,181,49,35,0.98,0.86,524,567,264,42,26,7,0.37,0.9,1,1,1
181,157,311,80,67,0.16,0.68,702,272,122,76,5,18,0.45,0.9,5,0,0
568,39,155,75,70,0.06,0.65,114,353,67,73,7,12,0.35,0.9,10,0,1
419,24,409,65,87,0.44,0.78,819,101,262,71,20,5,0.77,0.4,10,0,0
756,176,267,52,115,0.81,0.78,582,276,124,33,41,18,0.95,0.6,0,1,1
657,18,224,36,107,0.51,1.0,452,89,279,76,36,2,0.6,0.8,0,0,1
361,189,412,58,47,0.48,0.92,108,555,180,38,46,9,0.47,0.8,1,0,1
383,380,222,58,39,0.24,0.42,727,528,128,62,5,13,0.32,1.0,1,0,0
159,196,331,45,103,0.35,0.33,393,429,249,47,3,14,0.36,0.9,0,0,1
352,118,406,46,31,0.96,0.63,390,202,74,49,96,13,0.79,0.8,1,0,1
519,365,32,71,93,0.5,0.43,158,534,209,47,78,19,0.62,0.9,10,0,0
367,97,215,57,3,0.79,0.48,643,112,145,48,50,22,0.74,0.6,5,1,0
210,54,149,46,57,0.38,0.77,556,264,298,57,86,6,0.89,0.6,3,0,0
88,215,499,32,81,0.31,0.54,178,162,272,35,67,14,0.52,1.0,0,1,1
540,350,35,67,11,0.51,0.37,664,541,40,66,92,0,0.88,0.8,0,0,0
621,126,192,76,73,0.31,0.72,614,66,121,43,85,0,0.77,0.4,0,0,1
394,170,293,76,109,0.01,0.51,112,443,239,55,65,18,0.44,0.8,2,1,1
499,291,41,58,68,0.12,0.58,733,76,109,57,108,18,0.91,0.6,5,1,0
591,305,369,64,28,0.79,0.63,960,240,20,38,25,10,0.59,1.0,1,0,1
486,49,55,46,78,0.46,0.45,196,310,268,63,27,16,0.75,0.4,3,1,0
699,85,141,77,20,0.04,0.37,715,381,200,36,35,12,0.37,1.0,0,0,1
105,266,88,66,60,0.98,0.88,938,78,48,42,83,0,0.6,0.8,0,1,1
185,295,228,65,95,0.09,0.61,235,48,75,64,60,10,0.9,0.4,0,0,1
51,175,485,36,17,0.52,0.63,646,310,160,49,3,7,0.62,0.8,0,0,0
248,339,246,71,99,0.9,0.32,643,184,181,31,25,5,0.49,0.4,3,1,1
677,34,59,44,81,0.34,0.43,286,379,145,47,80,21,0.82,0.9,0,0,1
654,24,151,76,48,0.62,0.77,977,416,122,73,95,16,0.63,0.4,0,1,0
660,149,39,80,10,0.36,0.46,653,79,124,30,109,6,0.67,1.0,1,0,1
677,73,445,32,27,0.68,0.59,373,599,50,33,14,1,0.34,0.4,0,0,1
470,193,388,38,84,0.89,0.49,823,407,160,49,59,14,0.45,0.9,0,0,1
207,163,364,32,32,0.32,0.6,478,389,291,37,14,10,0.52,1.0,0,0,1
369,131,77,40,44,0.22,0.48,794,444,42,34,48,6,0.3,0.6,0,0,0
509,94,407,76,102,0.74,0.61,509,149,25,57,82,10,0.86,0.4,1,1,1
565,53,284,39,120,0.86,0.51,831,247,123,37,66,18,0.46,0.8,10,1,0
637,340,183,38,83,0.82,0.45,820,405,113,42,23,17,0.33,0.6,10,1,0
421,257,499,72,112,0.69,0.5,906,124,205,72,14,6,0.37,0.8,1,1,1
402,33,129,58,5,0.56,0.94,989,236,108,50,83,25,0.8,0.8,5,0,0
657,195,47,53,64,0.32,0.98,962,554,196,41,71,5,0.57,1.0,2,0,0
462,17,449,44,42,0.83,0.76,942,402,78,58,33,7,0.69,0.9,5,0,0
328,123,236,48,24,0.14,0.98,709,500,50,33,67,0,0.9,0.9,5,1,0
336,50,92,77,0,0.29,0.61,902,193,121,45,118,22,0.71,0.4,2,0,0
661,124,466,64,9,0.97,0.7,797,290,206,56,76,18,0.44,0.6,0,0,1
513,225,327,70,64,0.75,0.8,243,149,41,73,116,10,0.85,0.6,3,1,1
490,229,160,79,110,0.71,0.88,338,433,294,65,86,25,0.62,0.6,5,0,0
469,292,467,75,43,0.21,0.76,802,375,48,57,102,8,0.87,0.6,0,0,1
645,177,72,40,107,0.65,0.85,938,153,135,38,87,5,0.9,0.8,0,0,1
441,359,66,30,57,0.92,0.91,491,261,171,73,2,20,0.78,0.8,10,1,0
531,381,42,38,0,0.94,0.89,787,334,107,35,110,3,0.98,1.0,3,1,0
316,232,243,69,48,0.46,0.5,673,125,231,70,27,16,0.89,0.4,1,0,0
303,265,270,47,106,0.66,0.31,239,158,77,39,43,4,0.35,0.8,1,0,1
113,368,288,67,7,0.66,0.84,820,567,132,61,35,1,0.86,1.0,10,0,0
565,73,46,72,117,0.17,0.56,150,55,224,46,42,11,0.76,0.8,0,0,1
545,280,140,60,87,0.92,0.56,386,426,193,45,22,1,0.54,0.6,3,0,1
754,218,148,64,5,0.45,0.83,934,416,132,46,48,13,0.7,0.9,2,0,1
463,282,320,68,3,0.77,0.37,534,256,260,77,53,1,0.97,0.4,0,0,0
165,181,374,48,14,0.44,0.71,230,199,144,65,31,16,0.42,0.6,3,0,1
767,336,100,80,51,0.29,0.51,817,171,167,69,7,22,0.59,0.4,0,0,0
288,73,233,61,70,0.68,0.39,805,486,24,40,92,25,0.93,0.4,3,1,0
344,200,172,58,72,0.26,0.4,877,78,153,55,38,13,0.49,0.6,0,0,0
619,385,144,71,98,0.57,0.56,526,221,58,61,55,4,0.69,0.8,0,0,1
665,293,114,54,23,0.9,0.89,513,272,280,64,87,12,0.77,1.0,5,0,0
75,334,480,34,39,0.6,0.91,817,366,11,64,89,22,0.62,0.4,0,0,0
323,114,472,45,15,0.54,0.91,183,191,125,61,112,11,0.48,0.8,10,1,1
575,327,148,69,117,0.23,0.43,519,228,155,80,19,25,0.3,0.8,0,0,1
75,394,214,75,76,0.99,0.71,362,280,73,78,0,25,0.71,1.0,3,0,0
346,315,154,60,117,0.77,0.93,512,123,130,44,34,9,0.88,0.8,10,0,0
641,328,327,80,102,0.92,0.72,415,171,197,32,17,10,0.84,0.9,0,0,1
402,240,336,32,12,0.25,0.62,903,356,122,59,58,20,0.47,0.8,5,1,0
699,290,105,63,76,0.73,0.33,264,418,127,35,4,18,0.4,0.8,2,0,1
611,65,496,59,36,0.51,0.73,943,225,218,50,70,7,0.4,0.9,0,1,1
195,316,309,74,72,0.81,0.97,597,461,15,69,7,11,0.76,0.9,0,0,1
769,358,286,59,104,0.73,0.39,178,286,169,34,58,8,0.78,0.9,3,1,1
468,19,373,70,95,0.89,0.61,312,294,271,79,116,13,0.83,0.6,3,1,1
325,296,441,32,9,0.17,0.92,157,481,117,42,68,11,0.66,0.6,10,0,0
153,396,371,79,37,0.92,0.89,762,239,91,30,80,3,0.35,0.4,1,1,1
542,333,219,57,41,0.12,0.56,459,229,253,74,24,7,0.44,0.4,5,0,0
328,322,312,55,48,0.82,0.65,824,340,212,57,29,0,0.82,0.8,2,0,1
301,167,91,71,26,0.81,0.98,178,53,263,45,28,18,0.58,0.8,1,0,1
235,318,453,63,5,0.66,0.66,540,468,117,37,27,4,0.86,0.9,3,0,1
361,218,474,61,37,0.25,0.88,262,385,277,72,41,9,0.7,1.0,0,1,1
760,301,406,43,81,0.16,0.88,406,517,276,44,6,9,0.84,0.6,0,1,1
649,124,101,63,26,0.01,0.64,863,553,194,50,79,12,0.97,1.0,5,1,0
102,78,493,32,113,1.0,0.54,811,403,292,55,110,23,0.79,0.4,0,0,0
303,36,210,49,57,0.76,0.86,358,293,100,60,55,9,0.77,0.4,1,0,1
346,99,322,31,94,0.45,0.88,732,174,109,38,61,25,0.62,1.0,2,0,1
120,42,367,69,0,0.74,0.37,173,350,72,30,40,2,0.59,0.9,0,1,1
550,293,373,43,109,0.71,0.53,224,229,119,59,58,19,0.54,0.8,0,1,1
119,191,200,35,14,0.29,0.83,465,318,72,30,118,6,0.47,1.0,2,0,1
424,313,449,33,80,0.28,0.42,632,72,111,79,112,15,0.55,0.8,0,0,1
250,311,241,60,25,0.71,0.39,885,349,48,41,8,12,0.73,1.0,1,1,1
574,94,427,49,87,0.63,0.92,990,472,60,68,40,6,0.54,0.6,3,0,1
98,318,81,49,10,0.92,0.35,989,224,124,72,10,10,0.62,1.0,0,0,0
312,132,330,77,37,0.69,0.68,668,95,232,49,64,1,0.8,1.0,5,0,1
231,142,382,35,25,0.23,0.65,445,469,28,70,117,12,0.51,0.4,10,0,0
343,236,220,35,76,0.63,0.58,115,420,165,69,93,7,0.33,0.6,0,0,1
548,16,385,34,14,0.84,0.97,581,306,137,41,45,8,0.8,0.9,1,1,1
213,106,318,56,16,0.46,0.32,875,193,122,42,17,17,0.83,0.8,3,1,0
737,84,436,53,32,0.73,0.58,464,46,54,38,97,2,0.84,1.0,0,0,1
520,249,110,66,43,0.25,0.66,994,533,54,77,110,18,0.58,1.0,5,0,0
217,295,484,61,93,0.55,0.95,117,187,24,54,83,4,0.84,0.4,2,0,1
539,229,240,48,74,0.34,0.44,617,169,77,51,116,21,0.48,1.0,0,1,1
207,229,103,60,83,0.32,0.8,312,456,210,40,9,0,0.3,0.9,3,0,1
552,340,205,79,114,0.44,0.3,431,59,237,38,96,8,0.81,0.9,0,0,1
761,92,75,37,117,0.42,0.3,857,461,37,53,8,2,0.61,1.0,10,1,0
590,104,179,35,98,0.83,0.62,122,211,115,59,0,0,0.88,0.9,3,0,1
408,47,418,33,115,0.58,0.78,425,360,172,48,100,2,0.46,0.9,0,1,1
288,258,345,43,119,0.09,0.92,745,140,79,47,61,22,0.5,1.0,1,0,1
246,132,116,43,89,0.85,0.43,829,103,289,79,38,13,0.81,0.8,0,0,0
776,254,212,70,96,0.24,0.45,145,571,259,75,23,23,0.41,1.0,1,1,1
587,177,497,77,52,0.68,0.76,424,353,128,70,96,15,0.43,0.6,5,1,1
71,312,370,42,91,0.21,0.56,657,65,185,58,120,18,0.99,0.4,0,1,0
263,354,156,72,5,0.51,0.86,663,359,158,65,82,0,0.72,1.0,2,0,0
701,185,153,68,61,0.72,0.68,689,57,259,34,100,3,0.7,0.9,5,1,1
514,203,116,49,44,0.09,0.52,531,139,105,54,108,1,0.91,0.4,0,1,0
85,203,332,33,59,0.34,0.74,554,224,153,75,3,20,0.98,0.6,3,1,0
213,340,31,75,120,0.46,0.91,637,413,185,42,36,22,0.53,1.0,5,0,0
575,124,412,68,111,0.87,0.53,968,483,152,54,88,21,0.86,0.8,0,0,1
330,44,418,69,104,0.92,0.44,514,257,241,30,13,24,0.86,0.4,3,1,1
774,121,356,41,70,0.49,0.89,221,281,124,70,115,0,0.3,0.9,1,0,1
350,29,233,71,100,0.27,0.57,619,376,269,71,12,18,0.45,0.4,5,0,0
367,178,258,72,31,0.91,0.36,826,70,63,74,72,24,0.92,0.6,1,1,1
760,330,307,31,28,0.13,0.68,389,455,299,49,40,2,0.74,0.6,1,0,0
620,118,304,77,86,0.04,0.61,968,135,118,79,47,25,0.53,0.4,2,0,0
347,361,475,57,37,0.43,0.76,797,546,295,73,22,7,0.82,0.8,1,1,1
362,345,187,48,62,0.85,0.91,227,163,35,70,120,22,0.4,0.6,0,0,1
129,73,384,70,33,0.37,0.48,593,74,146,50,89,3,0.76,0.8,10,1,0
685,392,58,47,65,0.22,0.75,650,320,188,36,119,9,0.71,1.0,0,0,1
228,13,52,59,94,0.25,0.96,574,491,117,45,28,22,0.63,1.0,10,1,0
704,162,108,63,61,0.22,0.85,866,123,179,76,101,9,0.68,0.6,10,0,0
442,264,187,63,44,0.2,0.95,568,180,119,72,65,23,0.74,0.4,5,0,0
110,173,289,49,42,0.06,0.57,700,210,287,55,87,1,0.73,0.4,10,0,0
243,168,308,79,7,0.7,0.38,556,483,120,64,13,22,0.73,0.4,2,1,0
177,84,399,49,102,0.52,0.6,713,63,231,50,78,1,0.77,0.9,0,0,1
110,46,472,49,104,0.51,0.81,921,173,173,51,3,12,0.94,0.4,0,0,0
523,74,99,32,78,0.09,0.85,801,325,36,42,112,11,0.54,0.9,10,0,0
683,364,178,64,87,0.74,0.36,508,512,213,68,29,12,0.84,0.9,3,0,0
391,381,402,51,50,0.21,0.49,128,297,51,57,115,9,0.69,0.4,1,1,1
459,370,235,67,77,0.19,0.6,738,484,285,68,95,1,0.33,0.6,0,1,1
156,219,91,72,27,0.21,0.93,981,320,177,55,83,4,0.57,1.0,5,0,0
257,169,56,72,81,0.87,0.37,821,408,299,73,46,8,0.51,1.0,5,1,0
119,142,483,55,118,0.37,0.64,648,220,61,75,9,22,0.4,0.9,10,1,0
592,19,169,70,100,0.85,0.6,167,530,237,35,64,3,0.43,0.4,10,0,1
259,36,491,72,120,0.47,0.32,639,271,108,46,20,17,0.92,0.6,2,0,0
547,237,436,48,80,0.33,0.43,823,120,217,37,8,23,0.44,0.8,10,1,0
480,149,426,47,105,0.07,0.52,142,289,207,30,100,24,0.51,1.0,5,0,1
81,331,327,51,39,0.34,0.67,297,507,186,45,58,14,0.31,0.8,0,1,1
600,166,282,53,113,0.02,0.86,741,410,15,32,77,4,0.47,1.0,10,1,0
770,21,457,31,95,0.19,0.48,850,423,227,51,17,1,0.3,1.0,0,1,1
70,372,97,71,63,0.38,0.99,957,513,42,80,65,2,0.93,0.9,1,0,0
370,273,265,50,109,0.66,0.64,341,576,54,62,93,14,0.7,0.9,0,0,1
709,332,195,64,63,0.1,0.85,422,244,33,73,68,17,0.44,1.0,0,0,1
537,279,277,77,119,0.6,0.86,905,52,158,52,36,22,0.31,0.6,0,0,1
550,302,324,46,30,0.48,0.82,461,565,68,70,55,2,0.48,0.8,10,1,0
78,35,380,75,41,0.76,0.34,600,572,83,45,50,25,0.8,0.8,2,0,0
713,283,193,61,109,0.89,0.41,524,48,13,31,92,10,0.52,0.6,0,0,1
131,374,114,50,97,0.86,0.95,133,295,271,49,111,13,0.5,0.6,5,1,0
77,118,479,37,73,0.57,0.91,287,358,251,64,82,4,0.31,1.0,0,0,1
698,136,118,41,41,0.07,0.53,978,599,146,68,117,5,0.52,0.9,5,0,0
197,113,497,38,65,0.83,0.68,177,453,66,66,107,21,0.91,0.6,3,1,0
540,121,239,50,52,0.37,0.74,761,416,79,55,34,20,0.99,1.0,0,0,1
205,145,386,59,93,0.31,0.72,784,559,80,55,79,20,0.77,0.8,10,0,0
386,65,379,38,108,0.39,0.55,569,576,102,44,34,2,0.76,0.6,0,0,1
476,31,270,78,65,0.05,0.88,860,566,261,39,60,2,0.33,0.4,3,0,1
736,46,308,53,115,0.68,0.73,625,235,217,62,47,13,0.32,1.0,0,1,1
181,189,362,80,50,0.92,0.32,901,253,76,71,20,22,0.64,0.8,2,1,0
571,81,350,69,79,0.92,0.5,543,584,284,59,68,9,0.4,0.8,1,0,1
204,374,320,50,113,0.92,0.68,972,451,209,63,24,10,0.88,1.0,5,1,0
729,390,47,36,78,0.02,0.8,190,114,222,79,104,23,0.87,0.8,1,0,0
300,308,111,73,97,0.29,0.59,248,433,157,35,88,13,0.83,0.9,3,0,1
481,368,381,78,70,0.68,0.38,412,429,150,61,57,24,0.45,0.9,0,0,1
146,64,214,64,9,0.86,0.94,250,271,49,52,94,1,0.67,0.4,3,0,0
